# Blender v3.6.0 OBJ File: '6.blend'
# www.blender.org
o Circle.004
v -0.118977 2.505990 -0.030205
v -0.269468 2.644777 -0.225466
v -0.133658 2.530331 -0.032855
v -0.149078 2.553468 -0.039323
v -0.164923 2.574933 -0.049479
v -0.180871 2.594287 -0.063115
v -0.196596 2.611136 -0.079955
v -0.211779 2.625139 -0.099654
v -0.226110 2.636008 -0.121813
v -0.239298 2.643523 -0.145980
v -0.251075 2.647532 -0.171663
v -0.261200 2.647953 -0.198339
v 0.080990 2.644777 -0.319371
v 0.048292 2.505990 -0.075025
v 0.087393 2.647953 -0.291745
v 0.091963 2.647532 -0.263580
v 0.094605 2.643523 -0.235449
v 0.095267 2.636008 -0.207926
v 0.093935 2.625139 -0.181570
v 0.090636 2.611136 -0.156918
v 0.085438 2.594287 -0.134473
v 0.078445 2.574933 -0.114689
v 0.069801 2.553468 -0.097972
v 0.059681 2.530331 -0.084660
v -0.243369 2.658406 -0.234947
v -0.107089 2.512199 -0.034524
v -0.235245 2.661507 -0.207768
v -0.225551 2.660861 -0.180935
v -0.214483 2.656482 -0.154995
v -0.202267 2.648459 -0.130475
v -0.189150 2.636955 -0.107875
v -0.175401 2.622204 -0.087654
v -0.161299 2.604507 -0.070225
v -0.147131 2.584224 -0.055942
v -0.133186 2.561768 -0.045096
v -0.119747 2.537595 -0.037908
v -0.214138 2.669658 -0.244833
v -0.096214 2.516385 -0.038202
v -0.206201 2.672687 -0.217591
v -0.197064 2.671827 -0.190570
v -0.186911 2.667096 -0.164320
v -0.175950 2.658590 -0.139376
v -0.164403 2.646482 -0.116245
v -0.152506 2.631018 -0.095398
v -0.140500 2.612514 -0.077260
v -0.128631 2.591346 -0.062200
v -0.117140 2.567945 -0.050524
v -0.106260 2.542787 -0.042470
v -0.182370 2.678304 -0.254924
v -0.081745 2.520323 -0.042798
v -0.174610 2.681285 -0.227626
v -0.165997 2.680282 -0.200438
v -0.156707 2.675316 -0.173914
v -0.146928 2.666488 -0.148594
v -0.136860 2.653977 -0.124993
v -0.126708 2.638039 -0.103592
v -0.116679 2.618997 -0.084826
v -0.106976 2.597239 -0.069078
v -0.097797 2.573209 -0.056667
v -0.089329 2.547395 -0.047847
v -0.148713 2.684167 -0.265013
v -0.064628 2.523305 -0.047929
v -0.141121 2.687119 -0.237664
v -0.133010 2.686029 -0.210326
v -0.124544 2.680920 -0.183555
v -0.115896 2.671895 -0.157896
v -0.107243 2.659137 -0.133871
v -0.098760 2.642908 -0.111970
v -0.090620 2.623537 -0.092638
v -0.082988 2.601418 -0.076268
v -0.076020 2.577003 -0.063195
v -0.069858 2.550787 -0.053684
v -0.113850 2.687129 -0.274895
v -0.045882 2.524897 -0.053242
v -0.106423 2.690067 -0.247500
v -0.098800 2.688935 -0.220023
v -0.091138 2.683757 -0.193024
v -0.083593 2.674639 -0.167053
v -0.076317 2.661764 -0.142637
v -0.069460 2.645397 -0.120275
v -0.063160 2.625870 -0.100421
v -0.057547 2.603579 -0.083480
v -0.052734 2.578981 -0.069796
v -0.048819 2.552574 -0.059648
v -0.078493 2.687129 -0.284369
v -0.026530 2.524897 -0.058428
v -0.071228 2.690067 -0.256930
v -0.064091 2.688935 -0.229323
v -0.057227 2.683757 -0.202110
v -0.050776 2.674639 -0.175846
v -0.044869 2.661764 -0.151064
v -0.039627 2.645397 -0.128269
v -0.035155 2.625870 -0.107925
v -0.031546 2.603579 -0.090447
v -0.028872 2.578981 -0.076189
v -0.027189 2.552574 -0.065443
v -0.043361 2.684167 -0.293242
v -0.007635 2.523304 -0.063200
v -0.036261 2.687119 -0.265761
v -0.029616 2.686029 -0.238030
v -0.023562 2.680919 -0.210613
v -0.018221 2.671894 -0.184068
v -0.013703 2.659137 -0.158935
v -0.010099 2.642908 -0.135726
v -0.007482 2.623536 -0.114914
v -0.005906 2.601418 -0.096922
v -0.005403 2.577002 -0.082117
v -0.005984 2.550786 -0.070799
v -0.009168 2.678304 -0.301333
v 0.009751 2.520323 -0.067314
v -0.002239 2.681285 -0.273812
v 0.003896 2.680282 -0.245960
v 0.009112 2.675316 -0.218345
v 0.013303 2.666488 -0.191528
v 0.016385 2.653977 -0.166055
v 0.018294 2.638039 -0.142445
v 0.018991 2.618997 -0.121179
v 0.018462 2.597239 -0.102689
v 0.016718 2.573209 -0.087352
v 0.013795 2.547395 -0.075479
v 0.023389 2.669658 -0.308478
v 0.024579 2.516385 -0.070568
v 0.030137 2.672687 -0.280918
v 0.035734 2.671827 -0.252948
v 0.040067 2.667096 -0.225139
v 0.043046 2.658590 -0.198056
v 0.044612 2.646482 -0.172250
v 0.044732 2.631018 -0.148248
v 0.043404 2.612514 -0.126537
v 0.040655 2.591346 -0.107560
v 0.036541 2.567945 -0.091702
v 0.031146 2.542787 -0.079288
v 0.053647 2.658406 -0.314532
v 0.035837 2.512199 -0.072821
v 0.060201 2.661507 -0.286933
v 0.065222 2.660861 -0.258848
v 0.068607 2.656482 -0.230849
v 0.070287 2.648459 -0.203506
v 0.070228 2.636955 -0.177375
v 0.068432 2.622204 -0.152989
v 0.064934 2.604507 -0.130844
v 0.059805 2.584224 -0.111391
v 0.053151 2.561768 -0.095025
v 0.045107 2.537595 -0.082081
v -2.179127 1.489651 0.497091
v -2.018908 1.356750 0.688670
v -2.170760 1.492888 0.524180
v -2.160339 1.492646 0.550744
v -2.148078 1.488930 0.576244
v -2.134224 1.481817 0.600159
v -2.119061 1.471450 0.622003
v -2.102897 1.458042 0.641331
v -2.086061 1.441865 0.657750
v -2.068895 1.423248 0.670926
v -2.051750 1.402570 0.680589
v -2.034974 1.380252 0.686545
v -2.095803 1.209060 0.736234
v -2.340234 1.180213 0.596746
v -2.123853 1.209544 0.741522
v -2.152370 1.209311 0.742829
v -2.180773 1.208365 0.740129
v -2.208484 1.206727 0.733477
v -2.234939 1.204430 0.723008
v -2.259600 1.201519 0.708935
v -2.281963 1.198055 0.691545
v -2.301575 1.194109 0.671192
v -2.318036 1.189759 0.648290
v -2.331010 1.185096 0.623305
v -2.029918 1.349107 0.693016
v -2.203298 1.472872 0.506630
v -2.047856 1.371310 0.691629
v -2.066468 1.392354 0.686398
v -2.085372 1.411810 0.677429
v -2.104186 1.429283 0.664904
v -2.122526 1.444416 0.649078
v -2.140018 1.456903 0.630274
v -2.156307 1.466488 0.608874
v -2.171060 1.472977 0.585314
v -2.183978 1.476237 0.560073
v -2.194798 1.476202 0.533666
v -2.038656 1.341429 0.696758
v -2.226787 1.452235 0.516691
v -2.058694 1.361788 0.696271
v -2.079362 1.381025 0.691921
v -2.100238 1.398749 0.683796
v -2.120899 1.414599 0.672062
v -2.140924 1.428252 0.656958
v -2.159904 1.439431 0.638792
v -2.177453 1.447908 0.617932
v -2.193215 1.453511 0.594804
v -2.206869 1.456125 0.569878
v -2.218136 1.455697 0.543663
v -2.048826 1.330463 0.701485
v -2.249113 1.428160 0.527068
v -2.070593 1.348956 0.701802
v -2.092956 1.366365 0.698240
v -2.115458 1.382337 0.690870
v -2.137641 1.396545 0.679844
v -2.159054 1.408702 0.665385
v -2.179260 1.418558 0.647788
v -2.197850 1.425914 0.627412
v -2.214443 1.430621 0.604670
v -2.228702 1.432581 0.580027
v -2.240338 1.431755 0.553983
v -2.059357 1.316722 0.706816
v -2.269823 1.401138 0.537550
v -2.082574 1.333324 0.707866
v -2.106355 1.348882 0.705022
v -2.130218 1.363078 0.698341
v -2.153676 1.375624 0.687959
v -2.176251 1.386263 0.674089
v -2.197485 1.394780 0.657012
v -2.216944 1.401000 0.637076
v -2.234233 1.404798 0.614687
v -2.249000 1.406096 0.590300
v -2.260945 1.404868 0.564412
v -2.069400 1.300899 0.712395
v -2.288495 1.371718 0.547924
v -2.093844 1.315566 0.714127
v -2.118829 1.329229 0.711951
v -2.143845 1.341607 0.705912
v -2.168384 1.352450 0.696131
v -2.191945 1.361536 0.682808
v -2.214049 1.368681 0.666215
v -2.234246 1.373739 0.646689
v -2.252126 1.376607 0.624627
v -2.267323 1.377227 0.600480
v -2.279529 1.375586 0.574737
v -2.078294 1.283815 0.717897
v -2.304749 1.340499 0.557978
v -2.103786 1.296471 0.720277
v -2.129797 1.308163 0.718736
v -2.155797 1.318651 0.713304
v -2.181257 1.327724 0.704094
v -2.205658 1.335195 0.691291
v -2.228505 1.340914 0.675157
v -2.249332 1.344764 0.656020
v -2.267714 1.346665 0.634270
v -2.283278 1.346581 0.610349
v -2.295708 1.344511 0.584745
v -2.085557 1.266400 0.723022
v -2.318254 1.308117 0.567508
v -2.111938 1.276926 0.726029
v -2.138818 1.286531 0.725102
v -2.165653 1.295018 0.720260
v -2.191895 1.302217 0.711600
v -2.217009 1.307979 0.699301
v -2.240485 1.312188 0.683611
v -2.261846 1.314757 0.664851
v -2.280655 1.315636 0.643402
v -2.296531 1.314805 0.619701
v -2.309149 1.312281 0.594230
v -2.090887 1.249678 0.727503
v -2.328735 1.275231 0.576320
v -2.118001 1.257903 0.731126
v -2.145599 1.265255 0.730803
v -2.173123 1.271582 0.726539
v -2.200009 1.276756 0.718423
v -2.225713 1.280672 0.706618
v -2.249708 1.283250 0.691365
v -2.271509 1.284438 0.672975
v -2.290671 1.284211 0.651822
v -2.306803 1.282574 0.628337
v -2.319578 1.279560 0.602998
v -2.094186 1.234775 0.731107
v -2.335979 1.242510 0.584234
v -2.121861 1.240465 0.735344
v -2.150010 1.245332 0.735622
v -2.178060 1.249277 0.731934
v -2.205441 1.252220 0.724357
v -2.231595 1.254101 0.713044
v -2.255989 1.254881 0.698226
v -2.278127 1.254545 0.680205
v -2.297558 1.253100 0.659347
v -2.313887 1.250575 0.636076
v -2.326782 1.247021 0.610868
v -2.095622 1.222907 0.733658
v -2.339837 1.210621 0.591089
v -2.123642 1.225748 0.738508
v -2.152129 1.227824 0.739385
v -2.180503 1.229092 0.736273
v -2.208187 1.229528 0.729235
v -2.234617 1.229122 0.718414
v -2.259256 1.227883 0.704030
v -2.281601 1.225835 0.686377
v -2.301198 1.223020 0.665813
v -2.317648 1.219497 0.642757
v -2.330616 1.215335 0.617679
v -2.234801 -1.130037 0.990225
v -1.990907 -1.089424 1.127710
v -2.225583 -1.125034 1.016763
v -2.212625 -1.120014 1.041687
v -2.196191 -1.115078 1.064490
v -2.176616 -1.110327 1.084706
v -2.154298 -1.105857 1.101924
v -2.129692 -1.101760 1.115795
v -2.103298 -1.098118 1.126035
v -2.075655 -1.095007 1.132437
v -2.047323 -1.092489 1.134869
v -2.018881 -1.090615 1.133283
v -1.900532 -1.237114 1.130454
v -2.045450 -1.439475 0.995976
v -1.914421 -1.261324 1.136455
v -1.929064 -1.285748 1.138460
v -1.944164 -1.309889 1.136430
v -1.959413 -1.333256 1.130405
v -1.974502 -1.355372 1.120508
v -1.989122 -1.375788 1.106941
v -2.002977 -1.394088 1.089979
v -2.015785 -1.409899 1.069969
v -2.027283 -1.422901 1.047316
v -2.037240 -1.432827 1.022483
v -1.989463 -1.103272 1.129850
v -2.231630 -1.160445 0.994926
v -2.017191 -1.106820 1.135788
v -2.045392 -1.111002 1.137731
v -2.073493 -1.115734 1.135641
v -2.100920 -1.120919 1.129560
v -2.127116 -1.126452 1.119612
v -2.151548 -1.132220 1.106000
v -2.173719 -1.138106 1.089000
v -2.193175 -1.143990 1.068959
v -2.209523 -1.149751 1.046285
v -2.222429 -1.155274 1.021438
v -1.986943 -1.115139 1.131342
v -2.224860 -1.192334 0.998933
v -2.014067 -1.121536 1.137637
v -2.041675 -1.128510 1.139931
v -2.069207 -1.135918 1.138178
v -2.096103 -1.143611 1.132412
v -2.121814 -1.151431 1.122751
v -2.145817 -1.159219 1.109393
v -2.167624 -1.166817 1.092608
v -2.186790 -1.174069 1.072739
v -2.202926 -1.180830 1.050190
v -2.215702 -1.186959 1.025420
v -1.982284 -1.130042 1.132814
v -2.214629 -1.225055 1.002165
v -2.008615 -1.138975 1.139359
v -2.035446 -1.148433 1.141899
v -2.062234 -1.158223 1.140381
v -2.088432 -1.168147 1.134835
v -2.113507 -1.178002 1.125376
v -2.136947 -1.187587 1.112195
v -2.158278 -1.196709 1.095561
v -2.177063 -1.205180 1.075812
v -2.192921 -1.212829 1.053351
v -2.205529 -1.219499 1.028634
v -1.975428 -1.146764 1.134029
v -2.201147 -1.257941 1.004556
v -2.000816 -1.157997 1.140742
v -2.026723 -1.169709 1.143446
v -2.052625 -1.181660 1.142084
v -2.077993 -1.193608 1.136686
v -2.102311 -1.205309 1.127361
v -2.125083 -1.216525 1.114299
v -2.145847 -1.227029 1.097765
v -2.164179 -1.236605 1.078097
v -2.179707 -1.245060 1.055694
v -2.192114 -1.252220 1.031013
v -1.966575 -1.164180 1.134836
v -2.184686 -1.290323 1.006057
v -1.990880 -1.177543 1.141648
v -2.015727 -1.191341 1.144448
v -2.040612 -1.205293 1.143180
v -2.065027 -1.219115 1.137868
v -2.088476 -1.232525 1.128622
v -2.110481 -1.245252 1.115630
v -2.130594 -1.257035 1.099155
v -2.148406 -1.267635 1.079534
v -2.163554 -1.276835 1.057166
v -2.175730 -1.284450 1.032506
v -1.956122 -1.181263 1.135154
v -2.165583 -1.321542 1.006637
v -1.979195 -1.196638 1.142003
v -2.002836 -1.212407 1.144840
v -2.026565 -1.228248 1.143606
v -2.049897 -1.243841 1.138328
v -2.072358 -1.258866 1.129112
v -2.093490 -1.273018 1.116146
v -2.112864 -1.286010 1.099694
v -2.130084 -1.297576 1.080091
v -2.144801 -1.307482 1.057736
v -2.156715 -1.315525 1.033084
v -1.944635 -1.197086 1.134964
v -2.144226 -1.350962 1.006285
v -1.966304 -1.214396 1.141790
v -1.988569 -1.232060 1.144604
v -2.010978 -1.249720 1.143349
v -2.033074 -1.267015 1.138050
v -2.054408 -1.283593 1.128816
v -2.074544 -1.299117 1.115834
v -2.093073 -1.313272 1.099368
v -2.109619 -1.325768 1.079754
v -2.123844 -1.336351 1.057390
v -2.135458 -1.344807 1.032733
v -1.932849 -1.210828 1.134315
v -2.121049 -1.377984 1.005007
v -1.952897 -1.230027 1.141051
v -1.973574 -1.249543 1.143778
v -1.994460 -1.268978 1.142439
v -2.015130 -1.287936 1.137061
v -2.035162 -1.306032 1.127755
v -2.054149 -1.322896 1.114709
v -2.071705 -1.338186 1.098190
v -2.087472 -1.351590 1.078533
v -2.101129 -1.362836 1.056138
v -2.112398 -1.371694 1.031463
v -1.921679 -1.221794 1.133324
v -2.096526 -1.402059 1.002831
v -1.939826 -1.242859 1.139892
v -1.958642 -1.264203 1.142453
v -1.977743 -1.285390 1.140955
v -1.996740 -1.305990 1.135430
v -2.015247 -1.325582 1.125988
v -2.032887 -1.343769 1.112823
v -2.049301 -1.360180 1.096202
v -2.064155 -1.374480 1.076464
v -2.077146 -1.386380 1.054010
v -2.088010 -1.395635 1.029298
v -1.912240 -1.229472 1.132196
v -2.071154 -1.422696 0.999800
v -1.928120 -1.252381 1.138493
v -1.944714 -1.275532 1.140789
v -1.961685 -1.298451 1.139037
v -1.978687 -1.320674 1.133273
v -1.995374 -1.341746 1.123614
v -2.011407 -1.361241 1.110256
v -2.026459 -1.378759 1.093473
v -2.040223 -1.393946 1.073604
v -2.052420 -1.406492 1.051056
v -2.062800 -1.416140 1.026286
v -0.030360 -2.594600 0.666898
v 0.104293 -2.386355 0.803053
v -0.022253 -2.587892 0.693423
v -0.012608 -2.577787 0.718307
v -0.001621 -2.564493 0.741043
v 0.010484 -2.548279 0.761168
v 0.023461 -2.529476 0.778273
v 0.037046 -2.508466 0.792009
v 0.050963 -2.485678 0.802098
v 0.064927 -2.461574 0.808333
v 0.078654 -2.436647 0.810587
v 0.091866 -2.411402 0.808815
v 0.271563 -2.386355 0.758233
v 0.320098 -2.594600 0.572994
v 0.285206 -2.411402 0.757010
v 0.297534 -2.436647 0.751938
v 0.308295 -2.461574 0.743122
v 0.317271 -2.485678 0.730741
v 0.324279 -2.508466 0.715046
v 0.329175 -2.529476 0.696357
v 0.331861 -2.548279 0.675055
v 0.332282 -2.564493 0.651574
v 0.330429 -2.577787 0.626390
v 0.326340 -2.587892 0.600018
v 0.116749 -2.392563 0.800849
v -0.003016 -2.608230 0.662060
v 0.106440 -2.418667 0.806236
v 0.095304 -2.444946 0.807641
v 0.083567 -2.470866 0.805034
v 0.071467 -2.495898 0.798469
v 0.059251 -2.519534 0.788080
v 0.047168 -2.541293 0.774078
v 0.035464 -2.560730 0.756748
v 0.024377 -2.577452 0.736442
v 0.014132 -2.591116 0.713575
v 0.004939 -2.601445 0.688611
v 0.128006 -2.396749 0.798597
v 0.027242 -2.619482 0.656006
v 0.120401 -2.423859 0.803443
v 0.111914 -2.451123 0.804318
v 0.102717 -2.477987 0.801203
v 0.092997 -2.503905 0.794162
v 0.082951 -2.528348 0.783339
v 0.072785 -2.550819 0.768953
v 0.062706 -2.570861 0.751298
v 0.052917 -2.588065 0.730732
v 0.043620 -2.602082 0.707675
v 0.035003 -2.612626 0.682597
v 0.142834 -2.400687 0.795342
v 0.059798 -2.628128 0.648861
v 0.137753 -2.428466 0.799635
v 0.131737 -2.456387 0.799967
v 0.124910 -2.483881 0.796332
v 0.117410 -2.510387 0.788804
v 0.109389 -2.535368 0.777536
v 0.101012 -2.558315 0.762758
v 0.092448 -2.578759 0.744770
v 0.083872 -2.596285 0.723938
v 0.075459 -2.610537 0.700688
v 0.067380 -2.621223 0.675491
v 0.160223 -2.403669 0.791227
v 0.093991 -2.633991 0.640769
v 0.157533 -2.431859 0.794954
v 0.153861 -2.460181 0.794732
v 0.149279 -2.488060 0.790565
v 0.143883 -2.514928 0.782539
v 0.137782 -2.540238 0.770817
v 0.131100 -2.563475 0.755638
v 0.123973 -2.584166 0.737310
v 0.116546 -2.601889 0.716206
v 0.108971 -2.616284 0.692757
v 0.101401 -2.627058 0.667440
v 0.179115 -2.405262 0.786456
v 0.129124 -2.636953 0.631896
v 0.178736 -2.433646 0.789599
v 0.177328 -2.462159 0.788805
v 0.174918 -2.490221 0.784090
v 0.171556 -2.517260 0.775550
v 0.167309 -2.542727 0.763360
v 0.162266 -2.566102 0.747766
v 0.156527 -2.586910 0.729088
v 0.150211 -2.604727 0.707704
v 0.143446 -2.619190 0.684050
v 0.136368 -2.630006 0.658608
v 0.198467 -2.405262 0.781271
v 0.164481 -2.636953 0.622422
v 0.200366 -2.433646 0.783803
v 0.201189 -2.462159 0.782411
v 0.200919 -2.490221 0.777123
v 0.199561 -2.517260 0.768046
v 0.197143 -2.542727 0.755366
v 0.193714 -2.566102 0.739340
v 0.189344 -2.586910 0.720295
v 0.184122 -2.604727 0.698618
v 0.178155 -2.619190 0.674750
v 0.171563 -2.630006 0.649178
v 0.217216 -2.403669 0.775956
v 0.199343 -2.633991 0.612540
v 0.221408 -2.431858 0.777839
v 0.224477 -2.460180 0.775810
v 0.226361 -2.488059 0.769911
v 0.227021 -2.514927 0.760262
v 0.226443 -2.540237 0.747060
v 0.224640 -2.563474 0.730573
v 0.221648 -2.584165 0.711138
v 0.217528 -2.601889 0.689148
v 0.212364 -2.616284 0.665053
v 0.206261 -2.627058 0.639343
v 0.234330 -2.400687 0.770826
v 0.233001 -2.628128 0.602452
v 0.240877 -2.428466 0.772003
v 0.246252 -2.456387 0.769283
v 0.250348 -2.483881 0.762721
v 0.253079 -2.510387 0.752451
v 0.254391 -2.535368 0.738683
v 0.254257 -2.558315 0.721696
v 0.252679 -2.578759 0.701836
v 0.249691 -2.596285 0.679507
v 0.245351 -2.610537 0.655165
v 0.239750 -2.621223 0.629304
v 0.248799 -2.396749 0.766230
v 0.264768 -2.619482 0.592361
v 0.257808 -2.423859 0.766625
v 0.265595 -2.451123 0.763139
v 0.272003 -2.477987 0.755843
v 0.276901 -2.503905 0.744885
v 0.280188 -2.528348 0.730489
v 0.281800 -2.550819 0.712948
v 0.281701 -2.570861 0.692618
v 0.279895 -2.588065 0.669914
v 0.276418 -2.602082 0.645297
v 0.271342 -2.612626 0.619270
v 0.259674 -2.392563 0.762552
v 0.293999 -2.608230 0.582475
v 0.271295 -2.418667 0.762063
v 0.281642 -2.444946 0.757712
v 0.290503 -2.470866 0.749586
v 0.297700 -2.495898 0.737850
v 0.303084 -2.519534 0.722745
v 0.306547 -2.541293 0.704578
v 0.308018 -2.560730 0.683717
v 0.307467 -2.577452 0.660588
v 0.304906 -2.591116 0.635662
v 0.300386 -2.601445 0.609447
v 2.229757 -1.439475 -0.149563
v 2.171494 -1.237114 0.039358
v 2.235900 -1.432827 -0.122501
v 2.239694 -1.422901 -0.096017
v 2.241062 -1.409899 -0.070650
v 2.239976 -1.394088 -0.046917
v 2.236458 -1.375788 -0.025300
v 2.230580 -1.355372 -0.006240
v 2.222461 -1.333256 0.009875
v 2.212267 -1.309889 0.022718
v 2.200206 -1.285748 0.032026
v 2.186521 -1.261324 0.037611
v 2.248388 -1.089424 -0.008206
v 2.390864 -1.130037 -0.249218
v 2.275400 -1.090615 -0.017367
v 2.300825 -1.092489 -0.030214
v 2.324145 -1.095007 -0.046486
v 2.344884 -1.098118 -0.065852
v 2.362622 -1.101760 -0.087917
v 2.376997 -1.105857 -0.112232
v 2.387715 -1.110327 -0.138303
v 2.394559 -1.115078 -0.165598
v 2.397390 -1.120014 -0.193563
v 2.396150 -1.125034 -0.221626
v 2.182503 -1.229472 0.035013
v 2.253929 -1.422696 -0.159102
v 2.199404 -1.252381 0.032526
v 2.214923 -1.275532 0.026217
v 2.228745 -1.298451 0.016215
v 2.240587 -1.320674 0.002722
v 2.250209 -1.341746 -0.013987
v 2.257415 -1.361241 -0.033571
v 2.262058 -1.378759 -0.055632
v 2.264044 -1.393946 -0.079720
v 2.263333 -1.406492 -0.105346
v 2.259938 -1.416140 -0.131988
v 2.191242 -1.221794 0.031270
v 2.277417 -1.402059 -0.169163
v 2.210242 -1.242859 0.027884
v 2.227817 -1.264203 0.020694
v 2.243610 -1.285390 0.009847
v 2.257299 -1.305990 -0.004437
v 2.268606 -1.325582 -0.021867
v 2.277301 -1.343769 -0.042089
v 2.283205 -1.360180 -0.064690
v 2.286200 -1.374480 -0.089210
v 2.286223 -1.386380 -0.115151
v 2.283276 -1.395635 -0.141984
v 2.201411 -1.210828 0.026543
v 2.299743 -1.377984 -0.179540
v 2.222141 -1.230027 0.022353
v 2.241411 -1.249543 0.014376
v 2.258830 -1.268978 0.002773
v 2.274041 -1.287936 -0.012219
v 2.286736 -1.306032 -0.030294
v 2.296657 -1.322896 -0.051086
v 2.303601 -1.338186 -0.074170
v 2.307427 -1.351590 -0.099077
v 2.308057 -1.362836 -0.125299
v 2.305478 -1.371694 -0.152304
v 2.211943 -1.197086 0.021213
v 2.320453 -1.350962 -0.190023
v 2.234121 -1.214396 0.016290
v 2.254811 -1.232060 0.007594
v 2.273590 -1.249720 -0.004697
v 2.290076 -1.267015 -0.020334
v 2.303934 -1.283593 -0.038998
v 2.314882 -1.299117 -0.060310
v 2.322696 -1.313272 -0.083834
v 2.327218 -1.325768 -0.109093
v 2.328355 -1.336351 -0.135573
v 2.326085 -1.344807 -0.162734
v 2.221985 -1.181263 0.015633
v 2.339125 -1.321542 -0.200396
v 2.245392 -1.196638 0.010028
v 2.267284 -1.212407 0.000664
v 2.287217 -1.228248 -0.012268
v 2.304784 -1.243841 -0.028506
v 2.319628 -1.258866 -0.047717
v 2.331446 -1.273018 -0.069512
v 2.339998 -1.286010 -0.093447
v 2.345110 -1.297576 -0.119034
v 2.346677 -1.307482 -0.145752
v 2.344669 -1.315525 -0.173058
v 2.230880 -1.164180 0.010131
v 2.355379 -1.290323 -0.210450
v 2.255333 -1.177543 0.003878
v 2.278252 -1.191341 -0.006120
v 2.299169 -1.205293 -0.019661
v 2.317657 -1.219115 -0.036469
v 2.333341 -1.232525 -0.056200
v 2.345902 -1.245252 -0.078454
v 2.355083 -1.257035 -0.102778
v 2.360698 -1.267635 -0.128677
v 2.362633 -1.276835 -0.155622
v 2.360848 -1.284450 -0.183066
v 2.238143 -1.146764 0.005006
v 2.368884 -1.257941 -0.219980
v 2.263485 -1.157997 -0.001874
v 2.287274 -1.169709 -0.012487
v 2.309025 -1.181660 -0.026616
v 2.328295 -1.193608 -0.043975
v 2.344692 -1.205309 -0.064210
v 2.357882 -1.216525 -0.086909
v 2.367597 -1.227029 -0.111609
v 2.373640 -1.236605 -0.137809
v 2.375885 -1.245060 -0.164974
v 2.374290 -1.252220 -0.192551
v 2.243472 -1.130042 0.000526
v 2.379365 -1.225055 -0.228792
v 2.269548 -1.138975 -0.006971
v 2.294055 -1.148433 -0.018187
v 2.316495 -1.158223 -0.032896
v 2.336410 -1.168147 -0.050797
v 2.353395 -1.178002 -0.071527
v 2.367105 -1.187587 -0.094662
v 2.377261 -1.196709 -0.119733
v 2.383655 -1.205180 -0.146229
v 2.386158 -1.212829 -0.173610
v 2.384718 -1.219499 -0.201319
v 2.246772 -1.115139 -0.003079
v 2.386609 -1.192334 -0.236706
v 2.273408 -1.121536 -0.011189
v 2.298465 -1.128510 -0.023006
v 2.321432 -1.135918 -0.038291
v 2.341841 -1.143611 -0.056732
v 2.359277 -1.151431 -0.077953
v 2.373386 -1.159219 -0.101524
v 2.383878 -1.166817 -0.126963
v 2.390543 -1.174069 -0.153753
v 2.393242 -1.180830 -0.181349
v 2.391922 -1.186959 -0.209189
v 2.248208 -1.103272 -0.005630
v 2.390468 -1.160445 -0.243561
v 2.275189 -1.106820 -0.014352
v 2.300584 -1.111002 -0.026770
v 2.323875 -1.115734 -0.042630
v 2.344587 -1.120919 -0.061610
v 2.362300 -1.126452 -0.083323
v 2.376653 -1.132220 -0.107328
v 2.387353 -1.138106 -0.133135
v 2.394182 -1.143990 -0.160220
v 2.397002 -1.149751 -0.188030
v 2.395756 -1.155274 -0.216000
v 2.285432 1.180213 -0.642697
v 2.143492 1.209060 -0.399681
v 2.290723 1.185096 -0.615085
v 2.291980 1.189759 -0.586960
v 2.289175 1.194109 -0.558896
v 2.282368 1.198055 -0.531464
v 2.271695 1.201519 -0.505222
v 2.257375 1.204430 -0.480704
v 2.239699 1.206727 -0.458410
v 2.219027 1.208365 -0.438793
v 2.195779 1.209311 -0.422253
v 2.170429 1.209544 -0.409127
v 2.053118 1.356750 -0.402426
v 2.096081 1.489651 -0.648448
v 2.065968 1.380252 -0.412299
v 2.077519 1.402570 -0.425845
v 2.087536 1.423248 -0.442787
v 2.095814 1.441865 -0.462780
v 2.102185 1.458042 -0.485417
v 2.106519 1.471450 -0.510238
v 2.108729 1.481817 -0.536737
v 2.108769 1.488930 -0.564375
v 2.106638 1.492646 -0.592589
v 2.102380 1.492888 -0.620805
v 2.142048 1.222907 -0.401822
v 2.282260 1.210621 -0.647398
v 2.168738 1.225748 -0.411632
v 2.193848 1.227824 -0.425116
v 2.216865 1.229092 -0.441998
v 2.237320 1.229528 -0.461935
v 2.254799 1.229122 -0.484522
v 2.268945 1.227883 -0.509297
v 2.279470 1.225835 -0.535758
v 2.286160 1.223020 -0.563366
v 2.288878 1.219497 -0.591557
v 2.287569 1.215335 -0.619760
v 2.139529 1.234775 -0.403313
v 2.275491 1.242510 -0.651406
v 2.165614 1.240465 -0.413481
v 2.190131 1.245332 -0.427316
v 2.212579 1.249277 -0.444534
v 2.232503 1.252220 -0.464787
v 2.249496 1.254101 -0.487660
v 2.263214 1.254881 -0.512690
v 2.273375 1.254545 -0.539366
v 2.279774 1.253100 -0.567146
v 2.282280 1.250575 -0.595463
v 2.280843 1.247021 -0.623741
v 2.134870 1.249678 -0.404785
v 2.265260 1.275231 -0.654637
v 2.160162 1.257903 -0.415204
v 2.183902 1.265255 -0.429284
v 2.205606 1.271582 -0.446737
v 2.224832 1.276756 -0.467210
v 2.241189 1.280672 -0.490285
v 2.254344 1.283250 -0.515492
v 2.264029 1.284438 -0.542319
v 2.270047 1.284211 -0.570219
v 2.272276 1.282574 -0.598624
v 2.270669 1.279560 -0.626955
v 2.128014 1.266400 -0.406001
v 2.251778 1.308117 -0.657028
v 2.152363 1.276926 -0.416587
v 2.175179 1.286531 -0.430830
v 2.195997 1.295018 -0.448441
v 2.214393 1.302217 -0.469061
v 2.229994 1.307979 -0.492270
v 2.242480 1.312188 -0.517596
v 2.251599 1.314757 -0.544523
v 2.257164 1.315636 -0.572503
v 2.259061 1.314805 -0.600966
v 2.257254 1.312281 -0.629334
v 2.119161 1.283815 -0.406808
v 2.235317 1.340499 -0.658529
v 2.142427 1.296471 -0.417493
v 2.164183 1.308163 -0.431833
v 2.183984 1.318651 -0.449536
v 2.201427 1.327724 -0.470243
v 2.216158 1.335195 -0.493531
v 2.227878 1.340914 -0.518927
v 2.236346 1.344764 -0.545913
v 2.241390 1.346665 -0.573941
v 2.242909 1.346581 -0.602439
v 2.240870 1.344511 -0.630828
v 2.108707 1.300899 -0.407125
v 2.216213 1.371718 -0.659109
v 2.130743 1.315566 -0.417847
v 2.151292 1.329229 -0.432224
v 2.169937 1.341607 -0.449963
v 2.186297 1.352450 -0.470702
v 2.200041 1.361536 -0.494021
v 2.210886 1.368681 -0.519443
v 2.218615 1.373739 -0.546452
v 2.223068 1.376607 -0.574497
v 2.224156 1.377227 -0.603009
v 2.221855 1.375586 -0.631405
v 2.097221 1.316722 -0.406936
v 2.194856 1.401138 -0.658757
v 2.117852 1.333324 -0.417635
v 2.137025 1.348882 -0.431989
v 2.154350 1.363078 -0.449706
v 2.169474 1.375624 -0.470425
v 2.182090 1.386263 -0.493725
v 2.191941 1.394780 -0.519131
v 2.198825 1.401000 -0.546126
v 2.202603 1.404798 -0.574160
v 2.203199 1.406096 -0.602663
v 2.200598 1.404868 -0.631055
v 2.085435 1.330463 -0.406286
v 2.171680 1.428160 -0.657480
v 2.104445 1.348956 -0.416896
v 2.122030 1.366365 -0.431162
v 2.137832 1.382337 -0.448795
v 2.151530 1.396545 -0.469436
v 2.162845 1.408702 -0.492664
v 2.171546 1.418558 -0.518007
v 2.177457 1.425914 -0.544948
v 2.180456 1.430621 -0.572939
v 2.180483 1.432581 -0.601411
v 2.177538 1.431755 -0.629784
v 2.074264 1.341429 -0.405295
v 2.147156 1.452235 -0.655303
v 2.091374 1.361788 -0.415736
v 2.107097 1.381025 -0.429837
v 2.121114 1.398749 -0.447312
v 2.133141 1.414599 -0.467804
v 2.142930 1.428252 -0.490897
v 2.150284 1.439431 -0.516120
v 2.155053 1.447908 -0.542960
v 2.157139 1.453511 -0.570870
v 2.156501 1.456125 -0.599283
v 2.153150 1.455697 -0.627620
v 2.064825 1.349107 -0.404167
v 2.121784 1.472872 -0.652272
v 2.079667 1.371310 -0.414337
v 2.093169 1.392354 -0.428173
v 2.105057 1.411810 -0.445394
v 2.115087 1.429283 -0.465647
v 2.123057 1.444416 -0.488523
v 2.128804 1.456903 -0.513554
v 2.132210 1.466488 -0.540231
v 2.133207 1.472977 -0.568011
v 2.131774 1.476237 -0.596329
v 2.127941 1.476202 -0.624608
v -0.354386 2.586924 -0.542386
v -0.305851 2.378678 -0.727625
v -0.360628 2.580215 -0.569410
v -0.364717 2.570111 -0.595782
v -0.366570 2.556816 -0.620966
v -0.366149 2.540602 -0.644447
v -0.363463 2.521800 -0.665749
v -0.358566 2.500790 -0.684438
v -0.351559 2.478001 -0.700133
v -0.342583 2.453898 -0.712514
v -0.331822 2.428970 -0.721331
v -0.319494 2.403726 -0.726402
v -0.293962 2.384887 -0.731944
v -0.328287 2.600553 -0.551867
v -0.305583 2.410990 -0.731456
v -0.315930 2.437269 -0.727104
v -0.324791 2.463189 -0.718978
v -0.331987 2.488222 -0.707243
v -0.337372 2.511858 -0.692137
v -0.340835 2.533616 -0.673970
v -0.342306 2.553054 -0.653109
v -0.341755 2.569775 -0.629980
v -0.339194 2.583440 -0.605054
v -0.334674 2.593769 -0.578839
v -0.283087 2.389073 -0.735622
v -0.299056 2.611805 -0.561753
v -0.292096 2.416182 -0.736017
v -0.299883 2.443446 -0.732531
v -0.306291 2.470311 -0.725235
v -0.311189 2.496228 -0.714277
v -0.314476 2.520671 -0.699881
v -0.316088 2.543143 -0.682340
v -0.315989 2.563184 -0.662010
v -0.314183 2.580389 -0.639306
v -0.310706 2.594405 -0.614689
v -0.305630 2.604949 -0.588662
v -0.268618 2.393010 -0.740218
v -0.267288 2.620451 -0.571844
v -0.275165 2.420789 -0.741395
v -0.280540 2.448710 -0.738675
v -0.284636 2.476204 -0.732113
v -0.287367 2.502711 -0.721844
v -0.288679 2.527692 -0.708075
v -0.288545 2.550638 -0.691088
v -0.286967 2.571083 -0.671228
v -0.283979 2.588609 -0.648900
v -0.279639 2.602860 -0.624557
v -0.274038 2.613547 -0.598696
v -0.251501 2.395993 -0.745349
v -0.233631 2.626315 -0.581932
v -0.255694 2.424182 -0.747231
v -0.258764 2.452505 -0.745203
v -0.260648 2.480383 -0.739304
v -0.261308 2.507251 -0.729655
v -0.260731 2.532562 -0.716453
v -0.258928 2.555798 -0.699966
v -0.255936 2.576489 -0.680530
v -0.251816 2.594213 -0.658540
v -0.246652 2.608608 -0.634445
v -0.240549 2.619381 -0.608735
v -0.232755 2.397585 -0.750663
v -0.198769 2.629277 -0.591815
v -0.234654 2.425969 -0.753195
v -0.235477 2.454483 -0.751803
v -0.235207 2.482544 -0.746515
v -0.233849 2.509584 -0.737438
v -0.231431 2.535050 -0.724758
v -0.228002 2.558425 -0.708732
v -0.223632 2.579233 -0.689687
v -0.218410 2.597050 -0.668010
v -0.212442 2.611514 -0.644142
v -0.205851 2.622329 -0.618570
v -0.213403 2.397585 -0.755848
v -0.163412 2.629277 -0.601288
v -0.213024 2.425969 -0.758991
v -0.211616 2.454483 -0.758197
v -0.209206 2.482544 -0.753482
v -0.205844 2.509584 -0.744942
v -0.201597 2.535050 -0.732752
v -0.196554 2.558425 -0.717158
v -0.190815 2.579233 -0.698480
v -0.184499 2.597050 -0.677096
v -0.177734 2.611514 -0.653442
v -0.170656 2.622329 -0.628001
v -0.194509 2.395992 -0.760620
v -0.128279 2.626315 -0.610161
v -0.191819 2.424181 -0.764346
v -0.188147 2.452504 -0.764124
v -0.183566 2.480383 -0.759958
v -0.178170 2.507251 -0.751931
v -0.172069 2.532561 -0.740209
v -0.165387 2.555798 -0.725030
v -0.158261 2.576488 -0.706702
v -0.150834 2.594212 -0.685598
v -0.143259 2.608607 -0.662149
v -0.135689 2.619381 -0.636832
v -0.177122 2.393010 -0.764734
v -0.094086 2.620451 -0.618253
v -0.172041 2.420789 -0.769027
v -0.166025 2.448710 -0.769359
v -0.159198 2.476204 -0.765724
v -0.151698 2.502711 -0.758196
v -0.143677 2.527692 -0.746928
v -0.135300 2.550638 -0.732150
v -0.126736 2.571083 -0.714162
v -0.118160 2.588609 -0.693330
v -0.109747 2.602860 -0.670080
v -0.101668 2.613547 -0.644883
v -0.162294 2.389073 -0.767989
v -0.061530 2.611805 -0.625398
v -0.154690 2.416182 -0.772835
v -0.146202 2.443446 -0.773710
v -0.137005 2.470311 -0.770595
v -0.127285 2.496228 -0.763554
v -0.117239 2.520671 -0.752731
v -0.107073 2.543143 -0.738345
v -0.096994 2.563184 -0.720690
v -0.087205 2.580389 -0.700124
v -0.077908 2.594405 -0.677067
v -0.069291 2.604949 -0.651989
v -0.151037 2.384887 -0.770241
v -0.031272 2.600553 -0.631452
v -0.140728 2.410990 -0.775628
v -0.129592 2.437269 -0.777033
v -0.117854 2.463189 -0.774426
v -0.105755 2.488222 -0.767861
v -0.093539 2.511858 -0.757472
v -0.081456 2.533616 -0.743470
v -0.069752 2.553054 -0.726140
v -0.058665 2.569775 -0.705834
v -0.048420 2.583440 -0.682967
v -0.039227 2.593769 -0.658004
v -0.138581 2.378678 -0.772445
v -0.003928 2.586924 -0.636290
v -0.126154 2.403726 -0.778207
v -0.112942 2.428970 -0.779979
v -0.099215 2.453898 -0.777725
v -0.085250 2.478001 -0.771490
v -0.071334 2.500790 -0.761401
v -0.057749 2.521800 -0.747665
v -0.044772 2.540602 -0.730560
v -0.032667 2.556816 -0.710435
v -0.021680 2.570111 -0.687699
v -0.012035 2.580215 -0.662815
v -2.205781 1.229438 -0.008750
v -2.264045 1.431799 0.180171
v -2.220809 1.253647 -0.007003
v -2.234493 1.278072 -0.001418
v -2.246555 1.302213 0.007890
v -2.256749 1.325579 0.020733
v -2.264868 1.347696 0.036848
v -2.270746 1.368111 0.055908
v -2.274264 1.386411 0.077525
v -2.275350 1.402223 0.101258
v -2.273982 1.415224 0.126625
v -2.270188 1.425150 0.153109
v -2.288217 1.415020 0.189710
v -2.216791 1.221795 -0.004405
v -2.294226 1.408464 0.162596
v -2.297621 1.398815 0.135954
v -2.298332 1.386269 0.110328
v -2.296346 1.371083 0.086240
v -2.291703 1.353564 0.064179
v -2.284497 1.334070 0.044595
v -2.274874 1.312997 0.027886
v -2.263032 1.290775 0.014393
v -2.249211 1.267855 0.004390
v -2.233692 1.244705 -0.001918
v -2.311705 1.394383 0.199771
v -2.225529 1.214117 -0.000662
v -2.317564 1.387959 0.172592
v -2.320511 1.378703 0.145759
v -2.320487 1.366804 0.119818
v -2.317493 1.352503 0.095298
v -2.311589 1.336092 0.072697
v -2.302894 1.317906 0.052475
v -2.291587 1.298313 0.035045
v -2.277898 1.277713 0.020761
v -2.262105 1.256526 0.009914
v -2.244529 1.235183 0.002724
v -2.334031 1.370308 0.210148
v -2.235699 1.203151 0.004065
v -2.339766 1.364017 0.182912
v -2.342345 1.355159 0.155907
v -2.341715 1.343913 0.129685
v -2.337889 1.330509 0.104778
v -2.330945 1.315219 0.081694
v -2.321024 1.298355 0.060902
v -2.308329 1.280260 0.042827
v -2.293118 1.261302 0.027835
v -2.275699 1.241867 0.016232
v -2.256429 1.222351 0.008255
v -2.354741 1.343285 0.220630
v -2.246231 1.189410 0.009395
v -2.360373 1.337130 0.193341
v -2.362643 1.328675 0.166181
v -2.361506 1.318091 0.139701
v -2.356984 1.305595 0.114442
v -2.349169 1.291441 0.090918
v -2.338222 1.275916 0.069606
v -2.324364 1.259338 0.050942
v -2.307878 1.242043 0.035305
v -2.289099 1.224384 0.023014
v -2.268409 1.206719 0.014318
v -2.373413 1.313865 0.231004
v -2.256273 1.173587 0.014975
v -2.378957 1.307848 0.203666
v -2.380965 1.299805 0.176360
v -2.379397 1.289900 0.149642
v -2.374285 1.278333 0.124055
v -2.365733 1.265342 0.100120
v -2.353915 1.251189 0.078325
v -2.339072 1.236164 0.059113
v -2.321504 1.220572 0.042876
v -2.301572 1.204730 0.029944
v -2.279679 1.188961 0.020580
v -2.389667 1.282646 0.241058
v -2.265167 1.156503 0.020476
v -2.395136 1.276773 0.213674
v -2.396921 1.269159 0.186230
v -2.394986 1.259958 0.159285
v -2.389371 1.249358 0.133386
v -2.380190 1.237575 0.109062
v -2.367629 1.224849 0.086808
v -2.351945 1.211438 0.067077
v -2.333456 1.197616 0.050269
v -2.312540 1.183664 0.036728
v -2.289621 1.169866 0.026730
v -2.403172 1.250264 0.250588
v -2.272430 1.139088 0.025602
v -2.408577 1.244543 0.223159
v -2.410173 1.237383 0.195582
v -2.407928 1.228929 0.168417
v -2.401885 1.219352 0.142217
v -2.392170 1.208849 0.117517
v -2.378980 1.197632 0.094818
v -2.362583 1.185931 0.074583
v -2.343313 1.173983 0.057224
v -2.321562 1.162032 0.043095
v -2.297773 1.150321 0.032482
v -2.413653 1.217378 0.259400
v -2.277760 1.122366 0.030082
v -2.419006 1.211822 0.231927
v -2.420446 1.205152 0.204218
v -2.417943 1.197503 0.176837
v -2.411549 1.189032 0.150341
v -2.401393 1.179911 0.125270
v -2.387683 1.170325 0.102135
v -2.370697 1.160470 0.081405
v -2.350782 1.150547 0.063504
v -2.328342 1.140756 0.048795
v -2.303836 1.131298 0.037579
v -2.420897 1.184658 0.267314
v -2.281059 1.107463 0.033687
v -2.426210 1.179283 0.239797
v -2.427530 1.173153 0.211957
v -2.424830 1.166393 0.184361
v -2.418166 1.159140 0.157571
v -2.407674 1.151542 0.132132
v -2.393565 1.143754 0.108561
v -2.376129 1.135934 0.087340
v -2.355720 1.128242 0.068899
v -2.332753 1.120833 0.053614
v -2.307696 1.113860 0.041796
v -2.424756 1.152768 0.274169
v -2.282495 1.095595 0.036238
v -2.430044 1.147597 0.246608
v -2.431290 1.142075 0.218638
v -2.428470 1.136313 0.190828
v -2.421641 1.130429 0.163743
v -2.410941 1.124544 0.137936
v -2.396588 1.118775 0.113931
v -2.378875 1.113242 0.092218
v -2.358163 1.108057 0.073238
v -2.334872 1.103325 0.057378
v -2.309477 1.099143 0.044960
v -2.425152 1.122360 0.279826
v -2.282676 1.081748 0.038814
v -2.430438 1.117358 0.252234
v -2.431678 1.112337 0.224170
v -2.428847 1.107401 0.196206
v -2.422003 1.102650 0.168911
v -2.411284 1.098180 0.142840
v -2.396910 1.094083 0.118525
v -2.379172 1.090441 0.096460
v -2.358433 1.087330 0.077094
v -2.335113 1.084812 0.060822
v -2.309688 1.082939 0.047975
v -2.177780 -1.216737 0.430289
v -2.319720 -1.187890 0.673305
v -2.204716 -1.217220 0.439735
v -2.230067 -1.216987 0.452861
v -2.253314 -1.216042 0.469401
v -2.273987 -1.214404 0.489018
v -2.291663 -1.212106 0.511312
v -2.305983 -1.209196 0.535830
v -2.316656 -1.205732 0.562072
v -2.323463 -1.201785 0.589504
v -2.326267 -1.197436 0.617568
v -2.325011 -1.192772 0.645693
v -2.316548 -1.218298 0.678006
v -2.176336 -1.230584 0.432430
v -2.321857 -1.223012 0.650368
v -2.323165 -1.227173 0.622165
v -2.320447 -1.230697 0.593974
v -2.313758 -1.233511 0.566366
v -2.303233 -1.235559 0.539905
v -2.289087 -1.236799 0.515129
v -2.271608 -1.237205 0.492543
v -2.251153 -1.236769 0.472606
v -2.228136 -1.235500 0.455724
v -2.203026 -1.233425 0.442240
v -2.309779 -1.250187 0.682014
v -2.173817 -1.242451 0.433921
v -2.315130 -1.254697 0.654349
v -2.316568 -1.258251 0.626071
v -2.314062 -1.260777 0.597754
v -2.307663 -1.262222 0.569974
v -2.297502 -1.262558 0.543298
v -2.283784 -1.261777 0.518268
v -2.266791 -1.259897 0.495395
v -2.246867 -1.256953 0.475142
v -2.224419 -1.253008 0.457924
v -2.199902 -1.248141 0.444089
v -2.299548 -1.282907 0.685245
v -2.169158 -1.257354 0.435393
v -2.304957 -1.287236 0.657563
v -2.306564 -1.290250 0.629232
v -2.304335 -1.291887 0.600827
v -2.298317 -1.292114 0.572927
v -2.288632 -1.290926 0.546100
v -2.275477 -1.288348 0.520893
v -2.259120 -1.284432 0.497818
v -2.239894 -1.279258 0.477345
v -2.218190 -1.272931 0.459891
v -2.194450 -1.265580 0.445812
v -2.286066 -1.315794 0.687636
v -2.162302 -1.274076 0.436609
v -2.291542 -1.319958 0.659942
v -2.293349 -1.322481 0.631574
v -2.291451 -1.323313 0.603111
v -2.285887 -1.322434 0.575131
v -2.276768 -1.319864 0.548204
v -2.264282 -1.315656 0.522878
v -2.248681 -1.309893 0.499669
v -2.230285 -1.302695 0.479049
v -2.209467 -1.294207 0.461438
v -2.186651 -1.284602 0.447195
v -2.269605 -1.348176 0.689137
v -2.153449 -1.291492 0.437416
v -2.275158 -1.352188 0.661435
v -2.277197 -1.354257 0.633047
v -2.275678 -1.354342 0.604549
v -2.270633 -1.352440 0.576521
v -2.262166 -1.348591 0.549535
v -2.250446 -1.342872 0.524139
v -2.235715 -1.335400 0.500851
v -2.218272 -1.326328 0.480144
v -2.198471 -1.315839 0.462441
v -2.176715 -1.304148 0.448100
v -2.250501 -1.379395 0.689717
v -2.142995 -1.308575 0.437733
v -2.256143 -1.383263 0.662013
v -2.258444 -1.384904 0.633617
v -2.257356 -1.384284 0.605105
v -2.252903 -1.381415 0.577060
v -2.245175 -1.376357 0.550051
v -2.234329 -1.369213 0.524629
v -2.220586 -1.360126 0.501310
v -2.204225 -1.349283 0.480571
v -2.185580 -1.336905 0.462832
v -2.165031 -1.323243 0.448455
v -2.229144 -1.408815 0.689365
v -2.131509 -1.324398 0.437544
v -2.234886 -1.412544 0.661663
v -2.237486 -1.413773 0.633271
v -2.236891 -1.412475 0.604768
v -2.233113 -1.408677 0.576734
v -2.226228 -1.402456 0.549739
v -2.216378 -1.393940 0.524333
v -2.203762 -1.383300 0.501033
v -2.188638 -1.370755 0.480314
v -2.171313 -1.356559 0.462597
v -2.152140 -1.341001 0.448243
v -2.205968 -1.435837 0.688087
v -2.119723 -1.338140 0.436894
v -2.211826 -1.439432 0.660392
v -2.214771 -1.440257 0.632019
v -2.214744 -1.438297 0.603547
v -2.211745 -1.433591 0.575556
v -2.205834 -1.426235 0.548615
v -2.197133 -1.416378 0.523272
v -2.185818 -1.404222 0.500044
v -2.172120 -1.390013 0.479403
v -2.156317 -1.374042 0.461770
v -2.138732 -1.356632 0.447504
v -2.181444 -1.459912 0.685911
v -2.108552 -1.349106 0.435903
v -2.187438 -1.463373 0.658228
v -2.190789 -1.463801 0.629891
v -2.191427 -1.461187 0.601478
v -2.189341 -1.455585 0.573568
v -2.184572 -1.447108 0.546728
v -2.177218 -1.435929 0.521505
v -2.167428 -1.422275 0.498412
v -2.155402 -1.406425 0.477920
v -2.141385 -1.388701 0.460445
v -2.125662 -1.369464 0.446344
v -2.156072 -1.480549 0.682880
v -2.099113 -1.356784 0.434775
v -2.162229 -1.483878 0.655216
v -2.166062 -1.483913 0.626937
v -2.167495 -1.480653 0.598619
v -2.166498 -1.474165 0.570839
v -2.163092 -1.464580 0.544162
v -2.157345 -1.452093 0.519131
v -2.149375 -1.436959 0.496255
v -2.139345 -1.419486 0.476002
v -2.127457 -1.400030 0.458781
v -2.113955 -1.378986 0.444945
v -2.130369 -1.497328 0.679056
v -2.087406 -1.364426 0.433034
v -2.136668 -1.500564 0.651413
v -2.140926 -1.500322 0.623197
v -2.143057 -1.496607 0.594983
v -2.143017 -1.489493 0.567345
v -2.140807 -1.479127 0.540846
v -2.136473 -1.465719 0.516025
v -2.130101 -1.449541 0.493388
v -2.121824 -1.430924 0.473395
v -2.111807 -1.410247 0.456453
v -2.100256 -1.387929 0.442907
v -0.082580 -2.513667 0.105633
v -0.115278 -2.652453 0.349979
v -0.093969 -2.538007 0.115268
v -0.104089 -2.561145 0.128580
v -0.112733 -2.582609 0.145297
v -0.119726 -2.601964 0.165081
v -0.124924 -2.618813 0.187526
v -0.128223 -2.632815 0.212178
v -0.129555 -2.643684 0.238534
v -0.128893 -2.651200 0.266057
v -0.126251 -2.655209 0.294188
v -0.121681 -2.655630 0.322352
v -0.087935 -2.666083 0.345140
v -0.070125 -2.519875 0.103429
v -0.094489 -2.669183 0.317541
v -0.099510 -2.668538 0.289456
v -0.102895 -2.664159 0.261457
v -0.104575 -2.656136 0.234114
v -0.104516 -2.644632 0.207983
v -0.102720 -2.629881 0.183597
v -0.099221 -2.612184 0.161452
v -0.094093 -2.591901 0.141999
v -0.087439 -2.569444 0.125633
v -0.079395 -2.545272 0.112689
v -0.057677 -2.677335 0.339086
v -0.058867 -2.524061 0.101176
v -0.064425 -2.680364 0.311526
v -0.070022 -2.679504 0.283556
v -0.074355 -2.674773 0.255747
v -0.077334 -2.666266 0.228664
v -0.078900 -2.654158 0.202858
v -0.079020 -2.638695 0.178856
v -0.077692 -2.620191 0.157145
v -0.074943 -2.599022 0.138168
v -0.070829 -2.575621 0.122310
v -0.065434 -2.550464 0.109896
v -0.025120 -2.685980 0.331941
v -0.044039 -2.527999 0.097922
v -0.032049 -2.688961 0.304420
v -0.038183 -2.687958 0.276568
v -0.043400 -2.682992 0.248953
v -0.047591 -2.674165 0.222136
v -0.050673 -2.661654 0.196663
v -0.052582 -2.645715 0.173053
v -0.053279 -2.626673 0.151787
v -0.052750 -2.604916 0.133297
v -0.051006 -2.580885 0.117960
v -0.048082 -2.555071 0.106087
v 0.009073 -2.691844 0.323850
v -0.026650 -2.530982 0.093807
v 0.001973 -2.694796 0.296369
v -0.004672 -2.693706 0.268638
v -0.010726 -2.688596 0.241221
v -0.016066 -2.679571 0.214676
v -0.020585 -2.666814 0.189543
v -0.024189 -2.650585 0.166334
v -0.026805 -2.631214 0.145522
v -0.028380 -2.609095 0.127530
v -0.028883 -2.584680 0.112724
v -0.028302 -2.558464 0.101407
v 0.044205 -2.694806 0.314977
v -0.007758 -2.532574 0.089036
v 0.036940 -2.697744 0.287538
v 0.029803 -2.696612 0.259931
v 0.022939 -2.691434 0.232718
v 0.016488 -2.682315 0.206454
v 0.010581 -2.669441 0.181672
v 0.005339 -2.653074 0.158877
v 0.000867 -2.633546 0.138533
v -0.002742 -2.611256 0.121055
v -0.005416 -2.586658 0.106797
v -0.007099 -2.560251 0.096051
v 0.079562 -2.694806 0.305503
v 0.011594 -2.532574 0.083850
v 0.072135 -2.697744 0.278108
v 0.064512 -2.696612 0.250631
v 0.056850 -2.691434 0.223632
v 0.049305 -2.682315 0.197661
v 0.042029 -2.669441 0.173245
v 0.035172 -2.653074 0.150883
v 0.028872 -2.633546 0.131029
v 0.023259 -2.611256 0.114088
v 0.018446 -2.586658 0.100404
v 0.014531 -2.560251 0.090256
v 0.114425 -2.691844 0.295621
v 0.030343 -2.530981 0.078536
v 0.106833 -2.694796 0.268272
v 0.098722 -2.693706 0.240934
v 0.090256 -2.688596 0.214163
v 0.081609 -2.679570 0.188504
v 0.072956 -2.666813 0.164479
v 0.064473 -2.650584 0.142577
v 0.056333 -2.631213 0.123245
v 0.048701 -2.609094 0.106876
v 0.041734 -2.584679 0.093802
v 0.035573 -2.558463 0.084291
v 0.148082 -2.685980 0.285532
v 0.047457 -2.527999 0.073406
v 0.140322 -2.688961 0.258234
v 0.131709 -2.687958 0.231046
v 0.122419 -2.682992 0.204522
v 0.112640 -2.674165 0.179202
v 0.102572 -2.661654 0.155601
v 0.092420 -2.645715 0.134200
v 0.082391 -2.626673 0.115434
v 0.072688 -2.604916 0.099686
v 0.063509 -2.580885 0.087275
v 0.055041 -2.555071 0.078455
v 0.179850 -2.677335 0.275441
v 0.061926 -2.524061 0.068810
v 0.171913 -2.680364 0.248199
v 0.162776 -2.679504 0.221178
v 0.152623 -2.674773 0.194928
v 0.141662 -2.666266 0.169984
v 0.130115 -2.654158 0.146853
v 0.118218 -2.638695 0.126006
v 0.106212 -2.620191 0.107868
v 0.094343 -2.599022 0.092808
v 0.082852 -2.575621 0.081132
v 0.071972 -2.550464 0.073078
v 0.209081 -2.666083 0.265555
v 0.072801 -2.519875 0.065132
v 0.200957 -2.669183 0.238376
v 0.191263 -2.668538 0.211543
v 0.180195 -2.664159 0.185603
v 0.167979 -2.656136 0.161083
v 0.154862 -2.644632 0.138483
v 0.141113 -2.629881 0.118262
v 0.127011 -2.612184 0.100833
v 0.112843 -2.591901 0.086550
v 0.098898 -2.569444 0.075704
v 0.085460 -2.545272 0.068516
v 0.235180 -2.652453 0.256074
v 0.084689 -2.513667 0.060813
v 0.226912 -2.655630 0.228947
v 0.216787 -2.655209 0.202271
v 0.205010 -2.651200 0.176588
v 0.191822 -2.643684 0.152421
v 0.177491 -2.632815 0.130262
v 0.162308 -2.618813 0.110563
v 0.146583 -2.601964 0.093723
v 0.130635 -2.582609 0.080087
v 0.114790 -2.561145 0.069931
v 0.099371 -2.538007 0.063463
v 1.984620 -1.364426 -0.658062
v 2.144839 -1.497328 -0.466483
v 2.000686 -1.387929 -0.655937
v 2.017462 -1.410247 -0.649981
v 2.034607 -1.430924 -0.640318
v 2.051773 -1.449541 -0.627142
v 2.068609 -1.465719 -0.610723
v 2.084773 -1.479127 -0.591395
v 2.099936 -1.489493 -0.569551
v 2.113790 -1.496607 -0.545636
v 2.126052 -1.500322 -0.520136
v 2.136472 -1.500564 -0.493572
v 2.169010 -1.480549 -0.476022
v 1.995630 -1.356784 -0.662408
v 2.160510 -1.483878 -0.503058
v 2.149690 -1.483913 -0.529465
v 2.136772 -1.480653 -0.554706
v 2.122019 -1.474165 -0.578266
v 2.105730 -1.464580 -0.599666
v 2.088238 -1.452093 -0.618470
v 2.069898 -1.436959 -0.634296
v 2.051085 -1.419486 -0.646821
v 2.032180 -1.400030 -0.655790
v 2.013568 -1.378986 -0.661021
v 2.192499 -1.459912 -0.486083
v 2.004368 -1.349106 -0.666151
v 2.183848 -1.463373 -0.513055
v 2.172581 -1.463801 -0.539270
v 2.158927 -1.461187 -0.564196
v 2.143165 -1.455585 -0.587324
v 2.125616 -1.447108 -0.608184
v 2.106636 -1.435929 -0.626350
v 2.086611 -1.422275 -0.641454
v 2.065950 -1.406425 -0.653188
v 2.045074 -1.388701 -0.661313
v 2.024406 -1.369464 -0.665663
v 2.214825 -1.435837 -0.496460
v 2.014538 -1.338140 -0.670877
v 2.206050 -1.439432 -0.523375
v 2.194415 -1.440257 -0.549419
v 2.180155 -1.438297 -0.574062
v 2.163562 -1.433591 -0.596804
v 2.144972 -1.426235 -0.617180
v 2.124766 -1.416378 -0.634777
v 2.103353 -1.404222 -0.649236
v 2.081170 -1.390013 -0.660262
v 2.058668 -1.374042 -0.667632
v 2.036305 -1.356632 -0.671194
v 2.235535 -1.408815 -0.506942
v 2.025069 -1.324398 -0.676208
v 2.226657 -1.412544 -0.533804
v 2.214713 -1.413773 -0.559692
v 2.199945 -1.412475 -0.584079
v 2.182656 -1.408677 -0.606468
v 2.163197 -1.402456 -0.626404
v 2.141963 -1.393940 -0.643481
v 2.119388 -1.383300 -0.657352
v 2.095930 -1.370755 -0.667733
v 2.072067 -1.356559 -0.674414
v 2.048286 -1.341001 -0.677258
v 2.254207 -1.379395 -0.517316
v 2.035112 -1.308575 -0.681787
v 2.245241 -1.383263 -0.544129
v 2.233035 -1.384904 -0.569872
v 2.217837 -1.384284 -0.594019
v 2.199958 -1.381415 -0.616081
v 2.179760 -1.376357 -0.635607
v 2.157656 -1.369212 -0.652200
v 2.134095 -1.360126 -0.665523
v 2.109557 -1.349283 -0.675304
v 2.084541 -1.336905 -0.681343
v 2.059556 -1.323243 -0.683519
v 2.270461 -1.348176 -0.527370
v 2.044006 -1.291492 -0.687289
v 2.261420 -1.352188 -0.554137
v 2.248991 -1.354257 -0.579741
v 2.233426 -1.354342 -0.603662
v 2.215044 -1.352440 -0.625412
v 2.194217 -1.348591 -0.644549
v 2.171371 -1.342872 -0.660683
v 2.146969 -1.335400 -0.673486
v 2.121509 -1.326328 -0.682697
v 2.095509 -1.315839 -0.688128
v 2.069498 -1.304148 -0.689669
v 2.283966 -1.315794 -0.536900
v 2.051269 -1.274076 -0.692414
v 2.274861 -1.319958 -0.563622
v 2.262243 -1.322481 -0.589093
v 2.246367 -1.323312 -0.612794
v 2.227558 -1.322434 -0.634243
v 2.206198 -1.319864 -0.653003
v 2.182721 -1.315656 -0.668693
v 2.157607 -1.309893 -0.680992
v 2.131365 -1.302695 -0.689652
v 2.104530 -1.294207 -0.694494
v 2.077650 -1.284602 -0.695421
v 2.294447 -1.282907 -0.545712
v 2.056599 -1.257354 -0.696895
v 2.285290 -1.287236 -0.572390
v 2.272516 -1.290250 -0.597729
v 2.256383 -1.291887 -0.621214
v 2.237221 -1.292114 -0.642367
v 2.215420 -1.290926 -0.660757
v 2.191425 -1.288348 -0.676010
v 2.165721 -1.284432 -0.687815
v 2.138835 -1.279258 -0.695931
v 2.111311 -1.272931 -0.700195
v 2.083713 -1.265580 -0.700518
v 2.301691 -1.250187 -0.553626
v 2.059898 -1.242451 -0.700499
v 2.292494 -1.254697 -0.580260
v 2.279599 -1.258251 -0.605468
v 2.263270 -1.260777 -0.628739
v 2.243839 -1.262222 -0.649597
v 2.221701 -1.262558 -0.667618
v 2.197307 -1.261777 -0.682436
v 2.171153 -1.259897 -0.693749
v 2.143772 -1.256953 -0.701326
v 2.115722 -1.253008 -0.705014
v 2.087573 -1.248141 -0.704736
v 2.305549 -1.218298 -0.560481
v 2.061334 -1.230584 -0.703050
v 2.296328 -1.223012 -0.587071
v 2.283360 -1.227173 -0.612149
v 2.266910 -1.230697 -0.635205
v 2.247313 -1.233511 -0.655769
v 2.224968 -1.235559 -0.673422
v 2.200330 -1.236799 -0.687806
v 2.173899 -1.237205 -0.698627
v 2.146215 -1.236769 -0.705665
v 2.117841 -1.235500 -0.708777
v 2.089354 -1.233425 -0.707900
v 2.305946 -1.187890 -0.566138
v 2.061515 -1.216737 -0.705627
v 2.296722 -1.192772 -0.592697
v 2.283748 -1.197436 -0.617682
v 2.267287 -1.201785 -0.640584
v 2.247675 -1.205732 -0.660937
v 2.225312 -1.209196 -0.678327
v 2.200651 -1.212106 -0.692400
v 2.174196 -1.214404 -0.702869
v 2.146485 -1.216042 -0.709521
v 2.118082 -1.216987 -0.712221
v 2.089565 -1.217220 -0.710914
v 1.956619 1.081748 -1.097101
v 2.200513 1.122360 -0.959617
v 1.984593 1.082939 -1.102674
v 2.013035 1.084812 -1.104261
v 2.041367 1.087330 -1.101829
v 2.069010 1.090441 -1.095427
v 2.095404 1.094083 -1.085187
v 2.120010 1.098180 -1.071316
v 2.142328 1.102650 -1.054098
v 2.161903 1.107401 -1.033882
v 2.178337 1.112337 -1.011079
v 2.191295 1.117358 -0.986155
v 2.197342 1.152768 -0.964318
v 1.955175 1.095595 -1.099242
v 2.188141 1.147597 -0.990830
v 2.175235 1.142075 -1.015677
v 2.158887 1.136313 -1.038351
v 2.139431 1.130429 -1.058392
v 2.117260 1.124544 -1.075392
v 2.092829 1.118775 -1.089004
v 2.066632 1.113242 -1.098952
v 2.039205 1.108057 -1.105033
v 2.011104 1.103325 -1.107123
v 1.982903 1.099143 -1.105180
v 2.190572 1.184658 -0.968326
v 1.952656 1.107463 -1.100734
v 2.181414 1.179283 -0.994812
v 2.168638 1.173153 -1.019582
v 2.152502 1.166393 -1.042131
v 2.133336 1.159140 -1.062000
v 2.111529 1.151542 -1.078785
v 2.087526 1.143754 -1.092143
v 2.061815 1.135934 -1.101804
v 2.034920 1.128242 -1.107570
v 2.007387 1.120833 -1.109323
v 1.979779 1.113860 -1.107029
v 2.180341 1.217378 -0.971557
v 1.947996 1.122366 -1.102206
v 2.171241 1.211822 -0.998026
v 2.158633 1.205152 -1.022743
v 2.142775 1.197503 -1.045204
v 2.123990 1.189032 -1.064953
v 2.102659 1.179911 -1.081587
v 2.079219 1.170325 -1.094768
v 2.054144 1.160470 -1.104227
v 2.027946 1.150547 -1.109773
v 2.001159 1.140756 -1.111291
v 1.974327 1.131298 -1.108751
v 2.166859 1.250264 -0.973948
v 1.941141 1.139088 -1.103421
v 2.157826 1.244543 -1.000405
v 2.145419 1.237383 -1.025086
v 2.129891 1.228929 -1.047488
v 2.111559 1.219352 -1.067157
v 2.090795 1.208849 -1.083691
v 2.068023 1.197632 -1.096753
v 2.043705 1.185931 -1.106078
v 2.018337 1.173983 -1.111476
v 1.992436 1.162032 -1.112838
v 1.966528 1.150321 -1.110134
v 2.150398 1.282646 -0.975449
v 1.932288 1.156503 -1.104228
v 2.141442 1.276773 -1.001898
v 2.129267 1.269159 -1.026558
v 2.114118 1.259958 -1.048926
v 2.096306 1.249358 -1.068547
v 2.076193 1.237575 -1.085022
v 2.054188 1.224849 -1.098014
v 2.030739 1.211438 -1.107260
v 2.006324 1.197616 -1.112571
v 1.981439 1.183664 -1.113840
v 1.956592 1.169866 -1.111040
v 2.131295 1.313865 -0.976029
v 1.921834 1.173587 -1.104546
v 2.122427 1.307848 -1.002476
v 2.110513 1.299805 -1.027128
v 2.095796 1.289900 -1.049483
v 2.078576 1.278334 -1.069086
v 2.059202 1.265342 -1.085538
v 2.038070 1.251189 -1.098504
v 2.015610 1.236164 -1.107720
v 1.992277 1.220572 -1.112998
v 1.968549 1.204730 -1.114232
v 1.944908 1.188961 -1.111395
v 2.109938 1.343285 -0.975677
v 1.910347 1.189410 -1.104356
v 2.101170 1.337130 -1.002125
v 2.089556 1.328675 -1.026782
v 2.075331 1.318091 -1.049145
v 2.058785 1.305595 -1.068760
v 2.040256 1.291441 -1.085225
v 2.020120 1.275916 -1.098208
v 1.998786 1.259338 -1.107442
v 1.976691 1.242043 -1.112741
v 1.954282 1.224384 -1.113996
v 1.932016 1.206719 -1.111182
v 2.086761 1.370308 -0.974399
v 1.898561 1.203151 -1.103707
v 2.078110 1.364017 -1.000854
v 2.066841 1.355159 -1.025530
v 2.053184 1.343913 -1.047925
v 2.037417 1.330509 -1.067582
v 2.019861 1.315219 -1.084101
v 2.000874 1.298355 -1.097147
v 1.980842 1.280260 -1.106453
v 1.960173 1.261302 -1.111831
v 1.939286 1.241867 -1.113170
v 1.918609 1.222351 -1.110443
v 2.062238 1.394383 -0.972223
v 1.887391 1.214117 -1.102715
v 2.053722 1.387959 -0.998690
v 2.042858 1.378703 -1.023402
v 2.029867 1.366804 -1.045856
v 2.015013 1.352503 -1.065594
v 1.998599 1.336092 -1.082215
v 1.980959 1.317906 -1.095380
v 1.962452 1.298313 -1.104821
v 1.943455 1.277713 -1.110347
v 1.924354 1.256526 -1.111845
v 1.905538 1.235183 -1.109283
v 2.036866 1.415020 -0.969192
v 1.877952 1.221795 -1.101588
v 2.028512 1.408464 -0.995678
v 2.018132 1.398815 -1.020448
v 2.005935 1.386269 -1.042996
v 1.992171 1.371083 -1.062865
v 1.977119 1.353564 -1.079648
v 1.961087 1.334070 -1.093006
v 1.944399 1.312997 -1.102665
v 1.927397 1.290775 -1.108429
v 1.910426 1.267855 -1.110181
v 1.893832 1.244705 -1.107885
v 2.011163 1.431799 -0.965368
v 1.866245 1.229438 -1.099846
v 2.002952 1.425150 -0.991875
v 1.992996 1.415224 -1.016708
v 1.981497 1.402223 -1.039361
v 1.968689 1.386411 -1.059371
v 1.954834 1.368111 -1.076333
v 1.940214 1.347696 -1.089900
v 1.925125 1.325579 -1.099797
v 1.909876 1.302213 -1.105822
v 1.894776 1.278072 -1.107852
v 1.880133 1.253647 -1.105847
vt 0.000000 0.000000
vt 0.000000 0.000000
vt 0.000000 0.000000
vt 0.000000 0.000000
vt 0.000000 0.000000
vt 0.000000 0.000000
vt 0.000000 0.000000
vt 0.000000 0.000000
vt 0.000000 0.000000
vt 0.000000 0.000000
vt 0.000000 0.000000
vt 0.000000 0.000000
vt 0.000000 0.000000
vt 0.000000 0.000000
vt 0.000000 0.000000
vt 0.000000 0.000000
vt 0.000000 0.000000
vt 0.000000 0.000000
vt 0.000000 0.000000
vt 0.000000 0.000000
vt 0.000000 0.000000
vt 0.000000 0.000000
vt 0.000000 0.000000
vt 0.000000 0.000000
vt 0.000000 0.000000
vt 0.000000 0.000000
vt 0.000000 0.000000
vt 0.000000 0.000000
vt 0.000000 0.000000
vt 0.000000 0.000000
vt 0.000000 0.000000
vt 0.000000 0.000000
vt 0.000000 0.000000
vt 0.000000 0.000000
vt 0.000000 0.000000
vt 0.000000 0.000000
vt 0.000000 0.000000
vt 0.000000 0.000000
vt 0.000000 0.000000
vt 0.000000 0.000000
vt 0.000000 0.000000
vt 0.000000 0.000000
vt 0.000000 0.000000
vt 0.000000 0.000000
vt 0.000000 0.000000
vt 0.000000 0.000000
vt 0.000000 0.000000
vt 0.000000 0.000000
vt 0.000000 0.000000
vt 0.000000 0.000000
vt 0.000000 0.000000
vt 0.000000 0.000000
vt 0.000000 0.000000
vt 0.000000 0.000000
vt 0.000000 0.000000
vt 0.000000 0.000000
vt 0.000000 0.000000
vt 0.000000 0.000000
vt 0.000000 0.000000
vt 0.000000 0.000000
vt 0.000000 0.000000
vt 0.000000 0.000000
vt 0.000000 0.000000
vt 0.000000 0.000000
vt 0.000000 0.000000
vt 0.000000 0.000000
vt 0.000000 0.000000
vt 0.000000 0.000000
vt 0.000000 0.000000
vt 0.000000 0.000000
vt 0.000000 0.000000
vt 0.000000 0.000000
vt 0.000000 0.000000
vt 0.000000 0.000000
vt 0.000000 0.000000
vt 0.000000 0.000000
vt 0.000000 0.000000
vt 0.000000 0.000000
vt 0.000000 0.000000
vt 0.000000 0.000000
vt 0.000000 0.000000
vt 0.000000 0.000000
vt 0.000000 0.000000
vt 0.000000 0.000000
vt 0.000000 0.000000
vt 0.000000 0.000000
vt 0.000000 0.000000
vt 0.000000 0.000000
vt 0.000000 0.000000
vt 0.000000 0.000000
vt 0.000000 0.000000
vt 0.000000 0.000000
vt 0.000000 0.000000
vt 0.000000 0.000000
vt 0.000000 0.000000
vt 0.000000 0.000000
vt 0.000000 0.000000
vt 0.000000 0.000000
vt 0.000000 0.000000
vt 0.000000 0.000000
vt 0.000000 0.000000
vt 0.000000 0.000000
vt 0.000000 0.000000
vt 0.000000 0.000000
vt 0.000000 0.000000
vt 0.000000 0.000000
vt 0.000000 0.000000
vt 0.000000 0.000000
vt 0.000000 0.000000
vt 0.000000 0.000000
vt 0.000000 0.000000
vt 0.000000 0.000000
vt 0.000000 0.000000
vt 0.000000 0.000000
vt 0.000000 0.000000
vt 0.000000 0.000000
vt 0.000000 0.000000
vt 0.000000 0.000000
vt 0.000000 0.000000
vt 0.000000 0.000000
vt 0.000000 0.000000
vt 0.000000 0.000000
vt 0.000000 0.000000
vt 0.000000 0.000000
vt 0.000000 0.000000
vt 0.000000 0.000000
vt 0.000000 0.000000
vt 0.000000 0.000000
vt 0.000000 0.000000
vt 0.000000 0.000000
vt 0.000000 0.000000
vt 0.000000 0.000000
vt 0.000000 0.000000
vt 0.000000 0.000000
vt 0.000000 0.000000
vt 0.000000 0.000000
vt 0.000000 0.000000
vt 0.000000 0.000000
vt 0.000000 0.000000
vt 0.000000 0.000000
vt 0.000000 0.000000
vt 0.000000 0.000000
vt 0.000000 0.000000
vt 0.000000 0.000000
vt 0.000000 0.000000
vt 0.000000 0.000000
vt 0.000000 0.000000
vt 0.000000 0.000000
vt 0.000000 0.000000
vt 0.000000 0.000000
vt 0.000000 0.000000
vt 0.000000 0.000000
vt 0.000000 0.000000
vt 0.000000 0.000000
vt 0.000000 0.000000
vt 0.000000 0.000000
vt 0.000000 0.000000
vt 0.000000 0.000000
vt 0.000000 0.000000
vt 0.000000 0.000000
vt 0.000000 0.000000
vt 0.000000 0.000000
vt 0.000000 0.000000
vt 0.000000 0.000000
vt 0.000000 0.000000
vt 0.000000 0.000000
vt 0.000000 0.000000
vt 0.000000 0.000000
vt 0.000000 0.000000
vt 0.000000 0.000000
vt 0.000000 0.000000
vt 0.000000 0.000000
vt 0.000000 0.000000
vt 0.000000 0.000000
vt 0.000000 0.000000
vt 0.000000 0.000000
vt 0.000000 0.000000
vt 0.000000 0.000000
vt 0.000000 0.000000
vt 0.000000 0.000000
vt 0.000000 0.000000
vt 0.000000 0.000000
vt 0.000000 0.000000
vt 0.000000 0.000000
vt 0.000000 0.000000
vt 0.000000 0.000000
vt 0.000000 0.000000
vt 0.000000 0.000000
vt 0.000000 0.000000
vt 0.000000 0.000000
vt 0.000000 0.000000
vt 0.000000 0.000000
vt 0.000000 0.000000
vt 0.000000 0.000000
vt 0.000000 0.000000
vt 0.000000 0.000000
vt 0.000000 0.000000
vt 0.000000 0.000000
vt 0.000000 0.000000
vt 0.000000 0.000000
vt 0.000000 0.000000
vt 0.000000 0.000000
vt 0.000000 0.000000
vt 0.000000 0.000000
vt 0.000000 0.000000
vt 0.000000 0.000000
vt 0.000000 0.000000
vt 0.000000 0.000000
vt 0.000000 0.000000
vt 0.000000 0.000000
vt 0.000000 0.000000
vt 0.000000 0.000000
vt 0.000000 0.000000
vt 0.000000 0.000000
vt 0.000000 0.000000
vt 0.000000 0.000000
vt 0.000000 0.000000
vt 0.000000 0.000000
vt 0.000000 0.000000
vt 0.000000 0.000000
vt 0.000000 0.000000
vt 0.000000 0.000000
vt 0.000000 0.000000
vt 0.000000 0.000000
vt 0.000000 0.000000
vt 0.000000 0.000000
vt 0.000000 0.000000
vt 0.000000 0.000000
vt 0.000000 0.000000
vt 0.000000 0.000000
vt 0.000000 0.000000
vt 0.000000 0.000000
vt 0.000000 0.000000
vt 0.000000 0.000000
vt 0.000000 0.000000
vt 0.000000 0.000000
vt 0.000000 0.000000
vt 0.000000 0.000000
vt 0.000000 0.000000
vt 0.000000 0.000000
vt 0.000000 0.000000
vt 0.000000 0.000000
vt 0.000000 0.000000
vt 0.000000 0.000000
vt 0.000000 0.000000
vt 0.000000 0.000000
vt 0.000000 0.000000
vt 0.000000 0.000000
vt 0.000000 0.000000
vt 0.000000 0.000000
vt 0.000000 0.000000
vt 0.000000 0.000000
vt 0.000000 0.000000
vt 0.000000 0.000000
vt 0.000000 0.000000
vt 0.000000 0.000000
vt 0.000000 0.000000
vt 0.000000 0.000000
vt 0.000000 0.000000
vt 0.000000 0.000000
vt 0.000000 0.000000
vt 0.000000 0.000000
vt 0.000000 0.000000
vt 0.000000 0.000000
vt 0.000000 0.000000
vt 0.000000 0.000000
vt 0.000000 0.000000
vt 0.000000 0.000000
vt 0.000000 0.000000
vt 0.000000 0.000000
vt 0.000000 0.000000
vt 0.000000 0.000000
vt 0.000000 0.000000
vt 0.000000 0.000000
vt 0.000000 0.000000
vt 0.000000 0.000000
vt 0.000000 0.000000
vt 0.000000 0.000000
vt 0.000000 0.000000
vt 0.000000 0.000000
vt 0.000000 0.000000
vt 0.000000 0.000000
vt 0.000000 0.000000
vt 0.000000 0.000000
vt 0.000000 0.000000
vt 0.000000 0.000000
vt 0.000000 0.000000
vt 0.000000 0.000000
vt 0.000000 0.000000
vt 0.000000 0.000000
vt 0.000000 0.000000
vt 0.000000 0.000000
vt 0.000000 0.000000
vt 0.000000 0.000000
vt 0.000000 0.000000
vt 0.000000 0.000000
vt 0.000000 0.000000
vt 0.000000 0.000000
vt 0.000000 0.000000
vt 0.000000 0.000000
vt 0.000000 0.000000
vt 0.000000 0.000000
vt 0.000000 0.000000
vt 0.000000 0.000000
vt 0.000000 0.000000
vt 0.000000 0.000000
vt 0.000000 0.000000
vt 0.000000 0.000000
vt 0.000000 0.000000
vt 0.000000 0.000000
vt 0.000000 0.000000
vt 0.000000 0.000000
vt 0.000000 0.000000
vt 0.000000 0.000000
vt 0.000000 0.000000
vt 0.000000 0.000000
vt 0.000000 0.000000
vt 0.000000 0.000000
vt 0.000000 0.000000
vt 0.000000 0.000000
vt 0.000000 0.000000
vt 0.000000 0.000000
vt 0.000000 0.000000
vt 0.000000 0.000000
vt 0.000000 0.000000
vt 0.000000 0.000000
vt 0.000000 0.000000
vt 0.000000 0.000000
vt 0.000000 0.000000
vt 0.000000 0.000000
vt 0.000000 0.000000
vt 0.000000 0.000000
vt 0.000000 0.000000
vt 0.000000 0.000000
vt 0.000000 0.000000
vt 0.000000 0.000000
vt 0.000000 0.000000
vt 0.000000 0.000000
vt 0.000000 0.000000
vt 0.000000 0.000000
vt 0.000000 0.000000
vt 0.000000 0.000000
vt 0.000000 0.000000
vt 0.000000 0.000000
vt 0.000000 0.000000
vt 0.000000 0.000000
vt 0.000000 0.000000
vt 0.000000 0.000000
vt 0.000000 0.000000
vt 0.000000 0.000000
vt 0.000000 0.000000
vt 0.000000 0.000000
vt 0.000000 0.000000
vt 0.000000 0.000000
vt 0.000000 0.000000
vt 0.000000 0.000000
vt 0.000000 0.000000
vt 0.000000 0.000000
vt 0.000000 0.000000
vt 0.000000 0.000000
vt 0.000000 0.000000
vt 0.000000 0.000000
vt 0.000000 0.000000
vt 0.000000 0.000000
vt 0.000000 0.000000
vt 0.000000 0.000000
vt 0.000000 0.000000
vt 0.000000 0.000000
vt 0.000000 0.000000
vt 0.000000 0.000000
vt 0.000000 0.000000
vt 0.000000 0.000000
vt 0.000000 0.000000
vt 0.000000 0.000000
vt 0.000000 0.000000
vt 0.000000 0.000000
vt 0.000000 0.000000
vt 0.000000 0.000000
vt 0.000000 0.000000
vt 0.000000 0.000000
vt 0.000000 0.000000
vt 0.000000 0.000000
vt 0.000000 0.000000
vt 0.000000 0.000000
vt 0.000000 0.000000
vt 0.000000 0.000000
vt 0.000000 0.000000
vt 0.000000 0.000000
vt 0.000000 0.000000
vt 0.000000 0.000000
vt 0.000000 0.000000
vt 0.000000 0.000000
vt 0.000000 0.000000
vt 0.000000 0.000000
vt 0.000000 0.000000
vt 0.000000 0.000000
vt 0.000000 0.000000
vt 0.000000 0.000000
vt 0.000000 0.000000
vt 0.000000 0.000000
vt 0.000000 0.000000
vt 0.000000 0.000000
vt 0.000000 0.000000
vt 0.000000 0.000000
vt 0.000000 0.000000
vt 0.000000 0.000000
vt 0.000000 0.000000
vt 0.000000 0.000000
vt 0.000000 0.000000
vt 0.000000 0.000000
vt 0.000000 0.000000
vt 0.000000 0.000000
vt 0.000000 0.000000
vt 0.000000 0.000000
vt 0.000000 0.000000
vt 0.000000 0.000000
vt 0.000000 0.000000
vt 0.000000 0.000000
vt 0.000000 0.000000
vt 0.000000 0.000000
vt 0.000000 0.000000
vt 0.000000 0.000000
vt 0.000000 0.000000
vt 0.000000 0.000000
vt 0.000000 0.000000
vt 0.000000 0.000000
vt 0.000000 0.000000
vt 0.000000 0.000000
vt 0.000000 0.000000
vt 0.000000 0.000000
vt 0.000000 0.000000
vt 0.000000 0.000000
vt 0.000000 0.000000
vt 0.000000 0.000000
vt 0.000000 0.000000
vt 0.000000 0.000000
vt 0.000000 0.000000
vt 0.000000 0.000000
vt 0.000000 0.000000
vt 0.000000 0.000000
vt 0.000000 0.000000
vt 0.000000 0.000000
vt 0.000000 0.000000
vt 0.000000 0.000000
vt 0.000000 0.000000
vt 0.000000 0.000000
vt 0.000000 0.000000
vt 0.000000 0.000000
vt 0.000000 0.000000
vt 0.000000 0.000000
vt 0.000000 0.000000
vt 0.000000 0.000000
vt 0.000000 0.000000
vt 0.000000 0.000000
vt 0.000000 0.000000
vt 0.000000 0.000000
vt 0.000000 0.000000
vt 0.000000 0.000000
vt 0.000000 0.000000
vt 0.000000 0.000000
vt 0.000000 0.000000
vt 0.000000 0.000000
vt 0.000000 0.000000
vt 0.000000 0.000000
vt 0.000000 0.000000
vt 0.000000 0.000000
vt 0.000000 0.000000
vt 0.000000 0.000000
vt 0.000000 0.000000
vt 0.000000 0.000000
vt 0.000000 0.000000
vt 0.000000 0.000000
vt 0.000000 0.000000
vt 0.000000 0.000000
vt 0.000000 0.000000
vt 0.000000 0.000000
vt 0.000000 0.000000
vt 0.000000 0.000000
vt 0.000000 0.000000
vt 0.000000 0.000000
vt 0.000000 0.000000
vt 0.000000 0.000000
vt 0.000000 0.000000
vt 0.000000 0.000000
vt 0.000000 0.000000
vt 0.000000 0.000000
vt 0.000000 0.000000
vt 0.000000 0.000000
vt 0.000000 0.000000
vt 0.000000 0.000000
vt 0.000000 0.000000
vt 0.000000 0.000000
vt 0.000000 0.000000
vt 0.000000 0.000000
vt 0.000000 0.000000
vt 0.000000 0.000000
vt 0.000000 0.000000
vt 0.000000 0.000000
vt 0.000000 0.000000
vt 0.000000 0.000000
vt 0.000000 0.000000
vt 0.000000 0.000000
vt 0.000000 0.000000
vt 0.000000 0.000000
vt 0.000000 0.000000
vt 0.000000 0.000000
vt 0.000000 0.000000
vt 0.000000 0.000000
vt 0.000000 0.000000
vt 0.000000 0.000000
vt 0.000000 0.000000
vt 0.000000 0.000000
vt 0.000000 0.000000
vt 0.000000 0.000000
vt 0.000000 0.000000
vt 0.000000 0.000000
vt 0.000000 0.000000
vt 0.000000 0.000000
vt 0.000000 0.000000
vt 0.000000 0.000000
vt 0.000000 0.000000
vt 0.000000 0.000000
vt 0.000000 0.000000
vt 0.000000 0.000000
vt 0.000000 0.000000
vt 0.000000 0.000000
vt 0.000000 0.000000
vt 0.000000 0.000000
vt 0.000000 0.000000
vt 0.000000 0.000000
vt 0.000000 0.000000
vt 0.000000 0.000000
vt 0.000000 0.000000
vt 0.000000 0.000000
vt 0.000000 0.000000
vt 0.000000 0.000000
vt 0.000000 0.000000
vt 0.000000 0.000000
vt 0.000000 0.000000
vt 0.000000 0.000000
vt 0.000000 0.000000
vt 0.000000 0.000000
vt 0.000000 0.000000
vt 0.000000 0.000000
vt 0.000000 0.000000
vt 0.000000 0.000000
vt 0.000000 0.000000
vt 0.000000 0.000000
vt 0.000000 0.000000
vt 0.000000 0.000000
vt 0.000000 0.000000
vt 0.000000 0.000000
vt 0.000000 0.000000
vt 0.000000 0.000000
vt 0.000000 0.000000
vt 0.000000 0.000000
vt 0.000000 0.000000
vt 0.000000 0.000000
vt 0.000000 0.000000
vt 0.000000 0.000000
vt 0.000000 0.000000
vt 0.000000 0.000000
vt 0.000000 0.000000
vt 0.000000 0.000000
vt 0.000000 0.000000
vt 0.000000 0.000000
vt 0.000000 0.000000
vt 0.000000 0.000000
vt 0.000000 0.000000
vt 0.000000 0.000000
vt 0.000000 0.000000
vt 0.000000 0.000000
vt 0.000000 0.000000
vt 0.000000 0.000000
vt 0.000000 0.000000
vt 0.000000 0.000000
vt 0.000000 0.000000
vt 0.000000 0.000000
vt 0.000000 0.000000
vt 0.000000 0.000000
vt 0.000000 0.000000
vt 0.000000 0.000000
vt 0.000000 0.000000
vt 0.000000 0.000000
vt 0.000000 0.000000
vt 0.000000 0.000000
vt 0.000000 0.000000
vt 0.000000 0.000000
vt 0.000000 0.000000
vt 0.000000 0.000000
vt 0.000000 0.000000
vt 0.000000 0.000000
vt 0.000000 0.000000
vt 0.000000 0.000000
vt 0.000000 0.000000
vt 0.000000 0.000000
vt 0.000000 0.000000
vt 0.000000 0.000000
vt 0.000000 0.000000
vt 0.000000 0.000000
vt 0.000000 0.000000
vt 0.000000 0.000000
vt 0.000000 0.000000
vt 0.000000 0.000000
vt 0.000000 0.000000
vt 0.000000 0.000000
vt 0.000000 0.000000
vt 0.000000 0.000000
vt 0.000000 0.000000
vt 0.000000 0.000000
vt 0.000000 0.000000
vt 0.000000 0.000000
vt 0.000000 0.000000
vt 0.000000 0.000000
vt 0.000000 0.000000
vt 0.000000 0.000000
vt 0.000000 0.000000
vt 0.000000 0.000000
vt 0.000000 0.000000
vt 0.000000 0.000000
vt 0.000000 0.000000
vt 0.000000 0.000000
vt 0.000000 0.000000
vt 0.000000 0.000000
vt 0.000000 0.000000
vt 0.000000 0.000000
vt 0.000000 0.000000
vt 0.000000 0.000000
vt 0.000000 0.000000
vt 0.000000 0.000000
vt 0.000000 0.000000
vt 0.000000 0.000000
vt 0.000000 0.000000
vt 0.000000 0.000000
vt 0.000000 0.000000
vt 0.000000 0.000000
vt 0.000000 0.000000
vt 0.000000 0.000000
vt 0.000000 0.000000
vt 0.000000 0.000000
vt 0.000000 0.000000
vt 0.000000 0.000000
vt 0.000000 0.000000
vt 0.000000 0.000000
vt 0.000000 0.000000
vt 0.000000 0.000000
vt 0.000000 0.000000
vt 0.000000 0.000000
vt 0.000000 0.000000
vt 0.000000 0.000000
vt 0.000000 0.000000
vt 0.000000 0.000000
vt 0.000000 0.000000
vt 0.000000 0.000000
vt 0.000000 0.000000
vt 0.000000 0.000000
vt 0.000000 0.000000
vt 0.000000 0.000000
vt 0.000000 0.000000
vt 0.000000 0.000000
vt 0.000000 0.000000
vt 0.000000 0.000000
vt 0.000000 0.000000
vt 0.000000 0.000000
vt 0.000000 0.000000
vt 0.000000 0.000000
vt 0.000000 0.000000
vt 0.000000 0.000000
vt 0.000000 0.000000
vt 0.000000 0.000000
vt 0.000000 0.000000
vt 0.000000 0.000000
vt 0.000000 0.000000
vt 0.000000 0.000000
vt 0.000000 0.000000
vt 0.000000 0.000000
vt 0.000000 0.000000
vt 0.000000 0.000000
vt 0.000000 0.000000
vt 0.000000 0.000000
vt 0.000000 0.000000
vt 0.000000 0.000000
vt 0.000000 0.000000
vt 0.000000 0.000000
vt 0.000000 0.000000
vt 0.000000 0.000000
vt 0.000000 0.000000
vt 0.000000 0.000000
vt 0.000000 0.000000
vt 0.000000 0.000000
vt 0.000000 0.000000
vt 0.000000 0.000000
vt 0.000000 0.000000
vt 0.000000 0.000000
vt 0.000000 0.000000
vt 0.000000 0.000000
vt 0.000000 0.000000
vt 0.000000 0.000000
vt 0.000000 0.000000
vt 0.000000 0.000000
vt 0.000000 0.000000
vt 0.000000 0.000000
vt 0.000000 0.000000
vt 0.000000 0.000000
vt 0.000000 0.000000
vt 0.000000 0.000000
vt 0.000000 0.000000
vt 0.000000 0.000000
vt 0.000000 0.000000
vt 0.000000 0.000000
vt 0.000000 0.000000
vt 0.000000 0.000000
vt 0.000000 0.000000
vt 0.000000 0.000000
vt 0.000000 0.000000
vt 0.000000 0.000000
vt 0.000000 0.000000
vt 0.000000 0.000000
vt 0.000000 0.000000
vt 0.000000 0.000000
vt 0.000000 0.000000
vt 0.000000 0.000000
vt 0.000000 0.000000
vt 0.000000 0.000000
vt 0.000000 0.000000
vt 0.000000 0.000000
vt 0.000000 0.000000
vt 0.000000 0.000000
vt 0.000000 0.000000
vt 0.000000 0.000000
vt 0.000000 0.000000
vt 0.000000 0.000000
vt 0.000000 0.000000
vt 0.000000 0.000000
vt 0.000000 0.000000
vt 0.000000 0.000000
vt 0.000000 0.000000
vt 0.000000 0.000000
vt 0.000000 0.000000
vt 0.000000 0.000000
vt 0.000000 0.000000
vt 0.000000 0.000000
vt 0.000000 0.000000
vt 0.000000 0.000000
vt 0.000000 0.000000
vt 0.000000 0.000000
vt 0.000000 0.000000
vt 0.000000 0.000000
vt 0.000000 0.000000
vt 0.000000 0.000000
vt 0.000000 0.000000
vt 0.000000 0.000000
vt 0.000000 0.000000
vt 0.000000 0.000000
vt 0.000000 0.000000
vt 0.000000 0.000000
vt 0.000000 0.000000
vt 0.000000 0.000000
vt 0.000000 0.000000
vt 0.000000 0.000000
vt 0.000000 0.000000
vt 0.000000 0.000000
vt 0.000000 0.000000
vt 0.000000 0.000000
vt 0.000000 0.000000
vt 0.000000 0.000000
vt 0.000000 0.000000
vt 0.000000 0.000000
vt 0.000000 0.000000
vt 0.000000 0.000000
vt 0.000000 0.000000
vt 0.000000 0.000000
vt 0.000000 0.000000
vt 0.000000 0.000000
vt 0.000000 0.000000
vt 0.000000 0.000000
vt 0.000000 0.000000
vt 0.000000 0.000000
vt 0.000000 0.000000
vt 0.000000 0.000000
vt 0.000000 0.000000
vt 0.000000 0.000000
vt 0.000000 0.000000
vt 0.000000 0.000000
vt 0.000000 0.000000
vt 0.000000 0.000000
vt 0.000000 0.000000
vt 0.000000 0.000000
vt 0.000000 0.000000
vt 0.000000 0.000000
vt 0.000000 0.000000
vt 0.000000 0.000000
vt 0.000000 0.000000
vt 0.000000 0.000000
vt 0.000000 0.000000
vt 0.000000 0.000000
vt 0.000000 0.000000
vt 0.000000 0.000000
vt 0.000000 0.000000
vt 0.000000 0.000000
vt 0.000000 0.000000
vt 0.000000 0.000000
vt 0.000000 0.000000
vt 0.000000 0.000000
vt 0.000000 0.000000
vt 0.000000 0.000000
vt 0.000000 0.000000
vt 0.000000 0.000000
vt 0.000000 0.000000
vt 0.000000 0.000000
vt 0.000000 0.000000
vt 0.000000 0.000000
vt 0.000000 0.000000
vt 0.000000 0.000000
vt 0.000000 0.000000
vt 0.000000 0.000000
vt 0.000000 0.000000
vt 0.000000 0.000000
vt 0.000000 0.000000
vt 0.000000 0.000000
vt 0.000000 0.000000
vt 0.000000 0.000000
vt 0.000000 0.000000
vt 0.000000 0.000000
vt 0.000000 0.000000
vt 0.000000 0.000000
vt 0.000000 0.000000
vt 0.000000 0.000000
vt 0.000000 0.000000
vt 0.000000 0.000000
vt 0.000000 0.000000
vt 0.000000 0.000000
vt 0.000000 0.000000
vt 0.000000 0.000000
vt 0.000000 0.000000
vt 0.000000 0.000000
vt 0.000000 0.000000
vt 0.000000 0.000000
vt 0.000000 0.000000
vt 0.000000 0.000000
vt 0.000000 0.000000
vt 0.000000 0.000000
vt 0.000000 0.000000
vt 0.000000 0.000000
vt 0.000000 0.000000
vt 0.000000 0.000000
vt 0.000000 0.000000
vt 0.000000 0.000000
vt 0.000000 0.000000
vt 0.000000 0.000000
vt 0.000000 0.000000
vt 0.000000 0.000000
vt 0.000000 0.000000
vt 0.000000 0.000000
vt 0.000000 0.000000
vt 0.000000 0.000000
vt 0.000000 0.000000
vt 0.000000 0.000000
vt 0.000000 0.000000
vt 0.000000 0.000000
vt 0.000000 0.000000
vt 0.000000 0.000000
vt 0.000000 0.000000
vt 0.000000 0.000000
vt 0.000000 0.000000
vt 0.000000 0.000000
vt 0.000000 0.000000
vt 0.000000 0.000000
vt 0.000000 0.000000
vt 0.000000 0.000000
vt 0.000000 0.000000
vt 0.000000 0.000000
vt 0.000000 0.000000
vt 0.000000 0.000000
vt 0.000000 0.000000
vt 0.000000 0.000000
vt 0.000000 0.000000
vt 0.000000 0.000000
vt 0.000000 0.000000
vt 0.000000 0.000000
vt 0.000000 0.000000
vt 0.000000 0.000000
vt 0.000000 0.000000
vt 0.000000 0.000000
vt 0.000000 0.000000
vt 0.000000 0.000000
vt 0.000000 0.000000
vt 0.000000 0.000000
vt 0.000000 0.000000
vt 0.000000 0.000000
vt 0.000000 0.000000
vt 0.000000 0.000000
vt 0.000000 0.000000
vt 0.000000 0.000000
vt 0.000000 0.000000
vt 0.000000 0.000000
vt 0.000000 0.000000
vt 0.000000 0.000000
vt 0.000000 0.000000
vt 0.000000 0.000000
vt 0.000000 0.000000
vt 0.000000 0.000000
vt 0.000000 0.000000
vt 0.000000 0.000000
vt 0.000000 0.000000
vt 0.000000 0.000000
vt 0.000000 0.000000
vt 0.000000 0.000000
vt 0.000000 0.000000
vt 0.000000 0.000000
vt 0.000000 0.000000
vt 0.000000 0.000000
vt 0.000000 0.000000
vt 0.000000 0.000000
vt 0.000000 0.000000
vt 0.000000 0.000000
vt 0.000000 0.000000
vt 0.000000 0.000000
vt 0.000000 0.000000
vt 0.000000 0.000000
vt 0.000000 0.000000
vt 0.000000 0.000000
vt 0.000000 0.000000
vt 0.000000 0.000000
vt 0.000000 0.000000
vt 0.000000 0.000000
vt 0.000000 0.000000
vt 0.000000 0.000000
vt 0.000000 0.000000
vt 0.000000 0.000000
vt 0.000000 0.000000
vt 0.000000 0.000000
vt 0.000000 0.000000
vt 0.000000 0.000000
vt 0.000000 0.000000
vt 0.000000 0.000000
vt 0.000000 0.000000
vt 0.000000 0.000000
vt 0.000000 0.000000
vt 0.000000 0.000000
vt 0.000000 0.000000
vt 0.000000 0.000000
vt 0.000000 0.000000
vt 0.000000 0.000000
vt 0.000000 0.000000
vt 0.000000 0.000000
vt 0.000000 0.000000
vt 0.000000 0.000000
vt 0.000000 0.000000
vt 0.000000 0.000000
vt 0.000000 0.000000
vt 0.000000 0.000000
vt 0.000000 0.000000
vt 0.000000 0.000000
vt 0.000000 0.000000
vt 0.000000 0.000000
vt 0.000000 0.000000
vt 0.000000 0.000000
vt 0.000000 0.000000
vt 0.000000 0.000000
vt 0.000000 0.000000
vt 0.000000 0.000000
vt 0.000000 0.000000
vt 0.000000 0.000000
vt 0.000000 0.000000
vt 0.000000 0.000000
vt 0.000000 0.000000
vt 0.000000 0.000000
vt 0.000000 0.000000
vt 0.000000 0.000000
vt 0.000000 0.000000
vt 0.000000 0.000000
vt 0.000000 0.000000
vt 0.000000 0.000000
vt 0.000000 0.000000
vt 0.000000 0.000000
vt 0.000000 0.000000
vt 0.000000 0.000000
vt 0.000000 0.000000
vt 0.000000 0.000000
vt 0.000000 0.000000
vt 0.000000 0.000000
vt 0.000000 0.000000
vt 0.000000 0.000000
vt 0.000000 0.000000
vt 0.000000 0.000000
vt 0.000000 0.000000
vt 0.000000 0.000000
vt 0.000000 0.000000
vt 0.000000 0.000000
vt 0.000000 0.000000
vt 0.000000 0.000000
vt 0.000000 0.000000
vt 0.000000 0.000000
vt 0.000000 0.000000
vt 0.000000 0.000000
vt 0.000000 0.000000
vt 0.000000 0.000000
vt 0.000000 0.000000
vt 0.000000 0.000000
vt 0.000000 0.000000
vt 0.000000 0.000000
vt 0.000000 0.000000
vt 0.000000 0.000000
vt 0.000000 0.000000
vt 0.000000 0.000000
vt 0.000000 0.000000
vt 0.000000 0.000000
vt 0.000000 0.000000
vt 0.000000 0.000000
vt 0.000000 0.000000
vt 0.000000 0.000000
vt 0.000000 0.000000
vt 0.000000 0.000000
vt 0.000000 0.000000
vt 0.000000 0.000000
vt 0.000000 0.000000
vt 0.000000 0.000000
vt 0.000000 0.000000
vt 0.000000 0.000000
vt 0.000000 0.000000
vt 0.000000 0.000000
vt 0.000000 0.000000
vt 0.000000 0.000000
vt 0.000000 0.000000
vt 0.000000 0.000000
vt 0.000000 0.000000
vt 0.000000 0.000000
vt 0.000000 0.000000
vt 0.000000 0.000000
vt 0.000000 0.000000
vt 0.000000 0.000000
vt 0.000000 0.000000
vt 0.000000 0.000000
vt 0.000000 0.000000
vt 0.000000 0.000000
vt 0.000000 0.000000
vt 0.000000 0.000000
vt 0.000000 0.000000
vt 0.000000 0.000000
vt 0.000000 0.000000
vt 0.000000 0.000000
vt 0.000000 0.000000
vt 0.000000 0.000000
vt 0.000000 0.000000
vt 0.000000 0.000000
vt 0.000000 0.000000
vt 0.000000 0.000000
vt 0.000000 0.000000
vt 0.000000 0.000000
vt 0.000000 0.000000
vt 0.000000 0.000000
vt 0.000000 0.000000
vt 0.000000 0.000000
vt 0.000000 0.000000
vt 0.000000 0.000000
vt 0.000000 0.000000
vt 0.000000 0.000000
vt 0.000000 0.000000
vt 0.000000 0.000000
vt 0.000000 0.000000
vt 0.000000 0.000000
vt 0.000000 0.000000
vt 0.000000 0.000000
vt 0.000000 0.000000
vt 0.000000 0.000000
vt 0.000000 0.000000
vt 0.000000 0.000000
vt 0.000000 0.000000
vt 0.000000 0.000000
vt 0.000000 0.000000
vt 0.000000 0.000000
vt 0.000000 0.000000
vt 0.000000 0.000000
vt 0.000000 0.000000
vt 0.000000 0.000000
vt 0.000000 0.000000
vt 0.000000 0.000000
vt 0.000000 0.000000
vt 0.000000 0.000000
vt 0.000000 0.000000
vt 0.000000 0.000000
vt 0.000000 0.000000
vt 0.000000 0.000000
vt 0.000000 0.000000
vt 0.000000 0.000000
vt 0.000000 0.000000
vt 0.000000 0.000000
vt 0.000000 0.000000
vt 0.000000 0.000000
vt 0.000000 0.000000
vt 0.000000 0.000000
vt 0.000000 0.000000
vt 0.000000 0.000000
vt 0.000000 0.000000
vt 0.000000 0.000000
vt 0.000000 0.000000
vt 0.000000 0.000000
vt 0.000000 0.000000
vt 0.000000 0.000000
vt 0.000000 0.000000
vt 0.000000 0.000000
vt 0.000000 0.000000
vt 0.000000 0.000000
vt 0.000000 0.000000
vt 0.000000 0.000000
vt 0.000000 0.000000
vt 0.000000 0.000000
vt 0.000000 0.000000
vt 0.000000 0.000000
vt 0.000000 0.000000
vt 0.000000 0.000000
vt 0.000000 0.000000
vt 0.000000 0.000000
vt 0.000000 0.000000
vt 0.000000 0.000000
vt 0.000000 0.000000
vt 0.000000 0.000000
vt 0.000000 0.000000
vt 0.000000 0.000000
vt 0.000000 0.000000
vt 0.000000 0.000000
vt 0.000000 0.000000
vt 0.000000 0.000000
vt 0.000000 0.000000
vt 0.000000 0.000000
vt 0.000000 0.000000
vt 0.000000 0.000000
vt 0.000000 0.000000
vt 0.000000 0.000000
vt 0.000000 0.000000
vt 0.000000 0.000000
vt 0.000000 0.000000
vt 0.000000 0.000000
vt 0.000000 0.000000
vt 0.000000 0.000000
vt 0.000000 0.000000
vt 0.000000 0.000000
vt 0.000000 0.000000
vt 0.000000 0.000000
vt 0.000000 0.000000
vt 0.000000 0.000000
vt 0.000000 0.000000
vt 0.000000 0.000000
vt 0.000000 0.000000
vt 0.000000 0.000000
vt 0.000000 0.000000
vt 0.000000 0.000000
vt 0.000000 0.000000
vt 0.000000 0.000000
vt 0.000000 0.000000
vt 0.000000 0.000000
vt 0.000000 0.000000
vt 0.000000 0.000000
vt 0.000000 0.000000
vt 0.000000 0.000000
vt 0.000000 0.000000
vt 0.000000 0.000000
vt 0.000000 0.000000
vt 0.000000 0.000000
vt 0.000000 0.000000
vt 0.000000 0.000000
vt 0.000000 0.000000
vt 0.000000 0.000000
vt 0.000000 0.000000
vt 0.000000 0.000000
vt 0.000000 0.000000
vt 0.000000 0.000000
vt 0.000000 0.000000
vt 0.000000 0.000000
vt 0.000000 0.000000
vt 0.000000 0.000000
vt 0.000000 0.000000
vt 0.000000 0.000000
vt 0.000000 0.000000
vt 0.000000 0.000000
vt 0.000000 0.000000
vt 0.000000 0.000000
vt 0.000000 0.000000
vt 0.000000 0.000000
vt 0.000000 0.000000
vt 0.000000 0.000000
vt 0.000000 0.000000
vt 0.000000 0.000000
vt 0.000000 0.000000
vt 0.000000 0.000000
vt 0.000000 0.000000
vt 0.000000 0.000000
vt 0.000000 0.000000
vt 0.000000 0.000000
vt 0.000000 0.000000
vt 0.000000 0.000000
vt 0.000000 0.000000
vt 0.000000 0.000000
vt 0.000000 0.000000
vt 0.000000 0.000000
vt 0.000000 0.000000
vt 0.000000 0.000000
vt 0.000000 0.000000
vt 0.000000 0.000000
vt 0.000000 0.000000
vt 0.000000 0.000000
vt 0.000000 0.000000
vt 0.000000 0.000000
vt 0.000000 0.000000
vt 0.000000 0.000000
vt 0.000000 0.000000
vt 0.000000 0.000000
vt 0.000000 0.000000
vt 0.000000 0.000000
vt 0.000000 0.000000
vt 0.000000 0.000000
vt 0.000000 0.000000
vt 0.000000 0.000000
vt 0.000000 0.000000
vt 0.000000 0.000000
vt 0.000000 0.000000
vt 0.000000 0.000000
vt 0.000000 0.000000
vt 0.000000 0.000000
vt 0.000000 0.000000
vt 0.000000 0.000000
vt 0.000000 0.000000
vt 0.000000 0.000000
vt 0.000000 0.000000
vt 0.000000 0.000000
vt 0.000000 0.000000
vt 0.000000 0.000000
vt 0.000000 0.000000
vt 0.000000 0.000000
vt 0.000000 0.000000
vt 0.000000 0.000000
vt 0.000000 0.000000
vt 0.000000 0.000000
vt 0.000000 0.000000
vt 0.000000 0.000000
vt 0.000000 0.000000
vt 0.000000 0.000000
vt 0.000000 0.000000
vt 0.000000 0.000000
vt 0.000000 0.000000
vt 0.000000 0.000000
vt 0.000000 0.000000
vt 0.000000 0.000000
vt 0.000000 0.000000
vt 0.000000 0.000000
vt 0.000000 0.000000
vt 0.000000 0.000000
vt 0.000000 0.000000
vt 0.000000 0.000000
vt 0.000000 0.000000
vt 0.000000 0.000000
vt 0.000000 0.000000
vt 0.000000 0.000000
vt 0.000000 0.000000
vt 0.000000 0.000000
vt 0.000000 0.000000
vt 0.000000 0.000000
vt 0.000000 0.000000
vt 0.000000 0.000000
vt 0.000000 0.000000
vt 0.000000 0.000000
vt 0.000000 0.000000
vt 0.000000 0.000000
vt 0.000000 0.000000
vt 0.000000 0.000000
vt 0.000000 0.000000
vt 0.000000 0.000000
vt 0.000000 0.000000
vt 0.000000 0.000000
vt 0.000000 0.000000
vt 0.000000 0.000000
vt 0.000000 0.000000
vt 0.000000 0.000000
vt 0.000000 0.000000
vt 0.000000 0.000000
vt 0.000000 0.000000
vt 0.000000 0.000000
vt 0.000000 0.000000
vt 0.000000 0.000000
vt 0.000000 0.000000
vt 0.000000 0.000000
vt 0.000000 0.000000
vt 0.000000 0.000000
vt 0.000000 0.000000
vt 0.000000 0.000000
vt 0.000000 0.000000
vt 0.000000 0.000000
vt 0.000000 0.000000
vt 0.000000 0.000000
vt 0.000000 0.000000
vt 0.000000 0.000000
vt 0.000000 0.000000
vt 0.000000 0.000000
vt 0.000000 0.000000
vt 0.000000 0.000000
vt 0.000000 0.000000
vt 0.000000 0.000000
vt 0.000000 0.000000
vt 0.000000 0.000000
vt 0.000000 0.000000
vt 0.000000 0.000000
vt 0.000000 0.000000
vt 0.000000 0.000000
vt 0.000000 0.000000
vt 0.000000 0.000000
vt 0.000000 0.000000
vt 0.000000 0.000000
vt 0.000000 0.000000
vt 0.000000 0.000000
vt 0.000000 0.000000
vt 0.000000 0.000000
vt 0.000000 0.000000
vt 0.000000 0.000000
vt 0.000000 0.000000
vt 0.000000 0.000000
vt 0.000000 0.000000
vt 0.000000 0.000000
vt 0.000000 0.000000
vt 0.000000 0.000000
vt 0.000000 0.000000
vt 0.000000 0.000000
vt 0.000000 0.000000
vt 0.000000 0.000000
vt 0.000000 0.000000
vt 0.000000 0.000000
vt 0.000000 0.000000
vt 0.000000 0.000000
vt 0.000000 0.000000
vt 0.000000 0.000000
vt 0.000000 0.000000
vt 0.000000 0.000000
vt 0.000000 0.000000
vt 0.000000 0.000000
vt 0.000000 0.000000
vt 0.000000 0.000000
vt 0.000000 0.000000
vt 0.000000 0.000000
vt 0.000000 0.000000
vt 0.000000 0.000000
vt 0.000000 0.000000
vt 0.000000 0.000000
vt 0.000000 0.000000
vt 0.000000 0.000000
vt 0.000000 0.000000
vt 0.000000 0.000000
vt 0.000000 0.000000
vt 0.000000 0.000000
vt 0.000000 0.000000
vt 0.000000 0.000000
vt 0.000000 0.000000
vt 0.000000 0.000000
vt 0.000000 0.000000
vt 0.000000 0.000000
vt 0.000000 0.000000
vt 0.000000 0.000000
vt 0.000000 0.000000
vt 0.000000 0.000000
vt 0.000000 0.000000
vt 0.000000 0.000000
vt 0.000000 0.000000
vt 0.000000 0.000000
vt 0.000000 0.000000
vt 0.000000 0.000000
vt 0.000000 0.000000
vt 0.000000 0.000000
vt 0.000000 0.000000
vt 0.000000 0.000000
vt 0.000000 0.000000
vt 0.000000 0.000000
vt 0.000000 0.000000
vt 0.000000 0.000000
vt 0.000000 0.000000
vt 0.000000 0.000000
vt 0.000000 0.000000
vt 0.000000 0.000000
vt 0.000000 0.000000
vt 0.000000 0.000000
vt 0.000000 0.000000
vt 0.000000 0.000000
vt 0.000000 0.000000
vt 0.000000 0.000000
vt 0.000000 0.000000
vt 0.000000 0.000000
vt 0.000000 0.000000
vt 0.000000 0.000000
vt 0.000000 0.000000
vt 0.000000 0.000000
vt 0.000000 0.000000
vt 0.000000 0.000000
vt 0.000000 0.000000
vt 0.000000 0.000000
vt 0.000000 0.000000
vt 0.000000 0.000000
vt 0.000000 0.000000
vt 0.000000 0.000000
vt 0.000000 0.000000
vt 0.000000 0.000000
vt 0.000000 0.000000
vt 0.000000 0.000000
vt 0.000000 0.000000
vt 0.000000 0.000000
vt 0.000000 0.000000
vt 0.000000 0.000000
vt 0.000000 0.000000
vt 0.000000 0.000000
vt 0.000000 0.000000
vt 0.000000 0.000000
vt 0.000000 0.000000
vt 0.000000 0.000000
vt 0.000000 0.000000
vt 0.000000 0.000000
vt 0.000000 0.000000
vt 0.000000 0.000000
vt 0.000000 0.000000
vt 0.000000 0.000000
vt 0.000000 0.000000
vt 0.000000 0.000000
vt 0.000000 0.000000
vt 0.000000 0.000000
vt 0.000000 0.000000
vt 0.000000 0.000000
vt 0.000000 0.000000
vt 0.000000 0.000000
vt 0.000000 0.000000
vt 0.000000 0.000000
vt 0.000000 0.000000
vt 0.000000 0.000000
vt 0.000000 0.000000
vt 0.000000 0.000000
vt 0.000000 0.000000
vt 0.000000 0.000000
vt 0.000000 0.000000
vt 0.000000 0.000000
vt 0.000000 0.000000
vt 0.000000 0.000000
vt 0.000000 0.000000
vt 0.000000 0.000000
vt 0.000000 0.000000
vt 0.000000 0.000000
vt 0.000000 0.000000
vt 0.000000 0.000000
vt 0.000000 0.000000
vt 0.000000 0.000000
vt 0.000000 0.000000
vt 0.000000 0.000000
vt 0.000000 0.000000
vt 0.000000 0.000000
vt 0.000000 0.000000
vt 0.000000 0.000000
vt 0.000000 0.000000
vt 0.000000 0.000000
vt 0.000000 0.000000
vt 0.000000 0.000000
vt 0.000000 0.000000
vt 0.000000 0.000000
vt 0.000000 0.000000
vt 0.000000 0.000000
vt 0.000000 0.000000
vt 0.000000 0.000000
vt 0.000000 0.000000
vt 0.000000 0.000000
vt 0.000000 0.000000
vt 0.000000 0.000000
vt 0.000000 0.000000
vt 0.000000 0.000000
vt 0.000000 0.000000
vt 0.000000 0.000000
vt 0.000000 0.000000
vt 0.000000 0.000000
vt 0.000000 0.000000
vt 0.000000 0.000000
vt 0.000000 0.000000
vt 0.000000 0.000000
vt 0.000000 0.000000
vt 0.000000 0.000000
vt 0.000000 0.000000
vt 0.000000 0.000000
vt 0.000000 0.000000
vt 0.000000 0.000000
vt 0.000000 0.000000
vt 0.000000 0.000000
vt 0.000000 0.000000
vt 0.000000 0.000000
vt 0.000000 0.000000
vt 0.000000 0.000000
vt 0.000000 0.000000
vt 0.000000 0.000000
vt 0.000000 0.000000
vt 0.000000 0.000000
vt 0.000000 0.000000
vt 0.000000 0.000000
vt 0.000000 0.000000
vt 0.000000 0.000000
vt 0.000000 0.000000
vt 0.000000 0.000000
vt 0.000000 0.000000
vt 0.000000 0.000000
vt 0.000000 0.000000
vt 0.000000 0.000000
vt 0.000000 0.000000
vt 0.000000 0.000000
vt 0.000000 0.000000
vt 0.000000 0.000000
vt 0.000000 0.000000
vt 0.000000 0.000000
vt 0.000000 0.000000
vt 0.000000 0.000000
vt 0.000000 0.000000
vt 0.000000 0.000000
vt 0.000000 0.000000
vt 0.000000 0.000000
vt 0.000000 0.000000
vt 0.000000 0.000000
vt 0.000000 0.000000
vt 0.000000 0.000000
vt 0.000000 0.000000
vt 0.000000 0.000000
vt 0.000000 0.000000
vt 0.000000 0.000000
vt 0.000000 0.000000
vt 0.000000 0.000000
vt 0.000000 0.000000
vt 0.000000 0.000000
vt 0.000000 0.000000
vt 0.000000 0.000000
vt 0.000000 0.000000
vt 0.000000 0.000000
vt 0.000000 0.000000
vt 0.000000 0.000000
vt 0.000000 0.000000
vt 0.000000 0.000000
vt 0.000000 0.000000
vt 0.000000 0.000000
vt 0.000000 0.000000
vt 0.000000 0.000000
vt 0.000000 0.000000
vt 0.000000 0.000000
vt 0.000000 0.000000
vt 0.000000 0.000000
vt 0.000000 0.000000
vt 0.000000 0.000000
vt 0.000000 0.000000
vt 0.000000 0.000000
vt 0.000000 0.000000
vt 0.000000 0.000000
vt 0.000000 0.000000
vt 0.000000 0.000000
vt 0.000000 0.000000
vt 0.000000 0.000000
vt 0.000000 0.000000
vt 0.000000 0.000000
vt 0.000000 0.000000
vt 0.000000 0.000000
vt 0.000000 0.000000
vt 0.000000 0.000000
vt 0.000000 0.000000
vt 0.000000 0.000000
vt 0.000000 0.000000
vt 0.000000 0.000000
vt 0.000000 0.000000
vt 0.000000 0.000000
vt 0.000000 0.000000
vt 0.000000 0.000000
vt 0.000000 0.000000
vt 0.000000 0.000000
vt 0.000000 0.000000
vt 0.000000 0.000000
vt 0.000000 0.000000
vt 0.000000 0.000000
vt 0.000000 0.000000
vt 0.000000 0.000000
vt 0.000000 0.000000
vt 0.000000 0.000000
vt 0.000000 0.000000
vt 0.000000 0.000000
vt 0.000000 0.000000
vt 0.000000 0.000000
vt 0.000000 0.000000
vt 0.000000 0.000000
vt 0.000000 0.000000
vt 0.000000 0.000000
vt 0.000000 0.000000
vt 0.000000 0.000000
vt 0.000000 0.000000
vt 0.000000 0.000000
vt 0.000000 0.000000
vt 0.000000 0.000000
vt 0.000000 0.000000
vt 0.000000 0.000000
vt 0.000000 0.000000
vt 0.000000 0.000000
vt 0.000000 0.000000
vt 0.000000 0.000000
vt 0.000000 0.000000
vt 0.000000 0.000000
vt 0.000000 0.000000
vt 0.000000 0.000000
vt 0.000000 0.000000
vt 0.000000 0.000000
vt 0.000000 0.000000
vt 0.000000 0.000000
vt 0.000000 0.000000
vt 0.000000 0.000000
vt 0.000000 0.000000
vt 0.000000 0.000000
vt 0.000000 0.000000
vt 0.000000 0.000000
vt 0.000000 0.000000
vt 0.000000 0.000000
vt 0.000000 0.000000
vt 0.000000 0.000000
vt 0.000000 0.000000
vt 0.000000 0.000000
vt 0.000000 0.000000
vt 0.000000 0.000000
vt 0.000000 0.000000
vt 0.000000 0.000000
vt 0.000000 0.000000
vt 0.000000 0.000000
vt 0.000000 0.000000
vt 0.000000 0.000000
vt 0.000000 0.000000
vt 0.000000 0.000000
vt 0.000000 0.000000
vt 0.000000 0.000000
vt 0.000000 0.000000
vt 0.000000 0.000000
vt 0.000000 0.000000
vt 0.000000 0.000000
vt 0.000000 0.000000
vt 0.000000 0.000000
vt 0.000000 0.000000
vt 0.000000 0.000000
vt 0.000000 0.000000
vt 0.000000 0.000000
vt 0.000000 0.000000
vt 0.000000 0.000000
vt 0.000000 0.000000
vt 0.000000 0.000000
vt 0.000000 0.000000
vt 0.000000 0.000000
vt 0.000000 0.000000
vt 0.000000 0.000000
vt 0.000000 0.000000
vt 0.000000 0.000000
vt 0.000000 0.000000
vt 0.000000 0.000000
vt 0.000000 0.000000
vt 0.000000 0.000000
vt 0.000000 0.000000
vt 0.000000 0.000000
vt 0.000000 0.000000
vt 0.000000 0.000000
vt 0.000000 0.000000
vt 0.000000 0.000000
vt 0.000000 0.000000
vt 0.000000 0.000000
vt 0.000000 0.000000
vt 0.000000 0.000000
vt 0.000000 0.000000
vt 0.000000 0.000000
vt 0.000000 0.000000
vt 0.000000 0.000000
vt 0.000000 0.000000
vt 0.000000 0.000000
vt 0.000000 0.000000
vt 0.000000 0.000000
vt 0.000000 0.000000
vt 0.000000 0.000000
vt 0.000000 0.000000
vt 0.000000 0.000000
vt 0.000000 0.000000
vt 0.000000 0.000000
vt 0.000000 0.000000
vt 0.000000 0.000000
vt 0.000000 0.000000
vt 0.000000 0.000000
vt 0.000000 0.000000
vt 0.000000 0.000000
vt 0.000000 0.000000
vt 0.000000 0.000000
vt 0.000000 0.000000
vt 0.000000 0.000000
vt 0.000000 0.000000
vt 0.000000 0.000000
vt 0.000000 0.000000
vt 0.000000 0.000000
vt 0.000000 0.000000
vt 0.000000 0.000000
vt 0.000000 0.000000
vt 0.000000 0.000000
vt 0.000000 0.000000
vt 0.000000 0.000000
vt 0.000000 0.000000
vt 0.000000 0.000000
vt 0.000000 0.000000
vt 0.000000 0.000000
vt 0.000000 0.000000
vt 0.000000 0.000000
vt 0.000000 0.000000
vt 0.000000 0.000000
vt 0.000000 0.000000
vt 0.000000 0.000000
vt 0.000000 0.000000
vt 0.000000 0.000000
vt 0.000000 0.000000
vt 0.000000 0.000000
vt 0.000000 0.000000
vt 0.000000 0.000000
vt 0.000000 0.000000
vt 0.000000 0.000000
vt 0.000000 0.000000
vt 0.000000 0.000000
vt 0.000000 0.000000
vt 0.000000 0.000000
vt 0.000000 0.000000
vt 0.000000 0.000000
vt 0.000000 0.000000
vt 0.000000 0.000000
vt 0.000000 0.000000
vt 0.000000 0.000000
vt 0.000000 0.000000
vt 0.000000 0.000000
vt 0.000000 0.000000
vt 0.000000 0.000000
vt 0.000000 0.000000
vt 0.000000 0.000000
vn 0.4879 -0.8728 -0.0089
vn 0.5365 -0.8434 -0.0273
vn 0.5547 -0.8311 0.0406
vn 0.5061 -0.8604 0.0590
vn -0.6273 -0.7326 0.2643
vn -0.5476 -0.7970 0.2547
vn -0.5294 -0.7846 0.3226
vn -0.6091 -0.7202 0.3322
vn -0.0140 0.9771 -0.2121
vn -0.0939 0.9771 -0.1907
vn -0.0757 0.9895 -0.1228
vn 0.0042 0.9895 -0.1442
vn 0.9551 -0.1182 -0.2719
vn 0.9571 -0.0356 -0.2875
vn 0.9753 -0.0232 -0.2196
vn 0.9733 -0.1058 -0.2039
vn 0.2704 0.1402 0.9525
vn 0.2728 0.1420 0.9515
vn 0.2746 0.1431 0.9509
vn 0.2772 0.1444 0.9499
vn 0.2799 0.1468 0.9487
vn 0.2821 0.1493 0.9477
vn 0.2839 0.1517 0.9468
vn 0.2855 0.1542 0.9459
vn 0.2868 0.1568 0.9451
vn 0.2880 0.1595 0.9443
vn 0.2889 0.1625 0.9435
vn 0.2897 0.1657 0.9426
vn 0.2903 0.1694 0.9418
vn 0.2899 0.1725 0.9414
vn 0.2898 0.1746 0.9410
vn 0.2899 0.1777 0.9404
vn 0.2890 0.1813 0.9400
vn 0.2879 0.1846 0.9397
vn 0.2867 0.1875 0.9395
vn 0.2853 0.1902 0.9394
vn 0.2837 0.1928 0.9393
vn 0.2819 0.1953 0.9393
vn 0.2799 0.1978 0.9394
vn 0.2775 0.2002 0.9396
vn 0.2746 0.2027 0.9400
vn 0.2718 0.2040 0.9405
vn 0.2699 0.2051 0.9408
vn 0.2674 0.2068 0.9411
vn 0.2639 0.2080 0.9419
vn 0.2606 0.2088 0.9426
vn 0.2575 0.2093 0.9433
vn 0.2545 0.2095 0.9441
vn 0.2516 0.2095 0.9449
vn 0.2487 0.2093 0.9457
vn 0.2456 0.2088 0.9466
vn 0.2424 0.2080 0.9476
vn 0.2390 0.2068 0.9487
vn 0.2366 0.2051 0.9497
vn 0.2349 0.2040 0.9504
vn 0.2322 0.2027 0.9513
vn 0.2295 0.2002 0.9525
vn 0.2274 0.1978 0.9535
vn 0.2255 0.1953 0.9545
vn 0.2240 0.1928 0.9553
vn 0.2226 0.1902 0.9562
vn 0.2215 0.1875 0.9570
vn 0.2205 0.1846 0.9578
vn 0.2197 0.1813 0.9586
vn 0.2191 0.1777 0.9594
vn 0.2196 0.1746 0.9598
vn 0.2197 0.1725 0.9602
vn 0.2195 0.1694 0.9608
vn 0.2204 0.1657 0.9612
vn 0.2215 0.1625 0.9615
vn 0.2227 0.1595 0.9617
vn 0.2242 0.1568 0.9619
vn 0.2257 0.1542 0.9619
vn 0.2275 0.1517 0.9619
vn 0.2296 0.1493 0.9618
vn 0.2320 0.1468 0.9616
vn 0.2348 0.1444 0.9613
vn 0.2377 0.1431 0.9608
vn 0.2395 0.1420 0.9605
vn 0.2421 0.1402 0.9601
vn 0.2456 0.1390 0.9594
vn 0.2488 0.1382 0.9586
vn 0.2519 0.1377 0.9579
vn 0.2549 0.1375 0.9571
vn 0.2578 0.1375 0.9564
vn 0.2608 0.1377 0.9555
vn 0.2638 0.1382 0.9546
vn 0.2670 0.1390 0.9536
vn -0.1744 0.9703 -0.1679
vn -0.1562 0.9827 -0.1000
vn 0.6754 -0.7326 -0.0848
vn 0.7362 -0.6672 -0.1130
vn 0.7544 -0.6548 -0.0451
vn 0.6936 -0.7202 -0.0169
vn -0.9630 -0.1182 0.2421
vn -0.9421 -0.2181 0.2547
vn -0.9239 -0.2057 0.3226
vn -0.9448 -0.1058 0.3100
vn -0.2569 0.9558 -0.1432
vn -0.2387 0.9682 -0.0752
vn 0.7871 -0.6010 -0.1387
vn 0.8053 -0.5886 -0.0708
vn -0.4270 -0.8728 0.2362
vn -0.3523 -0.9090 0.2228
vn -0.3341 -0.8966 0.2907
vn -0.4088 -0.8604 0.3041
vn -0.3432 0.9321 -0.1157
vn -0.3250 0.9445 -0.0478
vn 0.8302 -0.5332 -0.1627
vn 0.8484 -0.5208 -0.0948
vn 0.3250 -0.9445 0.0478
vn 0.4165 -0.9090 0.0168
vn 0.4347 -0.8966 0.0847
vn 0.3432 -0.9321 0.1157
vn -0.4347 0.8966 -0.0847
vn -0.4165 0.9090 -0.0168
vn 0.8670 -0.4626 -0.1854
vn 0.8852 -0.4502 -0.1175
vn 0.6016 -0.7970 -0.0532
vn 0.6198 -0.7846 0.0147
vn -0.5547 0.8311 -0.0406
vn -0.6198 0.7846 -0.0147
vn -0.6016 0.7970 0.0532
vn -0.5365 0.8434 0.0273
vn 0.8981 -0.3878 -0.2074
vn 0.9163 -0.3755 -0.1395
vn 0.9448 0.1058 -0.3100
vn 0.9239 0.2057 -0.3226
vn 0.9421 0.2181 -0.2547
vn 0.9630 0.1182 -0.2421
vn -0.5061 0.8604 -0.0590
vn -0.4879 0.8728 0.0089
vn 0.9237 -0.3071 -0.2290
vn 0.9419 -0.2947 -0.1611
vn 0.3341 0.8966 -0.2907
vn 0.2394 0.9321 -0.2718
vn 0.2576 0.9445 -0.2039
vn 0.3523 0.9090 -0.2228
vn -0.9733 0.1058 0.2039
vn -0.9753 0.0232 0.2196
vn -0.9571 0.0356 0.2875
vn -0.9551 0.1182 0.2719
vn 0.9432 -0.2181 -0.2504
vn 0.9614 -0.2057 -0.1825
vn -0.6936 0.7202 0.0169
vn -0.6754 0.7326 0.0848
vn -0.7544 0.6548 0.0451
vn -0.7362 0.6672 0.1130
vn -0.8053 0.5886 0.0708
vn -0.7871 0.6010 0.1387
vn 0.9544 0.0232 -0.2975
vn 0.9726 0.0356 -0.2296
vn -0.8484 0.5208 0.0948
vn -0.8302 0.5331 0.1627
vn -0.8852 0.4502 0.1175
vn -0.8670 0.4626 0.1854
vn 0.5294 0.7846 -0.3226
vn 0.4601 0.8311 -0.3125
vn 0.4783 0.8434 -0.2446
vn 0.5476 0.7970 -0.2547
vn -0.9163 0.3755 0.1395
vn -0.8981 0.3878 0.2074
vn 0.8963 0.2947 -0.3315
vn 0.9144 0.3071 -0.2636
vn -0.9419 0.2947 0.1611
vn -0.9237 0.3071 0.2290
vn 0.8633 0.3755 -0.3374
vn 0.8815 0.3878 -0.2695
vn -0.9614 0.2057 0.1825
vn -0.9432 0.2181 0.2504
vn 0.8253 0.4502 -0.3408
vn 0.8435 0.4626 -0.2729
vn 0.7821 0.5208 -0.3422
vn 0.8003 0.5331 -0.2743
vn -0.2390 -0.2068 -0.9487
vn -0.2424 -0.2080 -0.9476
vn -0.2456 -0.2088 -0.9466
vn -0.2487 -0.2093 -0.9457
vn -0.2516 -0.2095 -0.9449
vn -0.2545 -0.2095 -0.9441
vn -0.2575 -0.2093 -0.9433
vn -0.2606 -0.2088 -0.9426
vn -0.2639 -0.2080 -0.9419
vn -0.2674 -0.2068 -0.9411
vn -0.2699 -0.2051 -0.9408
vn -0.2718 -0.2040 -0.9405
vn -0.2746 -0.2027 -0.9400
vn -0.2775 -0.2002 -0.9396
vn -0.2799 -0.1978 -0.9394
vn -0.2819 -0.1953 -0.9393
vn -0.2837 -0.1928 -0.9393
vn -0.2853 -0.1902 -0.9394
vn -0.2867 -0.1875 -0.9395
vn -0.2879 -0.1846 -0.9397
vn -0.2890 -0.1813 -0.9400
vn -0.2899 -0.1777 -0.9404
vn -0.2898 -0.1746 -0.9410
vn -0.2899 -0.1725 -0.9414
vn -0.2903 -0.1694 -0.9418
vn -0.2897 -0.1657 -0.9426
vn -0.2889 -0.1625 -0.9435
vn -0.2880 -0.1595 -0.9443
vn -0.2868 -0.1568 -0.9451
vn -0.2855 -0.1542 -0.9459
vn -0.2839 -0.1517 -0.9468
vn -0.2821 -0.1493 -0.9477
vn -0.2799 -0.1468 -0.9487
vn -0.2772 -0.1444 -0.9499
vn -0.2746 -0.1431 -0.9509
vn -0.2728 -0.1420 -0.9515
vn -0.2704 -0.1402 -0.9525
vn -0.2670 -0.1390 -0.9536
vn -0.2638 -0.1382 -0.9546
vn -0.2608 -0.1377 -0.9555
vn -0.2578 -0.1375 -0.9564
vn -0.2549 -0.1375 -0.9571
vn -0.2519 -0.1377 -0.9579
vn -0.2488 -0.1382 -0.9586
vn -0.2456 -0.1390 -0.9594
vn -0.2421 -0.1402 -0.9601
vn -0.2395 -0.1420 -0.9605
vn -0.2376 -0.1431 -0.9608
vn -0.2348 -0.1444 -0.9613
vn -0.2320 -0.1468 -0.9616
vn -0.2296 -0.1493 -0.9618
vn -0.2275 -0.1517 -0.9619
vn -0.2257 -0.1542 -0.9619
vn -0.2242 -0.1568 -0.9619
vn -0.2227 -0.1595 -0.9617
vn -0.2215 -0.1625 -0.9615
vn -0.2204 -0.1657 -0.9612
vn -0.2195 -0.1694 -0.9608
vn -0.2197 -0.1725 -0.9602
vn -0.2196 -0.1746 -0.9598
vn -0.2191 -0.1777 -0.9594
vn -0.2197 -0.1813 -0.9586
vn -0.2205 -0.1846 -0.9578
vn -0.2215 -0.1875 -0.9570
vn -0.2226 -0.1902 -0.9562
vn -0.2240 -0.1928 -0.9553
vn -0.2255 -0.1953 -0.9545
vn -0.2274 -0.1978 -0.9535
vn -0.2295 -0.2002 -0.9525
vn -0.2322 -0.2027 -0.9513
vn -0.2349 -0.2040 -0.9504
vn -0.2366 -0.2051 -0.9497
vn -0.9726 -0.0356 0.2296
vn -0.9544 -0.0232 0.2975
vn 0.7328 0.5886 -0.3413
vn 0.7510 0.6010 -0.2734
vn 0.2387 -0.9682 0.0752
vn 0.2569 -0.9558 0.1431
vn 0.6759 0.6548 -0.3382
vn 0.6941 0.6672 -0.2703
vn 0.1562 -0.9827 0.1000
vn 0.1744 -0.9703 0.1679
vn -0.4783 -0.8434 0.2446
vn -0.4601 -0.8311 0.3125
vn 0.6091 0.7202 -0.3322
vn 0.6273 0.7326 -0.2643
vn 0.0757 -0.9895 0.1228
vn 0.0939 -0.9771 0.1907
vn -0.9144 -0.3071 0.2636
vn -0.8963 -0.2947 0.3315
vn -0.0042 -0.9895 0.1442
vn 0.0140 -0.9771 0.2121
vn -0.8815 -0.3878 0.2695
vn -0.8633 -0.3755 0.3374
vn 0.4088 0.8604 -0.3041
vn 0.4270 0.8728 -0.2362
vn -0.0852 -0.9827 0.1647
vn -0.0670 -0.9703 0.2326
vn -0.8435 -0.4626 0.2729
vn -0.8253 -0.4502 0.3408
vn -0.1691 -0.9682 0.1845
vn -0.1509 -0.9558 0.2524
vn -0.8003 -0.5331 0.2743
vn -0.7821 -0.5208 0.3422
vn -0.2576 -0.9445 0.2039
vn -0.2394 -0.9321 0.2718
vn -0.7510 -0.6010 0.2734
vn -0.7328 -0.5886 0.3413
vn 0.1509 0.9558 -0.2524
vn 0.1691 0.9682 -0.1845
vn -0.6941 -0.6672 0.2703
vn -0.6759 -0.6548 0.3382
vn 0.0671 0.9703 -0.2326
vn 0.0852 0.9827 -0.1647
vn 0.3853 -0.9189 -0.0850
vn 0.4561 -0.8831 -0.1105
vn 0.3369 -0.9157 -0.2190
vn 0.4055 -0.8810 -0.2437
vn 0.2817 -0.8940 -0.3485
vn 0.3467 -0.8610 -0.3720
vn 0.2208 -0.8541 -0.4710
vn 0.2808 -0.8236 -0.4928
vn 0.1554 -0.7968 -0.5839
vn 0.2093 -0.7694 -0.6035
vn 0.0868 -0.7234 -0.6849
vn 0.1335 -0.6996 -0.7020
vn 0.0165 -0.6354 -0.7720
vn 0.0550 -0.6155 -0.7862
vn -0.0541 -0.5345 -0.8434
vn -0.0247 -0.5190 -0.8544
vn -0.1236 -0.4227 -0.8978
vn -0.1038 -0.4119 -0.9053
vn -0.1907 -0.3024 -0.9339
vn -0.1808 -0.2964 -0.9378
vn 0.2947 -0.9540 -0.0543
vn 0.2491 -0.9498 -0.1892
vn 0.1984 -0.9263 -0.3203
vn 0.1437 -0.8840 -0.4449
vn 0.0861 -0.8237 -0.5604
vn 0.0268 -0.7467 -0.6646
vn -0.0331 -0.6546 -0.7552
vn -0.0923 -0.5492 -0.8306
vn -0.1497 -0.4327 -0.8890
vn -0.2040 -0.3073 -0.9295
vn 0.2092 -0.9775 -0.0271
vn 0.1662 -0.9725 -0.1629
vn 0.1199 -0.9478 -0.2953
vn 0.0710 -0.9039 -0.4218
vn 0.0208 -0.8416 -0.5397
vn -0.0299 -0.7622 -0.6466
vn -0.0799 -0.6674 -0.7404
vn -0.1283 -0.5590 -0.8192
vn -0.1742 -0.4393 -0.8813
vn -0.2165 -0.3106 -0.9256
vn 0.1275 -0.9918 -0.0025
vn 0.0870 -0.9865 -0.1391
vn 0.0447 -0.9610 -0.2728
vn 0.0015 -0.9161 -0.4010
vn -0.0417 -0.8526 -0.5210
vn -0.0840 -0.7717 -0.6304
vn -0.1247 -0.6752 -0.7270
vn -0.1628 -0.5650 -0.8089
vn -0.1976 -0.4433 -0.8743
vn -0.2284 -0.3126 -0.9220
vn 0.0478 -0.9987 0.0200
vn 0.0097 -0.9931 -0.1172
vn -0.0285 -0.9673 -0.2520
vn -0.0662 -0.9219 -0.3818
vn -0.1026 -0.8578 -0.5037
vn -0.1368 -0.7762 -0.6154
vn -0.1683 -0.6789 -0.7147
vn -0.1963 -0.5678 -0.7994
vn -0.2204 -0.4452 -0.8679
vn -0.2400 -0.3136 -0.9187
vn -0.0314 -0.9987 0.0413
vn -0.0670 -0.9931 -0.0966
vn -0.1013 -0.9673 -0.2325
vn -0.1335 -0.9219 -0.3637
vn -0.1630 -0.8578 -0.4875
vn -0.1892 -0.7762 -0.6014
vn -0.2116 -0.6789 -0.7031
vn -0.2297 -0.5678 -0.7904
vn -0.2431 -0.4452 -0.8618
vn -0.2515 -0.3136 -0.9156
vn -0.1117 -0.9918 0.0615
vn -0.1449 -0.9865 -0.0770
vn -0.1751 -0.9610 -0.2139
vn -0.2018 -0.9161 -0.3465
vn -0.2244 -0.8526 -0.4720
vn -0.2424 -0.7717 -0.5880
vn -0.2555 -0.6752 -0.6919
vn -0.2635 -0.5650 -0.7819
vn -0.2660 -0.4433 -0.8560
vn -0.2632 -0.3126 -0.9127
vn -0.1947 -0.9775 0.0812
vn -0.2254 -0.9725 -0.0579
vn -0.2515 -0.9478 -0.1958
vn -0.2724 -0.9039 -0.3298
vn -0.2879 -0.8416 -0.4570
vn -0.2974 -0.7622 -0.5749
vn -0.3010 -0.6674 -0.6812
vn -0.2984 -0.5590 -0.7736
vn -0.2898 -0.4393 -0.8503
vn -0.2753 -0.3106 -0.9098
vn -0.2823 -0.9540 0.1004
vn -0.3103 -0.9498 -0.0393
vn -0.3320 -0.9263 -0.1782
vn -0.3469 -0.8840 -0.3134
vn -0.3548 -0.8237 -0.4423
vn -0.3555 -0.7467 -0.5622
vn -0.3489 -0.6546 -0.6706
vn -0.3353 -0.5492 -0.7655
vn -0.3149 -0.4327 -0.8448
vn -0.2881 -0.3073 -0.9069
vn -0.3762 -0.9189 0.1191
vn -0.4013 -0.9157 -0.0212
vn -0.4182 -0.8940 -0.1610
vn -0.4267 -0.8541 -0.2975
vn -0.4265 -0.7968 -0.4280
vn -0.4176 -0.7235 -0.5497
vn -0.4003 -0.6354 -0.6603
vn -0.3749 -0.5345 -0.7575
vn -0.3418 -0.4227 -0.8393
vn -0.3018 -0.3024 -0.9041
vn -0.4502 -0.8831 0.1324
vn -0.4730 -0.8810 -0.0083
vn -0.4863 -0.8610 -0.1489
vn -0.4896 -0.8236 -0.2863
vn -0.4830 -0.7694 -0.4180
vn -0.4666 -0.6996 -0.5412
vn -0.4407 -0.6155 -0.6534
vn -0.4059 -0.5190 -0.7523
vn -0.3628 -0.4119 -0.8359
vn -0.3123 -0.2964 -0.9026
vn -0.1639 -0.2862 -0.9441
vn -0.1739 -0.2921 -0.9404
vn -0.0711 -0.3909 -0.9177
vn -0.0900 -0.4035 -0.9105
vn 0.0231 -0.4878 -0.8727
vn -0.0044 -0.5067 -0.8621
vn 0.1169 -0.5747 -0.8100
vn 0.0813 -0.5996 -0.7962
vn 0.2083 -0.6500 -0.7309
vn 0.1654 -0.6803 -0.7141
vn 0.2955 -0.7121 -0.6369
vn 0.2461 -0.7471 -0.6174
vn 0.3767 -0.7598 -0.5300
vn 0.3218 -0.7988 -0.5083
vn 0.4502 -0.7920 -0.4123
vn 0.3909 -0.8343 -0.3888
vn 0.5147 -0.8082 -0.2862
vn 0.4521 -0.8528 -0.2614
vn 0.5687 -0.8080 -0.1543
vn 0.5042 -0.8540 -0.1287
vn -0.1534 -0.2767 -0.9486
vn -0.0503 -0.3725 -0.9266
vn 0.0538 -0.4608 -0.8859
vn 0.1568 -0.5397 -0.8271
vn 0.2567 -0.6077 -0.7516
vn 0.3513 -0.6633 -0.6608
vn 0.4388 -0.7055 -0.5566
vn 0.5174 -0.7333 -0.4410
vn 0.5855 -0.7463 -0.3165
vn 0.6418 -0.7441 -0.1856
vn -0.1447 -0.2672 -0.9527
vn -0.0331 -0.3540 -0.9347
vn 0.0791 -0.4335 -0.8977
vn 0.1897 -0.5043 -0.8424
vn 0.2965 -0.5648 -0.7701
vn 0.3973 -0.6139 -0.6821
vn 0.4900 -0.6505 -0.5803
vn 0.5728 -0.6739 -0.4667
vn 0.6439 -0.6836 -0.3436
vn 0.7020 -0.6794 -0.2135
vn -0.1374 -0.2576 -0.9564
vn -0.0188 -0.3351 -0.9420
vn 0.1003 -0.4059 -0.9084
vn 0.2173 -0.4684 -0.8564
vn 0.3299 -0.5213 -0.7870
vn 0.4358 -0.5637 -0.7016
vn 0.5328 -0.5947 -0.6020
vn 0.6191 -0.6136 -0.4901
vn 0.6928 -0.6200 -0.3683
vn 0.7524 -0.6138 -0.2390
vn -0.1313 -0.2478 -0.9599
vn -0.0066 -0.3159 -0.9488
vn 0.1182 -0.3776 -0.9184
vn 0.2407 -0.4316 -0.8694
vn 0.3582 -0.4768 -0.8027
vn 0.4684 -0.5124 -0.7198
vn 0.5692 -0.5376 -0.6222
vn 0.6584 -0.5518 -0.5119
vn 0.7342 -0.5548 -0.3913
vn 0.7951 -0.5466 -0.2627
vn -0.1260 -0.2376 -0.9632
vn 0.0038 -0.2959 -0.9552
vn 0.1336 -0.3481 -0.9279
vn 0.2606 -0.3933 -0.8817
vn 0.3823 -0.4305 -0.8176
vn 0.4962 -0.4590 -0.7370
vn 0.6001 -0.4781 -0.6413
vn 0.6918 -0.4876 -0.5326
vn 0.7695 -0.4871 -0.4131
vn 0.8315 -0.4767 -0.2852
vn -0.1214 -0.2269 -0.9663
vn 0.0127 -0.2747 -0.9614
vn 0.1466 -0.3170 -0.9370
vn 0.2774 -0.3528 -0.8936
vn 0.4027 -0.3815 -0.8320
vn 0.5198 -0.4024 -0.7536
vn 0.6263 -0.4152 -0.6598
vn 0.7201 -0.4195 -0.5526
vn 0.7993 -0.4153 -0.4342
vn 0.8623 -0.4027 -0.3070
vn -0.1177 -0.2152 -0.9694
vn 0.0200 -0.2519 -0.9676
vn 0.1573 -0.2833 -0.9460
vn 0.2914 -0.3091 -0.9053
vn 0.4195 -0.3285 -0.8462
vn 0.5392 -0.3413 -0.7699
vn 0.6479 -0.3472 -0.6780
vn 0.7435 -0.3460 -0.5723
vn 0.8239 -0.3378 -0.4550
vn 0.8877 -0.3227 -0.3284
vn -0.1147 -0.2024 -0.9726
vn 0.0257 -0.2266 -0.9736
vn 0.1655 -0.2462 -0.9550
vn 0.3020 -0.2608 -0.9169
vn 0.4324 -0.2702 -0.8603
vn 0.5540 -0.2740 -0.7862
vn 0.6643 -0.2723 -0.6961
vn 0.7612 -0.2650 -0.5918
vn 0.8427 -0.2524 -0.4756
vn 0.9070 -0.2346 -0.3497
vn -0.1128 -0.1880 -0.9757
vn 0.0292 -0.1983 -0.9797
vn 0.1706 -0.2045 -0.9639
vn 0.3085 -0.2067 -0.9285
vn 0.4402 -0.2046 -0.8743
vn 0.5629 -0.1983 -0.8023
vn 0.6743 -0.1881 -0.7141
vn 0.7720 -0.1740 -0.6113
vn 0.8540 -0.1564 -0.4962
vn 0.9187 -0.1356 -0.3709
vn -0.1134 -0.1761 -0.9778
vn 0.0290 -0.1749 -0.9842
vn 0.1708 -0.1701 -0.9705
vn 0.3092 -0.1619 -0.9371
vn 0.4412 -0.1504 -0.8847
vn 0.5643 -0.1359 -0.8143
vn 0.6759 -0.1186 -0.7274
vn 0.7738 -0.0988 -0.6256
vn 0.8560 -0.0771 -0.5112
vn 0.9208 -0.0538 -0.3864
vn -0.1143 -0.1556 -0.9812
vn -0.1138 -0.1676 -0.9793
vn 0.0263 -0.1347 -0.9905
vn 0.0282 -0.1582 -0.9870
vn 0.1663 -0.1111 -0.9798
vn 0.1697 -0.1456 -0.9747
vn 0.3030 -0.0852 -0.9492
vn 0.3077 -0.1301 -0.9425
vn 0.4335 -0.0576 -0.8993
vn 0.4395 -0.1119 -0.8913
vn 0.5552 -0.0289 -0.8312
vn 0.5623 -0.0914 -0.8219
vn 0.6657 0.0005 -0.7462
vn 0.6737 -0.0690 -0.7358
vn 0.7627 0.0299 -0.6461
vn 0.7714 -0.0453 -0.6347
vn 0.8442 0.0586 -0.5328
vn 0.8534 -0.0206 -0.5208
vn 0.9086 0.0862 -0.4087
vn 0.9181 0.0044 -0.3963
vn -0.1175 -0.1412 -0.9830
vn 0.0202 -0.1064 -0.9941
vn 0.1575 -0.0694 -0.9851
vn 0.2915 -0.0311 -0.9561
vn 0.4197 0.0079 -0.9076
vn 0.5393 0.0468 -0.8408
vn 0.6481 0.0847 -0.7569
vn 0.7436 0.1209 -0.6576
vn 0.8241 0.1546 -0.5449
vn 0.8879 0.1852 -0.4212
vn -0.1216 -0.1284 -0.9842
vn 0.0123 -0.0812 -0.9966
vn 0.1459 -0.0324 -0.9888
vn 0.2765 0.0171 -0.9609
vn 0.4015 0.0663 -0.9134
vn 0.5184 0.1141 -0.8475
vn 0.6248 0.1596 -0.7643
vn 0.7185 0.2019 -0.6656
vn 0.7976 0.2401 -0.5534
vn 0.8605 0.2734 -0.4299
vn -0.1265 -0.1168 -0.9851
vn 0.0028 -0.0584 -0.9983
vn 0.1320 0.0013 -0.9912
vn 0.2586 0.0609 -0.9641
vn 0.3798 0.1193 -0.9173
vn 0.4934 0.1752 -0.8520
vn 0.5970 0.2276 -0.7693
vn 0.6884 0.2754 -0.6710
vn 0.7659 0.3176 -0.5591
vn 0.8278 0.3533 -0.4358
vn -0.1320 -0.1061 -0.9856
vn -0.0080 -0.0372 -0.9993
vn 0.1162 0.0324 -0.9927
vn 0.2380 0.1014 -0.9660
vn 0.3549 0.1683 -0.9196
vn 0.4647 0.2318 -0.8546
vn 0.5650 0.2905 -0.7722
vn 0.6539 0.3434 -0.6742
vn 0.7295 0.3893 -0.5624
vn 0.7902 0.4274 -0.4392
vn -0.1382 -0.0959 -0.9858
vn -0.0202 -0.0172 -0.9996
vn 0.0982 0.0619 -0.9932
vn 0.2146 0.1396 -0.9667
vn 0.3266 0.2146 -0.9205
vn 0.4320 0.2852 -0.8556
vn 0.5287 0.3500 -0.7733
vn 0.6146 0.4077 -0.6754
vn 0.6880 0.4571 -0.5637
vn 0.7475 0.4972 -0.4405
vn -0.1453 -0.0861 -0.9856
vn -0.0341 0.0021 -0.9994
vn 0.0777 0.0902 -0.9929
vn 0.1879 0.1764 -0.9662
vn 0.2943 0.2591 -0.9199
vn 0.3947 0.3365 -0.8550
vn 0.4871 0.4071 -0.7726
vn 0.5697 0.4695 -0.6746
vn 0.6406 0.5223 -0.5629
vn 0.6986 0.5645 -0.4397
vn -0.1534 -0.0765 -0.9852
vn -0.0502 0.0209 -0.9985
vn 0.0540 0.1178 -0.9916
vn 0.1570 0.2124 -0.9645
vn 0.2569 0.3026 -0.9178
vn 0.3516 0.3867 -0.8526
vn 0.4392 0.4629 -0.7700
vn 0.5178 0.5298 -0.6717
vn 0.5860 0.5859 -0.5598
vn 0.6422 0.6301 -0.4366
vn -0.1629 -0.0669 -0.9844
vn -0.0691 0.0395 -0.9968
vn 0.0262 0.1451 -0.9891
vn 0.1209 0.2478 -0.9612
vn 0.2132 0.3454 -0.9139
vn 0.3011 0.4361 -0.8480
vn 0.3830 0.5179 -0.7649
vn 0.4571 0.5892 -0.6663
vn 0.5219 0.6486 -0.5541
vn 0.5761 0.6947 -0.4306
vn -0.1743 -0.0575 -0.9830
vn -0.0916 0.0579 -0.9941
vn -0.0070 0.1721 -0.9851
vn 0.0777 0.2828 -0.9560
vn 0.1609 0.3878 -0.9076
vn 0.2408 0.4849 -0.8408
vn 0.3159 0.5722 -0.7568
vn 0.3845 0.6479 -0.6576
vn 0.4454 0.7104 -0.5449
vn 0.4972 0.7586 -0.4211
vn -0.1848 -0.0516 -0.9814
vn -0.1117 0.0704 -0.9912
vn -0.0362 0.1910 -0.9809
vn 0.0399 0.3076 -0.9507
vn 0.1152 0.4180 -0.9011
vn 0.1882 0.5199 -0.8332
vn 0.2574 0.6112 -0.7484
vn 0.3214 0.6901 -0.6484
vn 0.3788 0.7550 -0.5352
vn 0.4285 0.8046 -0.4112
vn -0.2026 -0.0413 -0.9784
vn -0.1922 -0.0473 -0.9802
vn -0.1470 0.0897 -0.9851
vn -0.1262 0.0787 -0.9889
vn -0.0885 0.2188 -0.9717
vn -0.0576 0.2032 -0.9774
vn -0.0281 0.3435 -0.9387
vn 0.0121 0.3235 -0.9461
vn 0.0328 0.4612 -0.8867
vn 0.0816 0.4373 -0.8956
vn 0.0930 0.5696 -0.8166
vn 0.1494 0.5421 -0.8269
vn 0.1514 0.6665 -0.7300
vn 0.2142 0.6360 -0.7414
vn 0.2067 0.7498 -0.6285
vn 0.2747 0.7169 -0.6408
vn 0.2578 0.8180 -0.5143
vn 0.3295 0.7832 -0.5272
vn 0.3037 0.8695 -0.3896
vn 0.3777 0.8337 -0.4029
vn -0.2163 -0.0363 -0.9756
vn -0.1740 0.0996 -0.9797
vn -0.1280 0.2335 -0.9639
vn -0.0795 0.3627 -0.9285
vn -0.0294 0.4845 -0.8743
vn 0.0213 0.5965 -0.8023
vn 0.0716 0.6964 -0.7141
vn 0.1204 0.7822 -0.6113
vn 0.1668 0.8521 -0.4961
vn 0.2099 0.9047 -0.3708
vn -0.2291 -0.0331 -0.9728
vn -0.1991 0.1062 -0.9742
vn -0.1650 0.2433 -0.9558
vn -0.1275 0.3755 -0.9180
vn -0.0875 0.5000 -0.8616
vn -0.0456 0.6144 -0.7877
vn -0.0029 0.7163 -0.6978
vn 0.0399 0.8037 -0.5937
vn 0.0819 0.8748 -0.4775
vn 0.1223 0.9281 -0.3516
vn -0.2412 -0.0311 -0.9700
vn -0.2229 0.1102 -0.9686
vn -0.2000 0.2493 -0.9476
vn -0.1730 0.3833 -0.9073
vn -0.1425 0.5095 -0.8486
vn -0.1091 0.6253 -0.7727
vn -0.0735 0.7285 -0.6811
vn -0.0365 0.8169 -0.5756
vn 0.0014 0.8887 -0.4585
vn 0.0392 0.9425 -0.3320
vn -0.2529 -0.0301 -0.9670
vn -0.2458 0.1122 -0.9628
vn -0.2338 0.2521 -0.9390
vn -0.2169 0.3870 -0.8962
vn -0.1957 0.5140 -0.8352
vn -0.1705 0.6305 -0.7572
vn -0.1418 0.7343 -0.6638
vn -0.1103 0.8232 -0.5570
vn -0.0765 0.8953 -0.4388
vn -0.0411 0.9493 -0.3117
vn -0.2645 -0.0301 -0.9639
vn -0.2685 0.1122 -0.9567
vn -0.2671 0.2521 -0.9301
vn -0.2602 0.3870 -0.8846
vn -0.2481 0.5140 -0.8211
vn -0.2310 0.6305 -0.7410
vn -0.2091 0.7343 -0.6458
vn -0.1830 0.8232 -0.5375
vn -0.1532 0.8953 -0.4183
vn -0.1203 0.9493 -0.2905
vn -0.2761 -0.0311 -0.9606
vn -0.2913 0.1102 -0.9503
vn -0.3006 0.2493 -0.9206
vn -0.3038 0.3833 -0.8722
vn -0.3009 0.5095 -0.8062
vn -0.2918 0.6253 -0.7237
vn -0.2768 0.7285 -0.6266
vn -0.2562 0.8169 -0.5167
vn -0.2304 0.8887 -0.3963
vn -0.1999 0.9425 -0.2679
vn -0.2880 -0.0331 -0.9571
vn -0.3147 0.1062 -0.9432
vn -0.3350 0.2433 -0.9102
vn -0.3486 0.3755 -0.8588
vn -0.3550 0.5000 -0.7899
vn -0.3543 0.6144 -0.7050
vn -0.3464 0.7163 -0.6057
vn -0.3314 0.8037 -0.4942
vn -0.3097 0.8748 -0.3726
vn -0.2817 0.9281 -0.2434
vn -0.3005 -0.0363 -0.9531
vn -0.3392 0.0996 -0.9354
vn -0.3711 0.2335 -0.8988
vn -0.3954 0.3627 -0.8439
vn -0.4117 0.4845 -0.7719
vn -0.4196 0.5965 -0.6842
vn -0.4190 0.6964 -0.5826
vn -0.4100 0.7822 -0.4692
vn -0.3926 0.8521 -0.3462
vn -0.3672 0.9047 -0.2162
vn -0.3138 -0.0413 -0.9486
vn -0.3652 0.0897 -0.9266
vn -0.4093 0.2188 -0.8858
vn -0.4450 0.3435 -0.8270
vn -0.4717 0.4612 -0.7515
vn -0.4889 0.5696 -0.6607
vn -0.4961 0.6665 -0.5565
vn -0.4933 0.7498 -0.4410
vn -0.4804 0.8180 -0.3165
vn -0.4578 0.8695 -0.1855
vn -0.3237 -0.0473 -0.9450
vn -0.3852 0.0787 -0.9195
vn -0.4388 0.2032 -0.8753
vn -0.4836 0.3235 -0.8133
vn -0.5185 0.4373 -0.7348
vn -0.5429 0.5421 -0.6414
vn -0.5562 0.6360 -0.5349
vn -0.5583 0.7169 -0.4176
vn -0.5490 0.7832 -0.2918
vn -0.5285 0.8337 -0.1600
vn -0.3405 -0.0575 -0.9385
vn -0.3306 -0.0516 -0.9423
vn -0.4177 0.0579 -0.9067
vn -0.3989 0.0704 -0.9143
vn -0.4865 0.1721 -0.8566
vn -0.4591 0.1910 -0.8676
vn -0.5453 0.2828 -0.7891
vn -0.5099 0.3076 -0.8034
vn -0.5932 0.3878 -0.7055
vn -0.5504 0.4180 -0.7228
vn -0.6289 0.4849 -0.6077
vn -0.5796 0.5199 -0.6275
vn -0.6520 0.5722 -0.4975
vn -0.5971 0.6112 -0.5195
vn -0.6618 0.6479 -0.3772
vn -0.6025 0.6901 -0.4009
vn -0.6581 0.7104 -0.2492
vn -0.5956 0.7550 -0.2741
vn -0.6411 0.7586 -0.1161
vn -0.5767 0.8046 -0.1418
vn -0.3511 -0.0669 -0.9340
vn -0.4386 0.0395 -0.8978
vn -0.5172 0.1451 -0.8435
vn -0.5853 0.2478 -0.7720
vn -0.6416 0.3454 -0.6849
vn -0.6848 0.4361 -0.5839
vn -0.7141 0.5179 -0.4710
vn -0.7290 0.5892 -0.3485
vn -0.7290 0.6486 -0.2189
vn -0.7142 0.6947 -0.0849
vn -0.3597 -0.0765 -0.9299
vn -0.4558 0.0209 -0.8899
vn -0.5425 0.1178 -0.8317
vn -0.6182 0.2124 -0.7568
vn -0.6814 0.3026 -0.6664
vn -0.7308 0.3867 -0.5625
vn -0.7653 0.4629 -0.4472
vn -0.7843 0.5298 -0.3228
vn -0.7874 0.5859 -0.1918
vn -0.7745 0.6301 -0.0570
vn -0.3670 -0.0861 -0.9262
vn -0.4701 0.0021 -0.8826
vn -0.5637 0.0902 -0.8210
vn -0.6458 0.1764 -0.7428
vn -0.7148 0.2591 -0.6495
vn -0.7693 0.3365 -0.5431
vn -0.8082 0.4071 -0.4256
vn -0.8307 0.4695 -0.2994
vn -0.8362 0.5223 -0.1671
vn -0.8249 0.5645 -0.0315
vn -0.3732 -0.0959 -0.9228
vn -0.4823 -0.0172 -0.8758
vn -0.5817 0.0619 -0.8111
vn -0.6692 0.1396 -0.7299
vn -0.7431 0.2146 -0.6338
vn -0.8019 0.2852 -0.5250
vn -0.8445 0.3500 -0.4054
vn -0.8699 0.4077 -0.2776
vn -0.8777 0.4571 -0.1441
vn -0.8676 0.4972 -0.0078
vn -0.3785 -0.1061 -0.9195
vn -0.4927 -0.0372 -0.8694
vn -0.5970 0.0324 -0.8016
vn -0.6891 0.1014 -0.7176
vn -0.7672 0.1683 -0.6189
vn -0.8297 0.2318 -0.5078
vn -0.8754 0.2905 -0.3863
vn -0.9034 0.3434 -0.2569
vn -0.9129 0.3893 -0.1223
vn -0.9040 0.4273 0.0148
vn -0.3830 -0.1168 -0.9163
vn -0.5016 -0.0584 -0.8631
vn -0.6100 0.0013 -0.7924
vn -0.7060 0.0609 -0.7056
vn -0.7876 0.1193 -0.6045
vn -0.8533 0.1752 -0.4911
vn -0.9016 0.2276 -0.3677
vn -0.9317 0.2754 -0.2369
vn -0.9428 0.3176 -0.1012
vn -0.9348 0.3533 0.0365
vn -0.3868 -0.1284 -0.9132
vn -0.5089 -0.0812 -0.8570
vn -0.6207 -0.0324 -0.7834
vn -0.7199 0.0171 -0.6939
vn -0.8044 0.0663 -0.5903
vn -0.8727 0.1141 -0.4748
vn -0.9232 0.1596 -0.3495
vn -0.9550 0.2019 -0.2172
vn -0.9674 0.2401 -0.0805
vn -0.9602 0.2734 0.0579
vn -0.3897 -0.1412 -0.9100
vn -0.5146 -0.1064 -0.8508
vn -0.6289 -0.0694 -0.7744
vn -0.7305 -0.0311 -0.6822
vn -0.8173 0.0079 -0.5762
vn -0.8875 0.0468 -0.4585
vn -0.9397 0.0847 -0.3314
vn -0.9728 0.1209 -0.1977
vn -0.9862 0.1546 -0.0598
vn -0.9795 0.1852 0.0792
vn -0.3916 -0.1556 -0.9069
vn -0.5180 -0.1347 -0.8447
vn -0.6339 -0.1111 -0.7654
vn -0.7370 -0.0852 -0.6705
vn -0.8251 -0.0576 -0.5621
vn -0.8964 -0.0289 -0.4423
vn -0.9496 0.0005 -0.3134
vn -0.9835 0.0299 -0.1782
vn -0.9975 0.0586 -0.0393
vn -0.9912 0.0862 0.1004
vn -0.3911 -0.1676 -0.9050
vn -0.5180 -0.1582 -0.8406
vn -0.6343 -0.1456 -0.7592
vn -0.7378 -0.1301 -0.6624
vn -0.8262 -0.1119 -0.5521
vn -0.8979 -0.0914 -0.4306
vn -0.9513 -0.0690 -0.3004
vn -0.9854 -0.0453 -0.1640
vn -0.9995 -0.0206 -0.0243
vn -0.9933 0.0044 0.1159
vn -0.3902 -0.1880 -0.9013
vn -0.3907 -0.1761 -0.9035
vn -0.5151 -0.1983 -0.8338
vn -0.5172 -0.1749 -0.8378
vn -0.6297 -0.2046 -0.7494
vn -0.6332 -0.1701 -0.7551
vn -0.7314 -0.2067 -0.6499
vn -0.7363 -0.1619 -0.6570
vn -0.8184 -0.2046 -0.5371
vn -0.8245 -0.1504 -0.5456
vn -0.8887 -0.1983 -0.4134
vn -0.8959 -0.1359 -0.4230
vn -0.9410 -0.1881 -0.2813
vn -0.9491 -0.1186 -0.2919
vn -0.9742 -0.1740 -0.1434
vn -0.9830 -0.0988 -0.1549
vn -0.9877 -0.1564 -0.0027
vn -0.9969 -0.0771 -0.0147
vn -0.9811 -0.1356 0.1382
vn -0.9906 -0.0538 0.1258
vn -0.3870 -0.2024 -0.8996
vn -0.5091 -0.2266 -0.8304
vn -0.6208 -0.2462 -0.7443
vn -0.7200 -0.2608 -0.6431
vn -0.8046 -0.2702 -0.5288
vn -0.8728 -0.2740 -0.4038
vn -0.9234 -0.2723 -0.2706
vn -0.9552 -0.2650 -0.1319
vn -0.9676 -0.2524 0.0095
vn -0.9603 -0.2346 0.1507
vn -0.3828 -0.2152 -0.8984
vn -0.5011 -0.2518 -0.8279
vn -0.6092 -0.2833 -0.7406
vn -0.7050 -0.3091 -0.6383
vn -0.7864 -0.3285 -0.5231
vn -0.8519 -0.3413 -0.3972
vn -0.9001 -0.3472 -0.2632
vn -0.9300 -0.3460 -0.1239
vn -0.9410 -0.3378 0.0180
vn -0.9330 -0.3227 0.1595
vn -0.3780 -0.2269 -0.8976
vn -0.4917 -0.2747 -0.8263
vn -0.5954 -0.3170 -0.7382
vn -0.6871 -0.3528 -0.6352
vn -0.7648 -0.3815 -0.5192
vn -0.8269 -0.4024 -0.3927
vn -0.8723 -0.4152 -0.2583
vn -0.9000 -0.4195 -0.1185
vn -0.9094 -0.4153 0.0236
vn -0.9003 -0.4027 0.1653
vn -0.3725 -0.2376 -0.8971
vn -0.4809 -0.2959 -0.8253
vn -0.5796 -0.3481 -0.7368
vn -0.6665 -0.3933 -0.6333
vn -0.7399 -0.4305 -0.5170
vn -0.7982 -0.4590 -0.3901
vn -0.8404 -0.4781 -0.2553
vn -0.8654 -0.4876 -0.1154
vn -0.8729 -0.4871 0.0269
vn -0.8627 -0.4767 0.1687
vn -0.3663 -0.2478 -0.8969
vn -0.4687 -0.3159 -0.8249
vn -0.5616 -0.3776 -0.7362
vn -0.6431 -0.4316 -0.6326
vn -0.7115 -0.4768 -0.5161
vn -0.7655 -0.5124 -0.3891
vn -0.8040 -0.5376 -0.2542
vn -0.8261 -0.5518 -0.1142
vn -0.8315 -0.5548 0.0282
vn -0.8199 -0.5466 0.1700
vn -0.3592 -0.2576 -0.8970
vn -0.4547 -0.3351 -0.8252
vn -0.5411 -0.4059 -0.7366
vn -0.6164 -0.4684 -0.6330
vn -0.6792 -0.5213 -0.5166
vn -0.7282 -0.5637 -0.3897
vn -0.7625 -0.5947 -0.2549
vn -0.7812 -0.6136 -0.1149
vn -0.7841 -0.6200 0.0274
vn -0.7711 -0.6138 0.1692
vn -0.3510 -0.2672 -0.8974
vn -0.4387 -0.3540 -0.8260
vn -0.5173 -0.4335 -0.7378
vn -0.5855 -0.5043 -0.6347
vn -0.6418 -0.5648 -0.5187
vn -0.6851 -0.6139 -0.3921
vn -0.7145 -0.6505 -0.2576
vn -0.7294 -0.6739 -0.1178
vn -0.7295 -0.6836 0.0244
vn -0.7147 -0.6794 0.1661
vn -0.3415 -0.2767 -0.8982
vn -0.4198 -0.3725 -0.8276
vn -0.4895 -0.4608 -0.7403
vn -0.5494 -0.5397 -0.6379
vn -0.5981 -0.6077 -0.5226
vn -0.6346 -0.6633 -0.3966
vn -0.6583 -0.7055 -0.2626
vn -0.6686 -0.7333 -0.1232
vn -0.6653 -0.7463 0.0186
vn -0.6486 -0.7441 0.1602
vn -0.3301 -0.2862 -0.8995
vn -0.3973 -0.3909 -0.8303
vn -0.4564 -0.4878 -0.7442
vn -0.5062 -0.5747 -0.6430
vn -0.5458 -0.6500 -0.5288
vn -0.5743 -0.7121 -0.4038
vn -0.5912 -0.7598 -0.2707
vn -0.5961 -0.7920 -0.1320
vn -0.5888 -0.8082 0.0094
vn -0.5696 -0.8080 0.1507
vn -0.3197 -0.2921 -0.9014
vn -0.3773 -0.4035 -0.8336
vn -0.4272 -0.5067 -0.7488
vn -0.4685 -0.5996 -0.6488
vn -0.5002 -0.6803 -0.5357
vn -0.5218 -0.7471 -0.4117
vn -0.5328 -0.7988 -0.2793
vn -0.5329 -0.8343 -0.1412
vn -0.5223 -0.8528 -0.0003
vn -0.5010 -0.8540 0.1407
vn 0.3138 0.0413 0.9486
vn 0.3237 0.0473 0.9450
vn 0.3652 -0.0897 0.9266
vn 0.3852 -0.0787 0.9195
vn 0.4092 -0.2188 0.8858
vn 0.4388 -0.2032 0.8753
vn 0.4450 -0.3435 0.8270
vn 0.4836 -0.3235 0.8133
vn 0.4717 -0.4612 0.7515
vn 0.5185 -0.4373 0.7348
vn 0.4889 -0.5696 0.6607
vn 0.5429 -0.5421 0.6414
vn 0.4961 -0.6665 0.5565
vn 0.5562 -0.6360 0.5349
vn 0.4933 -0.7498 0.4410
vn 0.5583 -0.7169 0.4176
vn 0.4804 -0.8180 0.3165
vn 0.5490 -0.7832 0.2918
vn 0.4578 -0.8695 0.1855
vn 0.5285 -0.8337 0.1600
vn 0.3005 0.0363 0.9531
vn 0.3392 -0.0996 0.9354
vn 0.3710 -0.2335 0.8988
vn 0.3954 -0.3627 0.8439
vn 0.4117 -0.4845 0.7719
vn 0.4196 -0.5965 0.6842
vn 0.4190 -0.6964 0.5826
vn 0.4100 -0.7822 0.4692
vn 0.3925 -0.8521 0.3462
vn 0.3672 -0.9047 0.2162
vn 0.2880 0.0331 0.9571
vn 0.3147 -0.1062 0.9432
vn 0.3350 -0.2433 0.9102
vn 0.3486 -0.3755 0.8588
vn 0.3551 -0.5000 0.7899
vn 0.3543 -0.6144 0.7050
vn 0.3464 -0.7163 0.6057
vn 0.3314 -0.8037 0.4942
vn 0.3097 -0.8748 0.3726
vn 0.2817 -0.9281 0.2434
vn 0.2761 0.0311 0.9606
vn 0.2913 -0.1102 0.9503
vn 0.3006 -0.2493 0.9206
vn 0.3038 -0.3833 0.8722
vn 0.3009 -0.5095 0.8062
vn 0.2918 -0.6253 0.7237
vn 0.2768 -0.7285 0.6266
vn 0.2562 -0.8169 0.5167
vn 0.2304 -0.8887 0.3964
vn 0.1999 -0.9425 0.2679
vn 0.2645 0.0301 0.9639
vn 0.2685 -0.1122 0.9567
vn 0.2671 -0.2521 0.9301
vn 0.2602 -0.3870 0.8846
vn 0.2481 -0.5140 0.8211
vn 0.2310 -0.6305 0.7410
vn 0.2091 -0.7343 0.6458
vn 0.1830 -0.8232 0.5375
vn 0.1532 -0.8953 0.4183
vn 0.1203 -0.9493 0.2905
vn 0.2529 0.0301 0.9670
vn 0.2458 -0.1122 0.9628
vn 0.2338 -0.2521 0.9390
vn 0.2169 -0.3870 0.8962
vn 0.1957 -0.5140 0.8352
vn 0.1705 -0.6305 0.7572
vn 0.1418 -0.7343 0.6638
vn 0.1103 -0.8232 0.5570
vn 0.0765 -0.8953 0.4388
vn 0.0411 -0.9493 0.3117
vn 0.2412 0.0311 0.9700
vn 0.2229 -0.1102 0.9686
vn 0.2000 -0.2493 0.9476
vn 0.1730 -0.3833 0.9073
vn 0.1425 -0.5095 0.8486
vn 0.1091 -0.6253 0.7727
vn 0.0735 -0.7285 0.6811
vn 0.0365 -0.8169 0.5756
vn -0.0014 -0.8887 0.4585
vn -0.0392 -0.9425 0.3320
vn 0.2291 0.0331 0.9728
vn 0.1991 -0.1062 0.9742
vn 0.1650 -0.2433 0.9558
vn 0.1275 -0.3755 0.9180
vn 0.0875 -0.5000 0.8616
vn 0.0457 -0.6144 0.7877
vn 0.0029 -0.7163 0.6978
vn -0.0399 -0.8037 0.5937
vn -0.0819 -0.8748 0.4775
vn -0.1223 -0.9281 0.3516
vn 0.2163 0.0363 0.9756
vn 0.1740 -0.0996 0.9797
vn 0.1280 -0.2335 0.9639
vn 0.0795 -0.3627 0.9285
vn 0.0294 -0.4845 0.8743
vn -0.0213 -0.5965 0.8023
vn -0.0716 -0.6964 0.7141
vn -0.1204 -0.7822 0.6113
vn -0.1668 -0.8521 0.4961
vn -0.2099 -0.9047 0.3708
vn 0.2026 0.0413 0.9784
vn 0.1470 -0.0897 0.9851
vn 0.0885 -0.2188 0.9717
vn 0.0281 -0.3435 0.9387
vn -0.0328 -0.4612 0.8867
vn -0.0930 -0.5696 0.8166
vn -0.1514 -0.6665 0.7300
vn -0.2067 -0.7498 0.6285
vn -0.2578 -0.8180 0.5143
vn -0.3037 -0.8695 0.3896
vn 0.1922 0.0473 0.9802
vn 0.1262 -0.0787 0.9889
vn 0.0576 -0.2032 0.9774
vn -0.0121 -0.3235 0.9461
vn -0.0816 -0.4373 0.8956
vn -0.1494 -0.5421 0.8269
vn -0.2142 -0.6360 0.7414
vn -0.2747 -0.7169 0.6408
vn -0.3295 -0.7832 0.5272
vn -0.3777 -0.8337 0.4029
vn 0.6411 -0.7586 0.1161
vn 0.5767 -0.8046 0.1418
vn 0.6581 -0.7104 0.2492
vn 0.5956 -0.7550 0.2741
vn 0.6618 -0.6479 0.3772
vn 0.6025 -0.6901 0.4009
vn 0.6520 -0.5722 0.4975
vn 0.5971 -0.6112 0.5194
vn 0.6289 -0.4849 0.6077
vn 0.5796 -0.5199 0.6275
vn 0.5932 -0.3878 0.7055
vn 0.5504 -0.4180 0.7228
vn 0.5453 -0.2828 0.7891
vn 0.5099 -0.3076 0.8034
vn 0.4865 -0.1721 0.8566
vn 0.4591 -0.1910 0.8676
vn 0.4177 -0.0579 0.9067
vn 0.3989 -0.0704 0.9143
vn 0.3405 0.0575 0.9385
vn 0.3306 0.0516 0.9423
vn 0.7142 -0.6947 0.0849
vn 0.7290 -0.6486 0.2189
vn 0.7290 -0.5892 0.3485
vn 0.7141 -0.5179 0.4710
vn 0.6848 -0.4361 0.5839
vn 0.6416 -0.3454 0.6849
vn 0.5853 -0.2478 0.7720
vn 0.5172 -0.1451 0.8435
vn 0.4386 -0.0395 0.8978
vn 0.3511 0.0669 0.9340
vn 0.7745 -0.6301 0.0570
vn 0.7874 -0.5859 0.1918
vn 0.7843 -0.5298 0.3228
vn 0.7653 -0.4629 0.4472
vn 0.7308 -0.3867 0.5625
vn 0.6814 -0.3026 0.6664
vn 0.6182 -0.2124 0.7568
vn 0.5425 -0.1178 0.8317
vn 0.4558 -0.0209 0.8899
vn 0.3597 0.0765 0.9299
vn 0.8249 -0.5645 0.0315
vn 0.8363 -0.5223 0.1671
vn 0.8307 -0.4695 0.2994
vn 0.8082 -0.4071 0.4256
vn 0.7693 -0.3365 0.5431
vn 0.7148 -0.2591 0.6495
vn 0.6458 -0.1764 0.7428
vn 0.5637 -0.0902 0.8210
vn 0.4701 -0.0021 0.8826
vn 0.3670 0.0861 0.9262
vn 0.8676 -0.4972 0.0078
vn 0.8777 -0.4571 0.1441
vn 0.8699 -0.4077 0.2776
vn 0.8445 -0.3500 0.4054
vn 0.8019 -0.2852 0.5250
vn 0.7431 -0.2146 0.6338
vn 0.6692 -0.1396 0.7299
vn 0.5817 -0.0619 0.8111
vn 0.4823 0.0172 0.8758
vn 0.3732 0.0959 0.9228
vn 0.9040 -0.4273 -0.0147
vn 0.9129 -0.3893 0.1223
vn 0.9034 -0.3434 0.2569
vn 0.8754 -0.2905 0.3863
vn 0.8297 -0.2318 0.5078
vn 0.7672 -0.1683 0.6189
vn 0.6891 -0.1014 0.7176
vn 0.5970 -0.0324 0.8016
vn 0.4927 0.0372 0.8694
vn 0.3785 0.1061 0.9195
vn 0.9348 -0.3533 -0.0365
vn 0.9428 -0.3176 0.1012
vn 0.9317 -0.2754 0.2369
vn 0.9016 -0.2276 0.3677
vn 0.8533 -0.1752 0.4911
vn 0.7876 -0.1193 0.6045
vn 0.7060 -0.0609 0.7056
vn 0.6100 -0.0013 0.7924
vn 0.5016 0.0584 0.8631
vn 0.3830 0.1168 0.9163
vn 0.9602 -0.2734 -0.0579
vn 0.9674 -0.2401 0.0805
vn 0.9550 -0.2019 0.2172
vn 0.9232 -0.1596 0.3495
vn 0.8727 -0.1141 0.4748
vn 0.8044 -0.0663 0.5903
vn 0.7199 -0.0171 0.6939
vn 0.6207 0.0324 0.7834
vn 0.5089 0.0812 0.8570
vn 0.3868 0.1284 0.9132
vn 0.9795 -0.1852 -0.0792
vn 0.9862 -0.1546 0.0598
vn 0.9728 -0.1209 0.1977
vn 0.9397 -0.0847 0.3314
vn 0.8875 -0.0468 0.4585
vn 0.8173 -0.0079 0.5762
vn 0.7305 0.0311 0.6822
vn 0.6289 0.0694 0.7744
vn 0.5146 0.1064 0.8508
vn 0.3897 0.1412 0.9100
vn 0.9912 -0.0862 -0.1004
vn 0.9975 -0.0586 0.0393
vn 0.9835 -0.0299 0.1782
vn 0.9496 -0.0005 0.3134
vn 0.8964 0.0289 0.4423
vn 0.8251 0.0576 0.5621
vn 0.7370 0.0852 0.6705
vn 0.6339 0.1111 0.7654
vn 0.5180 0.1347 0.8447
vn 0.3916 0.1556 0.9069
vn 0.9933 -0.0044 -0.1159
vn 0.9995 0.0207 0.0243
vn 0.9854 0.0453 0.1640
vn 0.9513 0.0691 0.3004
vn 0.8979 0.0914 0.4306
vn 0.8262 0.1119 0.5521
vn 0.7378 0.1301 0.6624
vn 0.6343 0.1456 0.7592
vn 0.5180 0.1582 0.8406
vn 0.3911 0.1676 0.9050
vn 0.9811 0.1356 -0.1382
vn 0.9906 0.0538 -0.1258
vn 0.9877 0.1564 0.0027
vn 0.9969 0.0771 0.0147
vn 0.9742 0.1740 0.1434
vn 0.9830 0.0988 0.1549
vn 0.9410 0.1881 0.2813
vn 0.9491 0.1186 0.2919
vn 0.8887 0.1983 0.4134
vn 0.8959 0.1359 0.4230
vn 0.8184 0.2046 0.5371
vn 0.8245 0.1504 0.5456
vn 0.7314 0.2067 0.6499
vn 0.7363 0.1619 0.6570
vn 0.6297 0.2046 0.7494
vn 0.6332 0.1701 0.7551
vn 0.5151 0.1983 0.8338
vn 0.5172 0.1749 0.8378
vn 0.3902 0.1880 0.9013
vn 0.3907 0.1761 0.9035
vn 0.9603 0.2346 -0.1507
vn 0.9676 0.2524 -0.0095
vn 0.9552 0.2650 0.1319
vn 0.9234 0.2723 0.2706
vn 0.8728 0.2740 0.4038
vn 0.8046 0.2702 0.5288
vn 0.7200 0.2609 0.6431
vn 0.6208 0.2462 0.7443
vn 0.5091 0.2266 0.8304
vn 0.3870 0.2024 0.8996
vn 0.9330 0.3227 -0.1594
vn 0.9410 0.3378 -0.0180
vn 0.9300 0.3460 0.1239
vn 0.9001 0.3472 0.2632
vn 0.8519 0.3413 0.3972
vn 0.7864 0.3285 0.5231
vn 0.7050 0.3091 0.6383
vn 0.6093 0.2833 0.7406
vn 0.5011 0.2518 0.8279
vn 0.3828 0.2152 0.8984
vn 0.9003 0.4027 -0.1653
vn 0.9094 0.4153 -0.0236
vn 0.9000 0.4195 0.1185
vn 0.8723 0.4152 0.2583
vn 0.8269 0.4024 0.3927
vn 0.7648 0.3815 0.5192
vn 0.6871 0.3528 0.6352
vn 0.5954 0.3170 0.7382
vn 0.4917 0.2747 0.8263
vn 0.3780 0.2269 0.8976
vn 0.8627 0.4767 -0.1687
vn 0.8729 0.4871 -0.0269
vn 0.8654 0.4876 0.1154
vn 0.8404 0.4781 0.2553
vn 0.7982 0.4590 0.3901
vn 0.7399 0.4305 0.5170
vn 0.6665 0.3933 0.6333
vn 0.5796 0.3481 0.7368
vn 0.4809 0.2959 0.8253
vn 0.3725 0.2376 0.8971
vn 0.8199 0.5466 -0.1700
vn 0.8315 0.5548 -0.0282
vn 0.8261 0.5518 0.1142
vn 0.8040 0.5376 0.2542
vn 0.7655 0.5124 0.3891
vn 0.7115 0.4768 0.5161
vn 0.6431 0.4316 0.6326
vn 0.5616 0.3776 0.7362
vn 0.4687 0.3159 0.8249
vn 0.3663 0.2478 0.8969
vn 0.7711 0.6138 -0.1692
vn 0.7841 0.6200 -0.0274
vn 0.7812 0.6136 0.1149
vn 0.7625 0.5947 0.2549
vn 0.7282 0.5637 0.3897
vn 0.6792 0.5213 0.5166
vn 0.6164 0.4684 0.6330
vn 0.5411 0.4059 0.7366
vn 0.4547 0.3351 0.8252
vn 0.3592 0.2576 0.8970
vn 0.7147 0.6794 -0.1661
vn 0.7294 0.6836 -0.0244
vn 0.7294 0.6739 0.1178
vn 0.7145 0.6505 0.2576
vn 0.6851 0.6139 0.3921
vn 0.6418 0.5648 0.5187
vn 0.5855 0.5043 0.6347
vn 0.5173 0.4335 0.7378
vn 0.4387 0.3540 0.8260
vn 0.3510 0.2672 0.8974
vn 0.6486 0.7441 -0.1602
vn 0.6653 0.7463 -0.0187
vn 0.6686 0.7333 0.1232
vn 0.6583 0.7055 0.2626
vn 0.6346 0.6633 0.3966
vn 0.5981 0.6077 0.5226
vn 0.5494 0.5397 0.6379
vn 0.4895 0.4608 0.7403
vn 0.4198 0.3726 0.8276
vn 0.3415 0.2767 0.8982
vn 0.5697 0.8080 -0.1507
vn 0.5888 0.8082 -0.0094
vn 0.5961 0.7920 0.1320
vn 0.5912 0.7598 0.2707
vn 0.5743 0.7121 0.4038
vn 0.5458 0.6500 0.5288
vn 0.5062 0.5747 0.6430
vn 0.4564 0.4878 0.7442
vn 0.3973 0.3909 0.8303
vn 0.3301 0.2862 0.8995
vn 0.5010 0.8540 -0.1407
vn 0.5223 0.8528 0.0003
vn 0.5329 0.8343 0.1412
vn 0.5328 0.7988 0.2793
vn 0.5218 0.7471 0.4117
vn 0.5002 0.6803 0.5357
vn 0.4685 0.5996 0.6488
vn 0.4272 0.5067 0.7488
vn 0.3773 0.4035 0.8336
vn 0.3197 0.2921 0.9014
vn 0.3762 0.9189 -0.1191
vn 0.4502 0.8831 -0.1324
vn 0.4013 0.9157 0.0212
vn 0.4730 0.8810 0.0083
vn 0.4182 0.8940 0.1610
vn 0.4863 0.8610 0.1488
vn 0.4267 0.8541 0.2975
vn 0.4896 0.8236 0.2863
vn 0.4265 0.7968 0.4280
vn 0.4830 0.7694 0.4180
vn 0.4176 0.7234 0.5497
vn 0.4666 0.6996 0.5412
vn 0.4003 0.6354 0.6603
vn 0.4407 0.6155 0.6534
vn 0.3749 0.5345 0.7575
vn 0.4059 0.5190 0.7523
vn 0.3418 0.4227 0.8393
vn 0.3628 0.4119 0.8359
vn 0.3018 0.3024 0.9041
vn 0.3123 0.2964 0.9026
vn 0.2823 0.9540 -0.1004
vn 0.3103 0.9498 0.0393
vn 0.3320 0.9263 0.1782
vn 0.3469 0.8840 0.3134
vn 0.3548 0.8237 0.4423
vn 0.3555 0.7467 0.5622
vn 0.3489 0.6546 0.6706
vn 0.3353 0.5492 0.7655
vn 0.3149 0.4327 0.8448
vn 0.2881 0.3073 0.9069
vn 0.1947 0.9775 -0.0812
vn 0.2254 0.9725 0.0579
vn 0.2515 0.9478 0.1958
vn 0.2724 0.9039 0.3298
vn 0.2879 0.8416 0.4570
vn 0.2974 0.7622 0.5749
vn 0.3010 0.6674 0.6812
vn 0.2984 0.5590 0.7736
vn 0.2898 0.4393 0.8503
vn 0.2753 0.3106 0.9098
vn 0.1117 0.9918 -0.0615
vn 0.1449 0.9865 0.0770
vn 0.1751 0.9610 0.2139
vn 0.2018 0.9161 0.3465
vn 0.2244 0.8526 0.4720
vn 0.2424 0.7717 0.5880
vn 0.2555 0.6752 0.6919
vn 0.2635 0.5650 0.7819
vn 0.2660 0.4433 0.8560
vn 0.2632 0.3126 0.9127
vn 0.0314 0.9987 -0.0412
vn 0.0670 0.9931 0.0966
vn 0.1013 0.9673 0.2325
vn 0.1335 0.9219 0.3637
vn 0.1630 0.8578 0.4875
vn 0.1892 0.7762 0.6014
vn 0.2116 0.6789 0.7031
vn 0.2297 0.5679 0.7904
vn 0.2431 0.4452 0.8618
vn 0.2515 0.3136 0.9157
vn -0.0478 0.9987 -0.0200
vn -0.0097 0.9931 0.1172
vn 0.0285 0.9673 0.2520
vn 0.0662 0.9219 0.3818
vn 0.1026 0.8578 0.5037
vn 0.1368 0.7762 0.6154
vn 0.1683 0.6789 0.7147
vn 0.1963 0.5678 0.7994
vn 0.2204 0.4452 0.8679
vn 0.2400 0.3136 0.9187
vn -0.1275 0.9918 0.0026
vn -0.0870 0.9865 0.1391
vn -0.0447 0.9610 0.2728
vn -0.0015 0.9161 0.4010
vn 0.0417 0.8526 0.5210
vn 0.0840 0.7717 0.6304
vn 0.1247 0.6752 0.7270
vn 0.1628 0.5650 0.8089
vn 0.1976 0.4433 0.8743
vn 0.2284 0.3126 0.9220
vn -0.2092 0.9775 0.0271
vn -0.1662 0.9725 0.1629
vn -0.1199 0.9478 0.2953
vn -0.0710 0.9039 0.4218
vn -0.0208 0.8416 0.5397
vn 0.0299 0.7622 0.6466
vn 0.0799 0.6674 0.7404
vn 0.1283 0.5590 0.8192
vn 0.1742 0.4393 0.8813
vn 0.2165 0.3106 0.9256
vn -0.2947 0.9540 0.0543
vn -0.2491 0.9498 0.1892
vn -0.1984 0.9263 0.3203
vn -0.1437 0.8840 0.4449
vn -0.0861 0.8237 0.5604
vn -0.0268 0.7467 0.6646
vn 0.0331 0.6546 0.7552
vn 0.0923 0.5492 0.8306
vn 0.1497 0.4327 0.8890
vn 0.2040 0.3073 0.9295
vn -0.3853 0.9189 0.0850
vn -0.3369 0.9157 0.2190
vn -0.2817 0.8940 0.3485
vn -0.2208 0.8541 0.4710
vn -0.1554 0.7968 0.5839
vn -0.0868 0.7235 0.6849
vn -0.0165 0.6354 0.7720
vn 0.0541 0.5345 0.8434
vn 0.1236 0.4227 0.8978
vn 0.1907 0.3024 0.9339
vn -0.4561 0.8831 0.1105
vn -0.4055 0.8810 0.2437
vn -0.3467 0.8610 0.3720
vn -0.2808 0.8236 0.4928
vn -0.2093 0.7694 0.6035
vn -0.1335 0.6996 0.7020
vn -0.0550 0.6155 0.7862
vn 0.0247 0.5190 0.8544
vn 0.1038 0.4119 0.9053
vn 0.1808 0.2964 0.9378
vn -0.5687 0.8080 0.1543
vn -0.5042 0.8540 0.1287
vn -0.5147 0.8082 0.2862
vn -0.4521 0.8528 0.2614
vn -0.4502 0.7920 0.4123
vn -0.3909 0.8343 0.3888
vn -0.3767 0.7598 0.5300
vn -0.3218 0.7988 0.5083
vn -0.2955 0.7121 0.6369
vn -0.2461 0.7471 0.6174
vn -0.2083 0.6500 0.7309
vn -0.1654 0.6803 0.7141
vn -0.1169 0.5747 0.8100
vn -0.0813 0.5996 0.7962
vn -0.0231 0.4878 0.8727
vn 0.0044 0.5067 0.8621
vn 0.0711 0.3909 0.9177
vn 0.0900 0.4035 0.9105
vn 0.1639 0.2862 0.9441
vn 0.1739 0.2921 0.9404
vn -0.6418 0.7441 0.1856
vn -0.5855 0.7463 0.3165
vn -0.5174 0.7333 0.4410
vn -0.4388 0.7055 0.5566
vn -0.3513 0.6633 0.6608
vn -0.2567 0.6077 0.7516
vn -0.1568 0.5397 0.8271
vn -0.0538 0.4608 0.8859
vn 0.0503 0.3725 0.9266
vn 0.1534 0.2767 0.9486
vn -0.7020 0.6794 0.2135
vn -0.6439 0.6836 0.3436
vn -0.5728 0.6739 0.4667
vn -0.4900 0.6505 0.5803
vn -0.3973 0.6139 0.6821
vn -0.2965 0.5648 0.7701
vn -0.1897 0.5043 0.8424
vn -0.0791 0.4335 0.8977
vn 0.0331 0.3540 0.9347
vn 0.1447 0.2672 0.9527
vn -0.7524 0.6138 0.2390
vn -0.6928 0.6200 0.3683
vn -0.6191 0.6136 0.4901
vn -0.5329 0.5947 0.6020
vn -0.4358 0.5637 0.7016
vn -0.3299 0.5213 0.7870
vn -0.2173 0.4684 0.8564
vn -0.1003 0.4059 0.9084
vn 0.0188 0.3351 0.9420
vn 0.1374 0.2576 0.9564
vn -0.7951 0.5466 0.2627
vn -0.7342 0.5548 0.3913
vn -0.6584 0.5518 0.5119
vn -0.5692 0.5375 0.6222
vn -0.4684 0.5124 0.7198
vn -0.3582 0.4768 0.8027
vn -0.2407 0.4316 0.8694
vn -0.1182 0.3776 0.9184
vn 0.0066 0.3159 0.9488
vn 0.1313 0.2478 0.9599
vn -0.8315 0.4767 0.2852
vn -0.7695 0.4871 0.4131
vn -0.6918 0.4876 0.5326
vn -0.6001 0.4781 0.6413
vn -0.4962 0.4590 0.7370
vn -0.3823 0.4305 0.8176
vn -0.2606 0.3933 0.8817
vn -0.1336 0.3481 0.9279
vn -0.0038 0.2959 0.9552
vn 0.1260 0.2376 0.9632
vn -0.8623 0.4027 0.3070
vn -0.7993 0.4153 0.4342
vn -0.7201 0.4195 0.5526
vn -0.6263 0.4152 0.6598
vn -0.5198 0.4024 0.7536
vn -0.4027 0.3815 0.8320
vn -0.2774 0.3528 0.8936
vn -0.1466 0.3170 0.9370
vn -0.0127 0.2747 0.9614
vn 0.1214 0.2269 0.9663
vn -0.8877 0.3227 0.3284
vn -0.8239 0.3378 0.4550
vn -0.7435 0.3460 0.5723
vn -0.6479 0.3472 0.6780
vn -0.5392 0.3413 0.7699
vn -0.4195 0.3285 0.8462
vn -0.2914 0.3091 0.9053
vn -0.1573 0.2833 0.9460
vn -0.0200 0.2519 0.9676
vn 0.1177 0.2152 0.9694
vn -0.9070 0.2346 0.3497
vn -0.8427 0.2524 0.4756
vn -0.7612 0.2650 0.5918
vn -0.6643 0.2723 0.6961
vn -0.5540 0.2740 0.7862
vn -0.4324 0.2702 0.8603
vn -0.3020 0.2608 0.9169
vn -0.1655 0.2462 0.9550
vn -0.0257 0.2266 0.9736
vn 0.1147 0.2024 0.9726
vn -0.9187 0.1356 0.3709
vn -0.8540 0.1564 0.4962
vn -0.7720 0.1740 0.6113
vn -0.6743 0.1881 0.7141
vn -0.5629 0.1983 0.8023
vn -0.4402 0.2046 0.8743
vn -0.3085 0.2067 0.9285
vn -0.1706 0.2046 0.9639
vn -0.0292 0.1983 0.9797
vn 0.1128 0.1880 0.9757
vn -0.9208 0.0538 0.3864
vn -0.8560 0.0771 0.5112
vn -0.7738 0.0988 0.6256
vn -0.6759 0.1186 0.7274
vn -0.5643 0.1359 0.8143
vn -0.4412 0.1504 0.8847
vn -0.3092 0.1619 0.9371
vn -0.1708 0.1701 0.9705
vn -0.0290 0.1749 0.9842
vn 0.1134 0.1761 0.9778
vn -0.9086 -0.0862 0.4087
vn -0.9181 -0.0044 0.3963
vn -0.8442 -0.0586 0.5328
vn -0.8534 0.0206 0.5208
vn -0.7627 -0.0299 0.6461
vn -0.7714 0.0453 0.6347
vn -0.6657 -0.0005 0.7462
vn -0.6737 0.0690 0.7358
vn -0.5552 0.0289 0.8312
vn -0.5623 0.0914 0.8219
vn -0.4335 0.0576 0.8993
vn -0.4395 0.1119 0.8913
vn -0.3030 0.0852 0.9492
vn -0.3077 0.1301 0.9425
vn -0.1663 0.1111 0.9798
vn -0.1697 0.1456 0.9747
vn -0.0263 0.1347 0.9905
vn -0.0282 0.1582 0.9870
vn 0.1143 0.1556 0.9812
vn 0.1138 0.1676 0.9793
vn -0.8879 -0.1852 0.4212
vn -0.8241 -0.1546 0.5449
vn -0.7436 -0.1209 0.6576
vn -0.6481 -0.0847 0.7569
vn -0.5393 -0.0468 0.8408
vn -0.4197 -0.0079 0.9076
vn -0.2915 0.0311 0.9561
vn -0.1575 0.0694 0.9851
vn -0.0202 0.1064 0.9941
vn 0.1175 0.1412 0.9830
vn -0.8605 -0.2734 0.4299
vn -0.7976 -0.2401 0.5534
vn -0.7185 -0.2019 0.6656
vn -0.6248 -0.1596 0.7643
vn -0.5184 -0.1141 0.8475
vn -0.4015 -0.0663 0.9134
vn -0.2765 -0.0172 0.9609
vn -0.1459 0.0324 0.9888
vn -0.0123 0.0812 0.9966
vn 0.1216 0.1284 0.9842
vn -0.8278 -0.3533 0.4358
vn -0.7659 -0.3176 0.5591
vn -0.6884 -0.2754 0.6710
vn -0.5970 -0.2276 0.7693
vn -0.4934 -0.1752 0.8520
vn -0.3798 -0.1193 0.9173
vn -0.2586 -0.0609 0.9641
vn -0.1320 -0.0013 0.9912
vn -0.0028 0.0584 0.9983
vn 0.1265 0.1168 0.9851
vn -0.7902 -0.4273 0.4392
vn -0.7295 -0.3893 0.5624
vn -0.6539 -0.3434 0.6742
vn -0.5650 -0.2905 0.7722
vn -0.4647 -0.2318 0.8546
vn -0.3549 -0.1683 0.9196
vn -0.2380 -0.1014 0.9660
vn -0.1162 -0.0324 0.9927
vn 0.0080 0.0372 0.9993
vn 0.1320 0.1061 0.9856
vn -0.7475 -0.4972 0.4405
vn -0.6880 -0.4571 0.5637
vn -0.6146 -0.4077 0.6754
vn -0.5287 -0.3500 0.7733
vn -0.4320 -0.2852 0.8556
vn -0.3266 -0.2146 0.9205
vn -0.2146 -0.1396 0.9667
vn -0.0982 -0.0619 0.9932
vn 0.0202 0.0172 0.9996
vn 0.1382 0.0959 0.9858
vn -0.6986 -0.5645 0.4397
vn -0.6406 -0.5223 0.5629
vn -0.5697 -0.4695 0.6746
vn -0.4871 -0.4071 0.7726
vn -0.3947 -0.3365 0.8550
vn -0.2943 -0.2591 0.9199
vn -0.1879 -0.1764 0.9662
vn -0.0777 -0.0902 0.9929
vn 0.0341 -0.0021 0.9994
vn 0.1453 0.0861 0.9856
vn -0.6422 -0.6301 0.4366
vn -0.5860 -0.5859 0.5598
vn -0.5178 -0.5298 0.6717
vn -0.4392 -0.4629 0.7700
vn -0.3516 -0.3867 0.8526
vn -0.2569 -0.3026 0.9178
vn -0.1570 -0.2124 0.9645
vn -0.0540 -0.1178 0.9916
vn 0.0502 -0.0209 0.9985
vn 0.1534 0.0765 0.9852
vn -0.5761 -0.6947 0.4306
vn -0.5219 -0.6486 0.5541
vn -0.4571 -0.5892 0.6663
vn -0.3830 -0.5179 0.7649
vn -0.3011 -0.4361 0.8480
vn -0.2132 -0.3455 0.9139
vn -0.1209 -0.2478 0.9612
vn -0.0262 -0.1451 0.9891
vn 0.0691 -0.0395 0.9968
vn 0.1629 0.0669 0.9844
vn -0.4972 -0.7586 0.4212
vn -0.4454 -0.7104 0.5449
vn -0.3845 -0.6479 0.6576
vn -0.3159 -0.5722 0.7568
vn -0.2408 -0.4849 0.8408
vn -0.1609 -0.3878 0.9076
vn -0.0778 -0.2828 0.9560
vn 0.0070 -0.1721 0.9851
vn 0.0916 -0.0579 0.9941
vn 0.1743 0.0575 0.9830
vn -0.4285 -0.8046 0.4112
vn -0.3788 -0.7550 0.5352
vn -0.3214 -0.6901 0.6484
vn -0.2574 -0.6112 0.7484
vn -0.1882 -0.5199 0.8332
vn -0.1152 -0.4180 0.9011
vn -0.0399 -0.3076 0.9507
vn 0.0362 -0.1910 0.9809
vn 0.1117 -0.0704 0.9912
vn 0.1848 0.0516 0.9814
s 1
f 2/1/1 145/2/2 1010/3/3 865/4/4
f 842/5/5 854/6/6 1705/7/7 1693/8/8
f 506/9/9 518/10/10 1369/11/11 1357/12/12
f 278/13/13 158/14/14 1141/15/15 1129/16/16
f 877/17/17 866/18/18 1009/19/19 1022/20/20 1034/21/21 1046/22/22 1058/23/23 1070/24/24 1082/25/25 1094/26/26 1106/27/27 1118/28/28 1130/29/29 1142/30/30 1153/31/31 1166/32/32 1178/33/33 1190/34/34 1202/35/35 1214/36/36 1226/37/37 1238/38/38 1250/39/39 1262/40/40 1274/41/41 1286/42/42 1297/43/43 1310/44/44 1322/45/45 1334/46/46 1346/47/47 1358/48/48 1370/49/49 1382/50/50 1394/51/51 1406/52/52 1418/53/53 1430/54/54 1441/55/55 1454/56/56 1466/57/57 1478/58/58 1490/59/59 1502/60/60 1514/61/61 1526/62/62 1538/63/63 1550/64/64 1562/65/65 1574/66/66 1585/67/67 1598/68/68 1610/69/69 1622/70/70 1634/71/71 1646/72/72 1658/73/73 1670/74/74 1682/75/75 1694/76/76 1706/77/77 1718/78/78 997/79/79 985/80/80 973/81/81 961/82/82 949/83/83 937/84/84 925/85/85 913/86/86 901/87/87 889/88/88
f 518/10/10 530/89/89 1381/90/90 1369/11/11
f 182/91/91 194/92/92 1045/93/93 1033/94/94
f 746/95/95 758/96/96 1609/97/97 1597/98/98
f 530/89/89 542/99/99 1393/100/100 1381/90/90
f 194/92/92 206/101/101 1057/102/102 1045/93/93
f 13/103/103 133/104/104 986/105/105 998/106/106
f 542/99/99 554/107/107 1405/108/108 1393/100/100
f 206/101/101 218/109/109 1069/110/110 1057/102/102
f 37/111/111 25/112/112 878/113/113 890/114/114
f 554/107/107 566/115/115 1417/116/116 1405/108/108
f 218/109/109 230/117/117 1081/118/118 1069/110/110
f 170/119/119 182/91/91 1033/94/94 1021/120/120
f 577/121/121 602/122/122 1453/123/123 1442/124/124
f 230/117/117 242/125/125 1093/126/126 1081/118/118
f 314/127/127 326/128/128 1177/129/129 1165/130/130
f 446/131/131 577/121/121 1442/124/124 1429/132/132
f 242/125/125 254/133/133 1105/134/134 1093/126/126
f 458/135/135 470/136/136 1321/137/137 1309/138/138
f 710/139/139 590/140/140 1573/141/141 1561/142/142
f 254/133/133 266/143/143 1117/144/144 1105/134/134
f 602/122/122 614/145/145 1465/146/146 1453/123/123
f 614/145/145 626/147/147 1477/148/148 1465/146/146
f 266/143/143 278/13/13 1129/16/16 1117/144/144
f 626/147/147 638/149/149 1489/150/150 1477/148/148
f 289/151/151 314/127/127 1165/130/130 1154/152/152
f 638/149/149 650/153/153 1501/154/154 1489/150/150
f 158/14/14 289/151/151 1154/152/152 1141/15/15
f 650/153/153 662/155/155 1513/156/156 1501/154/154
f 422/157/157 302/158/158 1285/159/159 1273/160/160
f 662/155/155 674/161/161 1525/162/162 1513/156/156
f 326/128/128 338/163/163 1189/164/164 1177/129/129
f 674/161/161 686/165/165 1537/166/166 1525/162/162
f 338/163/163 350/167/167 1201/168/168 1189/164/164
f 686/165/165 698/169/169 1549/170/170 1537/166/166
f 350/167/167 362/171/171 1213/172/172 1201/168/168
f 698/169/169 710/139/139 1561/142/142 1549/170/170
f 362/171/171 374/173/173 1225/174/174 1213/172/172
f 26/175/175 38/176/176 50/177/177 62/178/178 74/179/179 86/180/180 98/181/181 110/182/182 122/183/183 134/184/184 14/185/185 733/186/186 853/187/187 841/188/188 829/189/189 817/190/190 805/191/191 793/192/192 781/193/193 769/194/194 757/195/195 745/196/196 722/197/197 589/198/198 709/199/199 697/200/200 685/201/201 673/202/202 661/203/203 649/204/204 637/205/205 625/206/206 613/207/207 601/208/208 578/209/209 445/210/210 565/211/211 553/212/212 541/213/213 529/214/214 517/215/215 505/216/216 493/217/217 481/218/218 469/219/219 457/220/220 434/221/221 301/222/222 421/223/223 409/224/224 397/225/225 385/226/226 373/227/227 361/228/228 349/229/229 337/230/230 325/231/231 313/232/232 290/233/233 157/234/234 277/235/235 265/236/236 253/237/237 241/238/238 229/239/239 217/240/240 205/241/241 193/242/242 181/243/243 169/244/244 146/245/245 1/246/246
f 721/247/247 746/95/95 1597/98/98 1586/248/248
f 374/173/173 386/249/249 1237/250/250 1225/174/174
f 49/251/251 37/111/111 890/114/114 902/252/252
f 590/140/140 721/247/247 1586/248/248 1573/141/141
f 386/249/249 398/253/253 1249/254/254 1237/250/250
f 61/255/255 49/251/251 902/252/252 914/256/256
f 854/6/6 734/257/257 1717/258/258 1705/7/7
f 398/253/253 410/259/259 1261/260/260 1249/254/254
f 73/261/261 61/255/255 914/256/256 926/262/262
f 758/96/96 770/263/263 1621/264/264 1609/97/97
f 410/259/259 422/157/157 1273/160/160 1261/260/260
f 85/265/265 73/261/261 926/262/262 938/266/266
f 770/263/263 782/267/267 1633/268/268 1621/264/264
f 433/269/269 458/135/135 1309/138/138 1298/270/270
f 97/271/271 85/265/265 938/266/266 950/272/272
f 782/267/267 794/273/273 1645/274/274 1633/268/268
f 302/158/158 433/269/269 1298/270/270 1285/159/159
f 109/275/275 97/271/271 950/272/272 962/276/276
f 794/273/273 806/277/277 1657/278/278 1645/274/274
f 566/115/115 446/131/131 1429/132/132 1417/116/116
f 121/279/279 109/275/275 962/276/276 974/280/280
f 806/277/277 818/281/281 1669/282/282 1657/278/278
f 470/136/136 482/283/283 1333/284/284 1321/137/137
f 133/104/104 121/279/279 974/280/280 986/105/105
f 818/281/281 830/285/285 1681/286/286 1669/282/282
f 482/283/283 494/287/287 1345/288/288 1333/284/284
f 145/2/2 170/119/119 1021/120/120 1010/3/3
f 830/285/285 842/5/5 1693/8/8 1681/286/286
f 494/287/287 506/9/9 1357/12/12 1345/288/288
f 734/257/257 13/103/103 998/106/106 1717/258/258
f 2/1/1 25/112/112 27/289/289 12/290/290
f 12/290/290 27/289/289 28/291/291 11/292/292
f 11/292/292 28/291/291 29/293/293 10/294/294
f 10/294/294 29/293/293 30/295/295 9/296/296
f 9/296/296 30/295/295 31/297/297 8/298/298
f 8/298/298 31/297/297 32/299/299 7/300/300
f 7/300/300 32/299/299 33/301/301 6/302/302
f 6/302/302 33/301/301 34/303/303 5/304/304
f 5/304/304 34/303/303 35/305/305 4/306/306
f 4/306/306 35/305/305 36/307/307 3/308/308
f 3/308/308 36/307/307 26/175/175 1/246/246
f 25/112/112 37/111/111 39/309/309 27/289/289
f 27/289/289 39/309/309 40/310/310 28/291/291
f 28/291/291 40/310/310 41/311/311 29/293/293
f 29/293/293 41/311/311 42/312/312 30/295/295
f 30/295/295 42/312/312 43/313/313 31/297/297
f 31/297/297 43/313/313 44/314/314 32/299/299
f 32/299/299 44/314/314 45/315/315 33/301/301
f 33/301/301 45/315/315 46/316/316 34/303/303
f 34/303/303 46/316/316 47/317/317 35/305/305
f 35/305/305 47/317/317 48/318/318 36/307/307
f 36/307/307 48/318/318 38/176/176 26/175/175
f 37/111/111 49/251/251 51/319/319 39/309/309
f 39/309/309 51/319/319 52/320/320 40/310/310
f 40/310/310 52/320/320 53/321/321 41/311/311
f 41/311/311 53/321/321 54/322/322 42/312/312
f 42/312/312 54/322/322 55/323/323 43/313/313
f 43/313/313 55/323/323 56/324/324 44/314/314
f 44/314/314 56/324/324 57/325/325 45/315/315
f 45/315/315 57/325/325 58/326/326 46/316/316
f 46/316/316 58/326/326 59/327/327 47/317/317
f 47/317/317 59/327/327 60/328/328 48/318/318
f 48/318/318 60/328/328 50/177/177 38/176/176
f 49/251/251 61/255/255 63/329/329 51/319/319
f 51/319/319 63/329/329 64/330/330 52/320/320
f 52/320/320 64/330/330 65/331/331 53/321/321
f 53/321/321 65/331/331 66/332/332 54/322/322
f 54/322/322 66/332/332 67/333/333 55/323/323
f 55/323/323 67/333/333 68/334/334 56/324/324
f 56/324/324 68/334/334 69/335/335 57/325/325
f 57/325/325 69/335/335 70/336/336 58/326/326
f 58/326/326 70/336/336 71/337/337 59/327/327
f 59/327/327 71/337/337 72/338/338 60/328/328
f 60/328/328 72/338/338 62/178/178 50/177/177
f 61/255/255 73/261/261 75/339/339 63/329/329
f 63/329/329 75/339/339 76/340/340 64/330/330
f 64/330/330 76/340/340 77/341/341 65/331/331
f 65/331/331 77/341/341 78/342/342 66/332/332
f 66/332/332 78/342/342 79/343/343 67/333/333
f 67/333/333 79/343/343 80/344/344 68/334/334
f 68/334/334 80/344/344 81/345/345 69/335/335
f 69/335/335 81/345/345 82/346/346 70/336/336
f 70/336/336 82/346/346 83/347/347 71/337/337
f 71/337/337 83/347/347 84/348/348 72/338/338
f 72/338/338 84/348/348 74/179/179 62/178/178
f 73/261/261 85/265/265 87/349/349 75/339/339
f 75/339/339 87/349/349 88/350/350 76/340/340
f 76/340/340 88/350/350 89/351/351 77/341/341
f 77/341/341 89/351/351 90/352/352 78/342/342
f 78/342/342 90/352/352 91/353/353 79/343/343
f 79/343/343 91/353/353 92/354/354 80/344/344
f 80/344/344 92/354/354 93/355/355 81/345/345
f 81/345/345 93/355/355 94/356/356 82/346/346
f 82/346/346 94/356/356 95/357/357 83/347/347
f 83/347/347 95/357/357 96/358/358 84/348/348
f 84/348/348 96/358/358 86/180/180 74/179/179
f 85/265/265 97/271/271 99/359/359 87/349/349
f 87/349/349 99/359/359 100/360/360 88/350/350
f 88/350/350 100/360/360 101/361/361 89/351/351
f 89/351/351 101/361/361 102/362/362 90/352/352
f 90/352/352 102/362/362 103/363/363 91/353/353
f 91/353/353 103/363/363 104/364/364 92/354/354
f 92/354/354 104/364/364 105/365/365 93/355/355
f 93/355/355 105/365/365 106/366/366 94/356/356
f 94/356/356 106/366/366 107/367/367 95/357/357
f 95/357/357 107/367/367 108/368/368 96/358/358
f 96/358/358 108/368/368 98/181/181 86/180/180
f 97/271/271 109/275/275 111/369/369 99/359/359
f 99/359/359 111/369/369 112/370/370 100/360/360
f 100/360/360 112/370/370 113/371/371 101/361/361
f 101/361/361 113/371/371 114/372/372 102/362/362
f 102/362/362 114/372/372 115/373/373 103/363/363
f 103/363/363 115/373/373 116/374/374 104/364/364
f 104/364/364 116/374/374 117/375/375 105/365/365
f 105/365/365 117/375/375 118/376/376 106/366/366
f 106/366/366 118/376/376 119/377/377 107/367/367
f 107/367/367 119/377/377 120/378/378 108/368/368
f 108/368/368 120/378/378 110/182/182 98/181/181
f 109/275/275 121/279/279 123/379/379 111/369/369
f 111/369/369 123/379/379 124/380/380 112/370/370
f 112/370/370 124/380/380 125/381/381 113/371/371
f 113/371/371 125/381/381 126/382/382 114/372/372
f 114/372/372 126/382/382 127/383/383 115/373/373
f 115/373/373 127/383/383 128/384/384 116/374/374
f 116/374/374 128/384/384 129/385/385 117/375/375
f 117/375/375 129/385/385 130/386/386 118/376/376
f 118/376/376 130/386/386 131/387/387 119/377/377
f 119/377/377 131/387/387 132/388/388 120/378/378
f 120/378/378 132/388/388 122/183/183 110/182/182
f 121/279/279 133/104/104 135/389/389 123/379/379
f 123/379/379 135/389/389 136/390/390 124/380/380
f 124/380/380 136/390/390 137/391/391 125/381/381
f 125/381/381 137/391/391 138/392/392 126/382/382
f 126/382/382 138/392/392 139/393/393 127/383/383
f 127/383/383 139/393/393 140/394/394 128/384/384
f 128/384/384 140/394/394 141/395/395 129/385/385
f 129/385/385 141/395/395 142/396/396 130/386/386
f 130/386/386 142/396/396 143/397/397 131/387/387
f 131/387/387 143/397/397 144/398/398 132/388/388
f 132/388/388 144/398/398 134/184/184 122/183/183
f 133/104/104 13/103/103 15/399/399 135/389/389
f 135/389/389 15/399/399 16/400/400 136/390/390
f 136/390/390 16/400/400 17/401/401 137/391/391
f 137/391/391 17/401/401 18/402/402 138/392/392
f 138/392/392 18/402/402 19/403/403 139/393/393
f 139/393/393 19/403/403 20/404/404 140/394/394
f 140/394/394 20/404/404 21/405/405 141/395/395
f 141/395/395 21/405/405 22/406/406 142/396/396
f 142/396/396 22/406/406 23/407/407 143/397/397
f 143/397/397 23/407/407 24/408/408 144/398/398
f 144/398/398 24/408/408 14/185/185 134/184/184
f 146/245/245 169/244/244 171/409/409 156/410/410
f 156/410/410 171/409/409 172/411/411 155/412/412
f 155/412/412 172/411/411 173/413/413 154/414/414
f 154/414/414 173/413/413 174/415/415 153/416/416
f 153/416/416 174/415/415 175/417/417 152/418/418
f 152/418/418 175/417/417 176/419/419 151/420/420
f 151/420/420 176/419/419 177/421/421 150/422/422
f 150/422/422 177/421/421 178/423/423 149/424/424
f 149/424/424 178/423/423 179/425/425 148/426/426
f 148/426/426 179/425/425 180/427/427 147/428/428
f 147/428/428 180/427/427 170/119/119 145/2/2
f 169/244/244 181/243/243 183/429/429 171/409/409
f 171/409/409 183/429/429 184/430/430 172/411/411
f 172/411/411 184/430/430 185/431/431 173/413/413
f 173/413/413 185/431/431 186/432/432 174/415/415
f 174/415/415 186/432/432 187/433/433 175/417/417
f 175/417/417 187/433/433 188/434/434 176/419/419
f 176/419/419 188/434/434 189/435/435 177/421/421
f 177/421/421 189/435/435 190/436/436 178/423/423
f 178/423/423 190/436/436 191/437/437 179/425/425
f 179/425/425 191/437/437 192/438/438 180/427/427
f 180/427/427 192/438/438 182/91/91 170/119/119
f 181/243/243 193/242/242 195/439/439 183/429/429
f 183/429/429 195/439/439 196/440/440 184/430/430
f 184/430/430 196/440/440 197/441/441 185/431/431
f 185/431/431 197/441/441 198/442/442 186/432/432
f 186/432/432 198/442/442 199/443/443 187/433/433
f 187/433/433 199/443/443 200/444/444 188/434/434
f 188/434/434 200/444/444 201/445/445 189/435/435
f 189/435/435 201/445/445 202/446/446 190/436/436
f 190/436/436 202/446/446 203/447/447 191/437/437
f 191/437/437 203/447/447 204/448/448 192/438/438
f 192/438/438 204/448/448 194/92/92 182/91/91
f 193/242/242 205/241/241 207/449/449 195/439/439
f 195/439/439 207/449/449 208/450/450 196/440/440
f 196/440/440 208/450/450 209/451/451 197/441/441
f 197/441/441 209/451/451 210/452/452 198/442/442
f 198/442/442 210/452/452 211/453/453 199/443/443
f 199/443/443 211/453/453 212/454/454 200/444/444
f 200/444/444 212/454/454 213/455/455 201/445/445
f 201/445/445 213/455/455 214/456/456 202/446/446
f 202/446/446 214/456/456 215/457/457 203/447/447
f 203/447/447 215/457/457 216/458/458 204/448/448
f 204/448/448 216/458/458 206/101/101 194/92/92
f 205/241/241 217/240/240 219/459/459 207/449/449
f 207/449/449 219/459/459 220/460/460 208/450/450
f 208/450/450 220/460/460 221/461/461 209/451/451
f 209/451/451 221/461/461 222/462/462 210/452/452
f 210/452/452 222/462/462 223/463/463 211/453/453
f 211/453/453 223/463/463 224/464/464 212/454/454
f 212/454/454 224/464/464 225/465/465 213/455/455
f 213/455/455 225/465/465 226/466/466 214/456/456
f 214/456/456 226/466/466 227/467/467 215/457/457
f 215/457/457 227/467/467 228/468/468 216/458/458
f 216/458/458 228/468/468 218/109/109 206/101/101
f 217/240/240 229/239/239 231/469/469 219/459/459
f 219/459/459 231/469/469 232/470/470 220/460/460
f 220/460/460 232/470/470 233/471/471 221/461/461
f 221/461/461 233/471/471 234/472/472 222/462/462
f 222/462/462 234/472/472 235/473/473 223/463/463
f 223/463/463 235/473/473 236/474/474 224/464/464
f 224/464/464 236/474/474 237/475/475 225/465/465
f 225/465/465 237/475/475 238/476/476 226/466/466
f 226/466/466 238/476/476 239/477/477 227/467/467
f 227/467/467 239/477/477 240/478/478 228/468/468
f 228/468/468 240/478/478 230/117/117 218/109/109
f 229/239/239 241/238/238 243/479/479 231/469/469
f 231/469/469 243/479/479 244/480/480 232/470/470
f 232/470/470 244/480/480 245/481/481 233/471/471
f 233/471/471 245/481/481 246/482/482 234/472/472
f 234/472/472 246/482/482 247/483/483 235/473/473
f 235/473/473 247/483/483 248/484/484 236/474/474
f 236/474/474 248/484/484 249/485/485 237/475/475
f 237/475/475 249/485/485 250/486/486 238/476/476
f 238/476/476 250/486/486 251/487/487 239/477/477
f 239/477/477 251/487/487 252/488/488 240/478/478
f 240/478/478 252/488/488 242/125/125 230/117/117
f 241/238/238 253/237/237 255/489/489 243/479/479
f 243/479/479 255/489/489 256/490/490 244/480/480
f 244/480/480 256/490/490 257/491/491 245/481/481
f 245/481/481 257/491/491 258/492/492 246/482/482
f 246/482/482 258/492/492 259/493/493 247/483/483
f 247/483/483 259/493/493 260/494/494 248/484/484
f 248/484/484 260/494/494 261/495/495 249/485/485
f 249/485/485 261/495/495 262/496/496 250/486/486
f 250/486/486 262/496/496 263/497/497 251/487/487
f 251/487/487 263/497/497 264/498/498 252/488/488
f 252/488/488 264/498/498 254/133/133 242/125/125
f 253/237/237 265/236/236 267/499/499 255/489/489
f 255/489/489 267/499/499 268/500/500 256/490/490
f 256/490/490 268/500/500 269/501/501 257/491/491
f 257/491/491 269/501/501 270/502/502 258/492/492
f 258/492/492 270/502/502 271/503/503 259/493/493
f 259/493/493 271/503/503 272/504/504 260/494/494
f 260/494/494 272/504/504 273/505/505 261/495/495
f 261/495/495 273/505/505 274/506/506 262/496/496
f 262/496/496 274/506/506 275/507/507 263/497/497
f 263/497/497 275/507/507 276/508/508 264/498/498
f 264/498/498 276/508/508 266/143/143 254/133/133
f 265/236/236 277/235/235 279/509/509 267/499/499
f 267/499/499 279/509/509 280/510/510 268/500/500
f 268/500/500 280/510/510 281/511/511 269/501/501
f 269/501/501 281/511/511 282/512/512 270/502/502
f 270/502/502 282/512/512 283/513/513 271/503/503
f 271/503/503 283/513/513 284/514/514 272/504/504
f 272/504/504 284/514/514 285/515/515 273/505/505
f 273/505/505 285/515/515 286/516/516 274/506/506
f 274/506/506 286/516/516 287/517/517 275/507/507
f 275/507/507 287/517/517 288/518/518 276/508/508
f 276/508/508 288/518/518 278/13/13 266/143/143
f 277/235/235 157/234/234 159/519/519 279/509/509
f 279/509/509 159/519/519 160/520/520 280/510/510
f 280/510/510 160/520/520 161/521/521 281/511/511
f 281/511/511 161/521/521 162/522/522 282/512/512
f 282/512/512 162/522/522 163/523/523 283/513/513
f 283/513/513 163/523/523 164/524/524 284/514/514
f 284/514/514 164/524/524 165/525/525 285/515/515
f 285/515/515 165/525/525 166/526/526 286/516/516
f 286/516/516 166/526/526 167/527/527 287/517/517
f 287/517/517 167/527/527 168/528/528 288/518/518
f 288/518/518 168/528/528 158/14/14 278/13/13
f 290/233/233 313/232/232 315/529/529 300/530/530
f 300/530/530 315/529/529 316/531/531 299/532/532
f 299/532/532 316/531/531 317/533/533 298/534/534
f 298/534/534 317/533/533 318/535/535 297/536/536
f 297/536/536 318/535/535 319/537/537 296/538/538
f 296/538/538 319/537/537 320/539/539 295/540/540
f 295/540/540 320/539/539 321/541/541 294/542/542
f 294/542/542 321/541/541 322/543/543 293/544/544
f 293/544/544 322/543/543 323/545/545 292/546/546
f 292/546/546 323/545/545 324/547/547 291/548/548
f 291/548/548 324/547/547 314/127/127 289/151/151
f 313/232/232 325/231/231 327/549/549 315/529/529
f 315/529/529 327/549/549 328/550/550 316/531/531
f 316/531/531 328/550/550 329/551/551 317/533/533
f 317/533/533 329/551/551 330/552/552 318/535/535
f 318/535/535 330/552/552 331/553/553 319/537/537
f 319/537/537 331/553/553 332/554/554 320/539/539
f 320/539/539 332/554/554 333/555/555 321/541/541
f 321/541/541 333/555/555 334/556/556 322/543/543
f 322/543/543 334/556/556 335/557/557 323/545/545
f 323/545/545 335/557/557 336/558/558 324/547/547
f 324/547/547 336/558/558 326/128/128 314/127/127
f 325/231/231 337/230/230 339/559/559 327/549/549
f 327/549/549 339/559/559 340/560/560 328/550/550
f 328/550/550 340/560/560 341/561/561 329/551/551
f 329/551/551 341/561/561 342/562/562 330/552/552
f 330/552/552 342/562/562 343/563/563 331/553/553
f 331/553/553 343/563/563 344/564/564 332/554/554
f 332/554/554 344/564/564 345/565/565 333/555/555
f 333/555/555 345/565/565 346/566/566 334/556/556
f 334/556/556 346/566/566 347/567/567 335/557/557
f 335/557/557 347/567/567 348/568/568 336/558/558
f 336/558/558 348/568/568 338/163/163 326/128/128
f 337/230/230 349/229/229 351/569/569 339/559/559
f 339/559/559 351/569/569 352/570/570 340/560/560
f 340/560/560 352/570/570 353/571/571 341/561/561
f 341/561/561 353/571/571 354/572/572 342/562/562
f 342/562/562 354/572/572 355/573/573 343/563/563
f 343/563/563 355/573/573 356/574/574 344/564/564
f 344/564/564 356/574/574 357/575/575 345/565/565
f 345/565/565 357/575/575 358/576/576 346/566/566
f 346/566/566 358/576/576 359/577/577 347/567/567
f 347/567/567 359/577/577 360/578/578 348/568/568
f 348/568/568 360/578/578 350/167/167 338/163/163
f 349/229/229 361/228/228 363/579/579 351/569/569
f 351/569/569 363/579/579 364/580/580 352/570/570
f 352/570/570 364/580/580 365/581/581 353/571/571
f 353/571/571 365/581/581 366/582/582 354/572/572
f 354/572/572 366/582/582 367/583/583 355/573/573
f 355/573/573 367/583/583 368/584/584 356/574/574
f 356/574/574 368/584/584 369/585/585 357/575/575
f 357/575/575 369/585/585 370/586/586 358/576/576
f 358/576/576 370/586/586 371/587/587 359/577/577
f 359/577/577 371/587/587 372/588/588 360/578/578
f 360/578/578 372/588/588 362/171/171 350/167/167
f 361/228/228 373/227/227 375/589/589 363/579/579
f 363/579/579 375/589/589 376/590/590 364/580/580
f 364/580/580 376/590/590 377/591/591 365/581/581
f 365/581/581 377/591/591 378/592/592 366/582/582
f 366/582/582 378/592/592 379/593/593 367/583/583
f 367/583/583 379/593/593 380/594/594 368/584/584
f 368/584/584 380/594/594 381/595/595 369/585/585
f 369/585/585 381/595/595 382/596/596 370/586/586
f 370/586/586 382/596/596 383/597/597 371/587/587
f 371/587/587 383/597/597 384/598/598 372/588/588
f 372/588/588 384/598/598 374/173/173 362/171/171
f 373/227/227 385/226/226 387/599/599 375/589/589
f 375/589/589 387/599/599 388/600/600 376/590/590
f 376/590/590 388/600/600 389/601/601 377/591/591
f 377/591/591 389/601/601 390/602/602 378/592/592
f 378/592/592 390/602/602 391/603/603 379/593/593
f 379/593/593 391/603/603 392/604/604 380/594/594
f 380/594/594 392/604/604 393/605/605 381/595/595
f 381/595/595 393/605/605 394/606/606 382/596/596
f 382/596/596 394/606/606 395/607/607 383/597/597
f 383/597/597 395/607/607 396/608/608 384/598/598
f 384/598/598 396/608/608 386/249/249 374/173/173
f 385/226/226 397/225/225 399/609/609 387/599/599
f 387/599/599 399/609/609 400/610/610 388/600/600
f 388/600/600 400/610/610 401/611/611 389/601/601
f 389/601/601 401/611/611 402/612/612 390/602/602
f 390/602/602 402/612/612 403/613/613 391/603/603
f 391/603/603 403/613/613 404/614/614 392/604/604
f 392/604/604 404/614/614 405/615/615 393/605/605
f 393/605/605 405/615/615 406/616/616 394/606/606
f 394/606/606 406/616/616 407/617/617 395/607/607
f 395/607/607 407/617/617 408/618/618 396/608/608
f 396/608/608 408/618/618 398/253/253 386/249/249
f 397/225/225 409/224/224 411/619/619 399/609/609
f 399/609/609 411/619/619 412/620/620 400/610/610
f 400/610/610 412/620/620 413/621/621 401/611/611
f 401/611/611 413/621/621 414/622/622 402/612/612
f 402/612/612 414/622/622 415/623/623 403/613/613
f 403/613/613 415/623/623 416/624/624 404/614/614
f 404/614/614 416/624/624 417/625/625 405/615/615
f 405/615/615 417/625/625 418/626/626 406/616/616
f 406/616/616 418/626/626 419/627/627 407/617/617
f 407/617/617 419/627/627 420/628/628 408/618/618
f 408/618/618 420/628/628 410/259/259 398/253/253
f 409/224/224 421/223/223 423/629/629 411/619/619
f 411/619/619 423/629/629 424/630/630 412/620/620
f 412/620/620 424/630/630 425/631/631 413/621/621
f 413/621/621 425/631/631 426/632/632 414/622/622
f 414/622/622 426/632/632 427/633/633 415/623/623
f 415/623/623 427/633/633 428/634/634 416/624/624
f 416/624/624 428/634/634 429/635/635 417/625/625
f 417/625/625 429/635/635 430/636/636 418/626/626
f 418/626/626 430/636/636 431/637/637 419/627/627
f 419/627/627 431/637/637 432/638/638 420/628/628
f 420/628/628 432/638/638 422/157/157 410/259/259
f 421/223/223 301/222/222 303/639/639 423/629/629
f 423/629/629 303/639/639 304/640/640 424/630/630
f 424/630/630 304/640/640 305/641/641 425/631/631
f 425/631/631 305/641/641 306/642/642 426/632/632
f 426/632/632 306/642/642 307/643/643 427/633/633
f 427/633/633 307/643/643 308/644/644 428/634/634
f 428/634/634 308/644/644 309/645/645 429/635/635
f 429/635/635 309/645/645 310/646/646 430/636/636
f 430/636/636 310/646/646 311/647/647 431/637/637
f 431/637/637 311/647/647 312/648/648 432/638/638
f 432/638/638 312/648/648 302/158/158 422/157/157
f 434/221/221 457/220/220 459/649/649 444/650/650
f 444/650/650 459/649/649 460/651/651 443/652/652
f 443/652/652 460/651/651 461/653/653 442/654/654
f 442/654/654 461/653/653 462/655/655 441/656/656
f 441/656/656 462/655/655 463/657/657 440/658/658
f 440/658/658 463/657/657 464/659/659 439/660/660
f 439/660/660 464/659/659 465/661/661 438/662/662
f 438/662/662 465/661/661 466/663/663 437/664/664
f 437/664/664 466/663/663 467/665/665 436/666/666
f 436/666/666 467/665/665 468/667/667 435/668/668
f 435/668/668 468/667/667 458/135/135 433/269/269
f 457/220/220 469/219/219 471/669/669 459/649/649
f 459/649/649 471/669/669 472/670/670 460/651/651
f 460/651/651 472/670/670 473/671/671 461/653/653
f 461/653/653 473/671/671 474/672/672 462/655/655
f 462/655/655 474/672/672 475/673/673 463/657/657
f 463/657/657 475/673/673 476/674/674 464/659/659
f 464/659/659 476/674/674 477/675/675 465/661/661
f 465/661/661 477/675/675 478/676/676 466/663/663
f 466/663/663 478/676/676 479/677/677 467/665/665
f 467/665/665 479/677/677 480/678/678 468/667/667
f 468/667/667 480/678/678 470/136/136 458/135/135
f 469/219/219 481/218/218 483/679/679 471/669/669
f 471/669/669 483/679/679 484/680/680 472/670/670
f 472/670/670 484/680/680 485/681/681 473/671/671
f 473/671/671 485/681/681 486/682/682 474/672/672
f 474/672/672 486/682/682 487/683/683 475/673/673
f 475/673/673 487/683/683 488/684/684 476/674/674
f 476/674/674 488/684/684 489/685/685 477/675/675
f 477/675/675 489/685/685 490/686/686 478/676/676
f 478/676/676 490/686/686 491/687/687 479/677/677
f 479/677/677 491/687/687 492/688/688 480/678/678
f 480/678/678 492/688/688 482/283/283 470/136/136
f 481/218/218 493/217/217 495/689/689 483/679/679
f 483/679/679 495/689/689 496/690/690 484/680/680
f 484/680/680 496/690/690 497/691/691 485/681/681
f 485/681/681 497/691/691 498/692/692 486/682/682
f 486/682/682 498/692/692 499/693/693 487/683/683
f 487/683/683 499/693/693 500/694/694 488/684/684
f 488/684/684 500/694/694 501/695/695 489/685/685
f 489/685/685 501/695/695 502/696/696 490/686/686
f 490/686/686 502/696/696 503/697/697 491/687/687
f 491/687/687 503/697/697 504/698/698 492/688/688
f 492/688/688 504/698/698 494/287/287 482/283/283
f 493/217/217 505/216/216 507/699/699 495/689/689
f 495/689/689 507/699/699 508/700/700 496/690/690
f 496/690/690 508/700/700 509/701/701 497/691/691
f 497/691/691 509/701/701 510/702/702 498/692/692
f 498/692/692 510/702/702 511/703/703 499/693/693
f 499/693/693 511/703/703 512/704/704 500/694/694
f 500/694/694 512/704/704 513/705/705 501/695/695
f 501/695/695 513/705/705 514/706/706 502/696/696
f 502/696/696 514/706/706 515/707/707 503/697/697
f 503/697/697 515/707/707 516/708/708 504/698/698
f 504/698/698 516/708/708 506/9/9 494/287/287
f 505/216/216 517/215/215 519/709/709 507/699/699
f 507/699/699 519/709/709 520/710/710 508/700/700
f 508/700/700 520/710/710 521/711/711 509/701/701
f 509/701/701 521/711/711 522/712/712 510/702/702
f 510/702/702 522/712/712 523/713/713 511/703/703
f 511/703/703 523/713/713 524/714/714 512/704/704
f 512/704/704 524/714/714 525/715/715 513/705/705
f 513/705/705 525/715/715 526/716/716 514/706/706
f 514/706/706 526/716/716 527/717/717 515/707/707
f 515/707/707 527/717/717 528/718/718 516/708/708
f 516/708/708 528/718/718 518/10/10 506/9/9
f 517/215/215 529/214/214 531/719/719 519/709/709
f 519/709/709 531/719/719 532/720/720 520/710/710
f 520/710/710 532/720/720 533/721/721 521/711/711
f 521/711/711 533/721/721 534/722/722 522/712/712
f 522/712/712 534/722/722 535/723/723 523/713/713
f 523/713/713 535/723/723 536/724/724 524/714/714
f 524/714/714 536/724/724 537/725/725 525/715/715
f 525/715/715 537/725/725 538/726/726 526/716/716
f 526/716/716 538/726/726 539/727/727 527/717/717
f 527/717/717 539/727/727 540/728/728 528/718/718
f 528/718/718 540/728/728 530/89/89 518/10/10
f 529/214/214 541/213/213 543/729/729 531/719/719
f 531/719/719 543/729/729 544/730/730 532/720/720
f 532/720/720 544/730/730 545/731/731 533/721/721
f 533/721/721 545/731/731 546/732/732 534/722/722
f 534/722/722 546/732/732 547/733/733 535/723/723
f 535/723/723 547/733/733 548/734/734 536/724/724
f 536/724/724 548/734/734 549/735/735 537/725/725
f 537/725/725 549/735/735 550/736/736 538/726/726
f 538/726/726 550/736/736 551/737/737 539/727/727
f 539/727/727 551/737/737 552/738/738 540/728/728
f 540/728/728 552/738/738 542/99/99 530/89/89
f 541/213/213 553/212/212 555/739/739 543/729/729
f 543/729/729 555/739/739 556/740/740 544/730/730
f 544/730/730 556/740/740 557/741/741 545/731/731
f 545/731/731 557/741/741 558/742/742 546/732/732
f 546/732/732 558/742/742 559/743/743 547/733/733
f 547/733/733 559/743/743 560/744/744 548/734/734
f 548/734/734 560/744/744 561/745/745 549/735/735
f 549/735/735 561/745/745 562/746/746 550/736/736
f 550/736/736 562/746/746 563/747/747 551/737/737
f 551/737/737 563/747/747 564/748/748 552/738/738
f 552/738/738 564/748/748 554/107/107 542/99/99
f 553/212/212 565/211/211 567/749/749 555/739/739
f 555/739/739 567/749/749 568/750/750 556/740/740
f 556/740/740 568/750/750 569/751/751 557/741/741
f 557/741/741 569/751/751 570/752/752 558/742/742
f 558/742/742 570/752/752 571/753/753 559/743/743
f 559/743/743 571/753/753 572/754/754 560/744/744
f 560/744/744 572/754/754 573/755/755 561/745/745
f 561/745/745 573/755/755 574/756/756 562/746/746
f 562/746/746 574/756/756 575/757/757 563/747/747
f 563/747/747 575/757/757 576/758/758 564/748/748
f 564/748/748 576/758/758 566/115/115 554/107/107
f 565/211/211 445/210/210 447/759/759 567/749/749
f 567/749/749 447/759/759 448/760/760 568/750/750
f 568/750/750 448/760/760 449/761/761 569/751/751
f 569/751/751 449/761/761 450/762/762 570/752/752
f 570/752/752 450/762/762 451/763/763 571/753/753
f 571/753/753 451/763/763 452/764/764 572/754/754
f 572/754/754 452/764/764 453/765/765 573/755/755
f 573/755/755 453/765/765 454/766/766 574/756/756
f 574/756/756 454/766/766 455/767/767 575/757/757
f 575/757/757 455/767/767 456/768/768 576/758/758
f 576/758/758 456/768/768 446/131/131 566/115/115
f 578/209/209 601/208/208 603/769/769 588/770/770
f 588/770/770 603/769/769 604/771/771 587/772/772
f 587/772/772 604/771/771 605/773/773 586/774/774
f 586/774/774 605/773/773 606/775/775 585/776/776
f 585/776/776 606/775/775 607/777/777 584/778/778
f 584/778/778 607/777/777 608/779/779 583/780/780
f 583/780/780 608/779/779 609/781/781 582/782/782
f 582/782/782 609/781/781 610/783/783 581/784/784
f 581/784/784 610/783/783 611/785/785 580/786/786
f 580/786/786 611/785/785 612/787/787 579/788/788
f 579/788/788 612/787/787 602/122/122 577/121/121
f 601/208/208 613/207/207 615/789/789 603/769/769
f 603/769/769 615/789/789 616/790/790 604/771/771
f 604/771/771 616/790/790 617/791/791 605/773/773
f 605/773/773 617/791/791 618/792/792 606/775/775
f 606/775/775 618/792/792 619/793/793 607/777/777
f 607/777/777 619/793/793 620/794/794 608/779/779
f 608/779/779 620/794/794 621/795/795 609/781/781
f 609/781/781 621/795/795 622/796/796 610/783/783
f 610/783/783 622/796/796 623/797/797 611/785/785
f 611/785/785 623/797/797 624/798/798 612/787/787
f 612/787/787 624/798/798 614/145/145 602/122/122
f 613/207/207 625/206/206 627/799/799 615/789/789
f 615/789/789 627/799/799 628/800/800 616/790/790
f 616/790/790 628/800/800 629/801/801 617/791/791
f 617/791/791 629/801/801 630/802/802 618/792/792
f 618/792/792 630/802/802 631/803/803 619/793/793
f 619/793/793 631/803/803 632/804/804 620/794/794
f 620/794/794 632/804/804 633/805/805 621/795/795
f 621/795/795 633/805/805 634/806/806 622/796/796
f 622/796/796 634/806/806 635/807/807 623/797/797
f 623/797/797 635/807/807 636/808/808 624/798/798
f 624/798/798 636/808/808 626/147/147 614/145/145
f 625/206/206 637/205/205 639/809/809 627/799/799
f 627/799/799 639/809/809 640/810/810 628/800/800
f 628/800/800 640/810/810 641/811/811 629/801/801
f 629/801/801 641/811/811 642/812/812 630/802/802
f 630/802/802 642/812/812 643/813/813 631/803/803
f 631/803/803 643/813/813 644/814/814 632/804/804
f 632/804/804 644/814/814 645/815/815 633/805/805
f 633/805/805 645/815/815 646/816/816 634/806/806
f 634/806/806 646/816/816 647/817/817 635/807/807
f 635/807/807 647/817/817 648/818/818 636/808/808
f 636/808/808 648/818/818 638/149/149 626/147/147
f 637/205/205 649/204/204 651/819/819 639/809/809
f 639/809/809 651/819/819 652/820/820 640/810/810
f 640/810/810 652/820/820 653/821/821 641/811/811
f 641/811/811 653/821/821 654/822/822 642/812/812
f 642/812/812 654/822/822 655/823/823 643/813/813
f 643/813/813 655/823/823 656/824/824 644/814/814
f 644/814/814 656/824/824 657/825/825 645/815/815
f 645/815/815 657/825/825 658/826/826 646/816/816
f 646/816/816 658/826/826 659/827/827 647/817/817
f 647/817/817 659/827/827 660/828/828 648/818/818
f 648/818/818 660/828/828 650/153/153 638/149/149
f 649/204/204 661/203/203 663/829/829 651/819/819
f 651/819/819 663/829/829 664/830/830 652/820/820
f 652/820/820 664/830/830 665/831/831 653/821/821
f 653/821/821 665/831/831 666/832/832 654/822/822
f 654/822/822 666/832/832 667/833/833 655/823/823
f 655/823/823 667/833/833 668/834/834 656/824/824
f 656/824/824 668/834/834 669/835/835 657/825/825
f 657/825/825 669/835/835 670/836/836 658/826/826
f 658/826/826 670/836/836 671/837/837 659/827/827
f 659/827/827 671/837/837 672/838/838 660/828/828
f 660/828/828 672/838/838 662/155/155 650/153/153
f 661/203/203 673/202/202 675/839/839 663/829/829
f 663/829/829 675/839/839 676/840/840 664/830/830
f 664/830/830 676/840/840 677/841/841 665/831/831
f 665/831/831 677/841/841 678/842/842 666/832/832
f 666/832/832 678/842/842 679/843/843 667/833/833
f 667/833/833 679/843/843 680/844/844 668/834/834
f 668/834/834 680/844/844 681/845/845 669/835/835
f 669/835/835 681/845/845 682/846/846 670/836/836
f 670/836/836 682/846/846 683/847/847 671/837/837
f 671/837/837 683/847/847 684/848/848 672/838/838
f 672/838/838 684/848/848 674/161/161 662/155/155
f 673/202/202 685/201/201 687/849/849 675/839/839
f 675/839/839 687/849/849 688/850/850 676/840/840
f 676/840/840 688/850/850 689/851/851 677/841/841
f 677/841/841 689/851/851 690/852/852 678/842/842
f 678/842/842 690/852/852 691/853/853 679/843/843
f 679/843/843 691/853/853 692/854/854 680/844/844
f 680/844/844 692/854/854 693/855/855 681/845/845
f 681/845/845 693/855/855 694/856/856 682/846/846
f 682/846/846 694/856/856 695/857/857 683/847/847
f 683/847/847 695/857/857 696/858/858 684/848/848
f 684/848/848 696/858/858 686/165/165 674/161/161
f 685/201/201 697/200/200 699/859/859 687/849/849
f 687/849/849 699/859/859 700/860/860 688/850/850
f 688/850/850 700/860/860 701/861/861 689/851/851
f 689/851/851 701/861/861 702/862/862 690/852/852
f 690/852/852 702/862/862 703/863/863 691/853/853
f 691/853/853 703/863/863 704/864/864 692/854/854
f 692/854/854 704/864/864 705/865/865 693/855/855
f 693/855/855 705/865/865 706/866/866 694/856/856
f 694/856/856 706/866/866 707/867/867 695/857/857
f 695/857/857 707/867/867 708/868/868 696/858/858
f 696/858/858 708/868/868 698/169/169 686/165/165
f 697/200/200 709/199/199 711/869/869 699/859/859
f 699/859/859 711/869/869 712/870/870 700/860/860
f 700/860/860 712/870/870 713/871/871 701/861/861
f 701/861/861 713/871/871 714/872/872 702/862/862
f 702/862/862 714/872/872 715/873/873 703/863/863
f 703/863/863 715/873/873 716/874/874 704/864/864
f 704/864/864 716/874/874 717/875/875 705/865/865
f 705/865/865 717/875/875 718/876/876 706/866/866
f 706/866/866 718/876/876 719/877/877 707/867/867
f 707/867/867 719/877/877 720/878/878 708/868/868
f 708/868/868 720/878/878 710/139/139 698/169/169
f 709/199/199 589/198/198 591/879/879 711/869/869
f 711/869/869 591/879/879 592/880/880 712/870/870
f 712/870/870 592/880/880 593/881/881 713/871/871
f 713/871/871 593/881/881 594/882/882 714/872/872
f 714/872/872 594/882/882 595/883/883 715/873/873
f 715/873/873 595/883/883 596/884/884 716/874/874
f 716/874/874 596/884/884 597/885/885 717/875/875
f 717/875/875 597/885/885 598/886/886 718/876/876
f 718/876/876 598/886/886 599/887/887 719/877/877
f 719/877/877 599/887/887 600/888/888 720/878/878
f 720/878/878 600/888/888 590/140/140 710/139/139
f 722/197/197 745/196/196 747/889/889 732/890/890
f 732/890/890 747/889/889 748/891/891 731/892/892
f 731/892/892 748/891/891 749/893/893 730/894/894
f 730/894/894 749/893/893 750/895/895 729/896/896
f 729/896/896 750/895/895 751/897/897 728/898/898
f 728/898/898 751/897/897 752/899/899 727/900/900
f 727/900/900 752/899/899 753/901/901 726/902/902
f 726/902/902 753/901/901 754/903/903 725/904/904
f 725/904/904 754/903/903 755/905/905 724/906/906
f 724/906/906 755/905/905 756/907/907 723/908/908
f 723/908/908 756/907/907 746/95/95 721/247/247
f 745/196/196 757/195/195 759/909/909 747/889/889
f 747/889/889 759/909/909 760/910/910 748/891/891
f 748/891/891 760/910/910 761/911/911 749/893/893
f 749/893/893 761/911/911 762/912/912 750/895/895
f 750/895/895 762/912/912 763/913/913 751/897/897
f 751/897/897 763/913/913 764/914/914 752/899/899
f 752/899/899 764/914/914 765/915/915 753/901/901
f 753/901/901 765/915/915 766/916/916 754/903/903
f 754/903/903 766/916/916 767/917/917 755/905/905
f 755/905/905 767/917/917 768/918/918 756/907/907
f 756/907/907 768/918/918 758/96/96 746/95/95
f 757/195/195 769/194/194 771/919/919 759/909/909
f 759/909/909 771/919/919 772/920/920 760/910/910
f 760/910/910 772/920/920 773/921/921 761/911/911
f 761/911/911 773/921/921 774/922/922 762/912/912
f 762/912/912 774/922/922 775/923/923 763/913/913
f 763/913/913 775/923/923 776/924/924 764/914/914
f 764/914/914 776/924/924 777/925/925 765/915/915
f 765/915/915 777/925/925 778/926/926 766/916/916
f 766/916/916 778/926/926 779/927/927 767/917/917
f 767/917/917 779/927/927 780/928/928 768/918/918
f 768/918/918 780/928/928 770/263/263 758/96/96
f 769/194/194 781/193/193 783/929/929 771/919/919
f 771/919/919 783/929/929 784/930/930 772/920/920
f 772/920/920 784/930/930 785/931/931 773/921/921
f 773/921/921 785/931/931 786/932/932 774/922/922
f 774/922/922 786/932/932 787/933/933 775/923/923
f 775/923/923 787/933/933 788/934/934 776/924/924
f 776/924/924 788/934/934 789/935/935 777/925/925
f 777/925/925 789/935/935 790/936/936 778/926/926
f 778/926/926 790/936/936 791/937/937 779/927/927
f 779/927/927 791/937/937 792/938/938 780/928/928
f 780/928/928 792/938/938 782/267/267 770/263/263
f 781/193/193 793/192/192 795/939/939 783/929/929
f 783/929/929 795/939/939 796/940/940 784/930/930
f 784/930/930 796/940/940 797/941/941 785/931/931
f 785/931/931 797/941/941 798/942/942 786/932/932
f 786/932/932 798/942/942 799/943/943 787/933/933
f 787/933/933 799/943/943 800/944/944 788/934/934
f 788/934/934 800/944/944 801/945/945 789/935/935
f 789/935/935 801/945/945 802/946/946 790/936/936
f 790/936/936 802/946/946 803/947/947 791/937/937
f 791/937/937 803/947/947 804/948/948 792/938/938
f 792/938/938 804/948/948 794/273/273 782/267/267
f 793/192/192 805/191/191 807/949/949 795/939/939
f 795/939/939 807/949/949 808/950/950 796/940/940
f 796/940/940 808/950/950 809/951/951 797/941/941
f 797/941/941 809/951/951 810/952/952 798/942/942
f 798/942/942 810/952/952 811/953/953 799/943/943
f 799/943/943 811/953/953 812/954/954 800/944/944
f 800/944/944 812/954/954 813/955/955 801/945/945
f 801/945/945 813/955/955 814/956/956 802/946/946
f 802/946/946 814/956/956 815/957/957 803/947/947
f 803/947/947 815/957/957 816/958/958 804/948/948
f 804/948/948 816/958/958 806/277/277 794/273/273
f 805/191/191 817/190/190 819/959/959 807/949/949
f 807/949/949 819/959/959 820/960/960 808/950/950
f 808/950/950 820/960/960 821/961/961 809/951/951
f 809/951/951 821/961/961 822/962/962 810/952/952
f 810/952/952 822/962/962 823/963/963 811/953/953
f 811/953/953 823/963/963 824/964/964 812/954/954
f 812/954/954 824/964/964 825/965/965 813/955/955
f 813/955/955 825/965/965 826/966/966 814/956/956
f 814/956/956 826/966/966 827/967/967 815/957/957
f 815/957/957 827/967/967 828/968/968 816/958/958
f 816/958/958 828/968/968 818/281/281 806/277/277
f 817/190/190 829/189/189 831/969/969 819/959/959
f 819/959/959 831/969/969 832/970/970 820/960/960
f 820/960/960 832/970/970 833/971/971 821/961/961
f 821/961/961 833/971/971 834/972/972 822/962/962
f 822/962/962 834/972/972 835/973/973 823/963/963
f 823/963/963 835/973/973 836/974/974 824/964/964
f 824/964/964 836/974/974 837/975/975 825/965/965
f 825/965/965 837/975/975 838/976/976 826/966/966
f 826/966/966 838/976/976 839/977/977 827/967/967
f 827/967/967 839/977/977 840/978/978 828/968/968
f 828/968/968 840/978/978 830/285/285 818/281/281
f 829/189/189 841/188/188 843/979/979 831/969/969
f 831/969/969 843/979/979 844/980/980 832/970/970
f 832/970/970 844/980/980 845/981/981 833/971/971
f 833/971/971 845/981/981 846/982/982 834/972/972
f 834/972/972 846/982/982 847/983/983 835/973/973
f 835/973/973 847/983/983 848/984/984 836/974/974
f 836/974/974 848/984/984 849/985/985 837/975/975
f 837/975/975 849/985/985 850/986/986 838/976/976
f 838/976/976 850/986/986 851/987/987 839/977/977
f 839/977/977 851/987/987 852/988/988 840/978/978
f 840/978/978 852/988/988 842/5/5 830/285/285
f 841/188/188 853/187/187 855/989/989 843/979/979
f 843/979/979 855/989/989 856/990/990 844/980/980
f 844/980/980 856/990/990 857/991/991 845/981/981
f 845/981/981 857/991/991 858/992/992 846/982/982
f 846/982/982 858/992/992 859/993/993 847/983/983
f 847/983/983 859/993/993 860/994/994 848/984/984
f 848/984/984 860/994/994 861/995/995 849/985/985
f 849/985/985 861/995/995 862/996/996 850/986/986
f 850/986/986 862/996/996 863/997/997 851/987/987
f 851/987/987 863/997/997 864/998/998 852/988/988
f 852/988/988 864/998/998 854/6/6 842/5/5
f 853/187/187 733/186/186 735/999/999 855/989/989
f 855/989/989 735/999/999 736/1000/1000 856/990/990
f 856/990/990 736/1000/1000 737/1001/1001 857/991/991
f 857/991/991 737/1001/1001 738/1002/1002 858/992/992
f 858/992/992 738/1002/1002 739/1003/1003 859/993/993
f 859/993/993 739/1003/1003 740/1004/1004 860/994/994
f 860/994/994 740/1004/1004 741/1005/1005 861/995/995
f 861/995/995 741/1005/1005 742/1006/1006 862/996/996
f 862/996/996 742/1006/1006 743/1007/1007 863/997/997
f 863/997/997 743/1007/1007 744/1008/1008 864/998/998
f 864/998/998 744/1008/1008 734/257/257 854/6/6
f 1/246/246 146/245/245 156/410/410 3/308/308
f 3/308/308 156/410/410 155/412/412 4/306/306
f 4/306/306 155/412/412 154/414/414 5/304/304
f 5/304/304 154/414/414 153/416/416 6/302/302
f 6/302/302 153/416/416 152/418/418 7/300/300
f 7/300/300 152/418/418 151/420/420 8/298/298
f 8/298/298 151/420/420 150/422/422 9/296/296
f 9/296/296 150/422/422 149/424/424 10/294/294
f 10/294/294 149/424/424 148/426/426 11/292/292
f 11/292/292 148/426/426 147/428/428 12/290/290
f 12/290/290 147/428/428 145/2/2 2/1/1
f 13/103/103 734/257/257 744/1008/1008 15/399/399
f 15/399/399 744/1008/1008 743/1007/1007 16/400/400
f 16/400/400 743/1007/1007 742/1006/1006 17/401/401
f 17/401/401 742/1006/1006 741/1005/1005 18/402/402
f 18/402/402 741/1005/1005 740/1004/1004 19/403/403
f 19/403/403 740/1004/1004 739/1003/1003 20/404/404
f 20/404/404 739/1003/1003 738/1002/1002 21/405/405
f 21/405/405 738/1002/1002 737/1001/1001 22/406/406
f 22/406/406 737/1001/1001 736/1000/1000 23/407/407
f 23/407/407 736/1000/1000 735/999/999 24/408/408
f 24/408/408 735/999/999 733/186/186 14/185/185
f 157/234/234 290/233/233 300/530/530 159/519/519
f 159/519/519 300/530/530 299/532/532 160/520/520
f 160/520/520 299/532/532 298/534/534 161/521/521
f 161/521/521 298/534/534 297/536/536 162/522/522
f 162/522/522 297/536/536 296/538/538 163/523/523
f 163/523/523 296/538/538 295/540/540 164/524/524
f 164/524/524 295/540/540 294/542/542 165/525/525
f 165/525/525 294/542/542 293/544/544 166/526/526
f 166/526/526 293/544/544 292/546/546 167/527/527
f 167/527/527 292/546/546 291/548/548 168/528/528
f 168/528/528 291/548/548 289/151/151 158/14/14
f 301/222/222 434/221/221 444/650/650 303/639/639
f 303/639/639 444/650/650 443/652/652 304/640/640
f 304/640/640 443/652/652 442/654/654 305/641/641
f 305/641/641 442/654/654 441/656/656 306/642/642
f 306/642/642 441/656/656 440/658/658 307/643/643
f 307/643/643 440/658/658 439/660/660 308/644/644
f 308/644/644 439/660/660 438/662/662 309/645/645
f 309/645/645 438/662/662 437/664/664 310/646/646
f 310/646/646 437/664/664 436/666/666 311/647/647
f 311/647/647 436/666/666 435/668/668 312/648/648
f 312/648/648 435/668/668 433/269/269 302/158/158
f 445/210/210 578/209/209 588/770/770 447/759/759
f 447/759/759 588/770/770 587/772/772 448/760/760
f 448/760/760 587/772/772 586/774/774 449/761/761
f 449/761/761 586/774/774 585/776/776 450/762/762
f 450/762/762 585/776/776 584/778/778 451/763/763
f 451/763/763 584/778/778 583/780/780 452/764/764
f 452/764/764 583/780/780 582/782/782 453/765/765
f 453/765/765 582/782/782 581/784/784 454/766/766
f 454/766/766 581/784/784 580/786/786 455/767/767
f 455/767/767 580/786/786 579/788/788 456/768/768
f 456/768/768 579/788/788 577/121/121 446/131/131
f 589/198/198 722/197/197 732/890/890 591/879/879
f 591/879/879 732/890/890 731/892/892 592/880/880
f 592/880/880 731/892/892 730/894/894 593/881/881
f 593/881/881 730/894/894 729/896/896 594/882/882
f 594/882/882 729/896/896 728/898/898 595/883/883
f 595/883/883 728/898/898 727/900/900 596/884/884
f 596/884/884 727/900/900 726/902/902 597/885/885
f 597/885/885 726/902/902 725/904/904 598/886/886
f 598/886/886 725/904/904 724/906/906 599/887/887
f 599/887/887 724/906/906 723/908/908 600/888/888
f 600/888/888 723/908/908 721/247/247 590/140/140
f 866/18/18 877/17/17 879/1009/1009 876/1010/1010
f 876/1010/1010 879/1009/1009 880/1011/1011 875/1012/1012
f 875/1012/1012 880/1011/1011 881/1013/1013 874/1014/1014
f 874/1014/1014 881/1013/1013 882/1015/1015 873/1016/1016
f 873/1016/1016 882/1015/1015 883/1017/1017 872/1018/1018
f 872/1018/1018 883/1017/1017 884/1019/1019 871/1020/1020
f 871/1020/1020 884/1019/1019 885/1021/1021 870/1022/1022
f 870/1022/1022 885/1021/1021 886/1023/1023 869/1024/1024
f 869/1024/1024 886/1023/1023 887/1025/1025 868/1026/1026
f 868/1026/1026 887/1025/1025 888/1027/1027 867/1028/1028
f 867/1028/1028 888/1027/1027 878/113/113 865/4/4
f 877/17/17 889/88/88 891/1029/1029 879/1009/1009
f 879/1009/1009 891/1029/1029 892/1030/1030 880/1011/1011
f 880/1011/1011 892/1030/1030 893/1031/1031 881/1013/1013
f 881/1013/1013 893/1031/1031 894/1032/1032 882/1015/1015
f 882/1015/1015 894/1032/1032 895/1033/1033 883/1017/1017
f 883/1017/1017 895/1033/1033 896/1034/1034 884/1019/1019
f 884/1019/1019 896/1034/1034 897/1035/1035 885/1021/1021
f 885/1021/1021 897/1035/1035 898/1036/1036 886/1023/1023
f 886/1023/1023 898/1036/1036 899/1037/1037 887/1025/1025
f 887/1025/1025 899/1037/1037 900/1038/1038 888/1027/1027
f 888/1027/1027 900/1038/1038 890/114/114 878/113/113
f 889/88/88 901/87/87 903/1039/1039 891/1029/1029
f 891/1029/1029 903/1039/1039 904/1040/1040 892/1030/1030
f 892/1030/1030 904/1040/1040 905/1041/1041 893/1031/1031
f 893/1031/1031 905/1041/1041 906/1042/1042 894/1032/1032
f 894/1032/1032 906/1042/1042 907/1043/1043 895/1033/1033
f 895/1033/1033 907/1043/1043 908/1044/1044 896/1034/1034
f 896/1034/1034 908/1044/1044 909/1045/1045 897/1035/1035
f 897/1035/1035 909/1045/1045 910/1046/1046 898/1036/1036
f 898/1036/1036 910/1046/1046 911/1047/1047 899/1037/1037
f 899/1037/1037 911/1047/1047 912/1048/1048 900/1038/1038
f 900/1038/1038 912/1048/1048 902/252/252 890/114/114
f 901/87/87 913/86/86 915/1049/1049 903/1039/1039
f 903/1039/1039 915/1049/1049 916/1050/1050 904/1040/1040
f 904/1040/1040 916/1050/1050 917/1051/1051 905/1041/1041
f 905/1041/1041 917/1051/1051 918/1052/1052 906/1042/1042
f 906/1042/1042 918/1052/1052 919/1053/1053 907/1043/1043
f 907/1043/1043 919/1053/1053 920/1054/1054 908/1044/1044
f 908/1044/1044 920/1054/1054 921/1055/1055 909/1045/1045
f 909/1045/1045 921/1055/1055 922/1056/1056 910/1046/1046
f 910/1046/1046 922/1056/1056 923/1057/1057 911/1047/1047
f 911/1047/1047 923/1057/1057 924/1058/1058 912/1048/1048
f 912/1048/1048 924/1058/1058 914/256/256 902/252/252
f 913/86/86 925/85/85 927/1059/1059 915/1049/1049
f 915/1049/1049 927/1059/1059 928/1060/1060 916/1050/1050
f 916/1050/1050 928/1060/1060 929/1061/1061 917/1051/1051
f 917/1051/1051 929/1061/1061 930/1062/1062 918/1052/1052
f 918/1052/1052 930/1062/1062 931/1063/1063 919/1053/1053
f 919/1053/1053 931/1063/1063 932/1064/1064 920/1054/1054
f 920/1054/1054 932/1064/1064 933/1065/1065 921/1055/1055
f 921/1055/1055 933/1065/1065 934/1066/1066 922/1056/1056
f 922/1056/1056 934/1066/1066 935/1067/1067 923/1057/1057
f 923/1057/1057 935/1067/1067 936/1068/1068 924/1058/1058
f 924/1058/1058 936/1068/1068 926/262/262 914/256/256
f 925/85/85 937/84/84 939/1069/1069 927/1059/1059
f 927/1059/1059 939/1069/1069 940/1070/1070 928/1060/1060
f 928/1060/1060 940/1070/1070 941/1071/1071 929/1061/1061
f 929/1061/1061 941/1071/1071 942/1072/1072 930/1062/1062
f 930/1062/1062 942/1072/1072 943/1073/1073 931/1063/1063
f 931/1063/1063 943/1073/1073 944/1074/1074 932/1064/1064
f 932/1064/1064 944/1074/1074 945/1075/1075 933/1065/1065
f 933/1065/1065 945/1075/1075 946/1076/1076 934/1066/1066
f 934/1066/1066 946/1076/1076 947/1077/1077 935/1067/1067
f 935/1067/1067 947/1077/1077 948/1078/1078 936/1068/1068
f 936/1068/1068 948/1078/1078 938/266/266 926/262/262
f 937/84/84 949/83/83 951/1079/1079 939/1069/1069
f 939/1069/1069 951/1079/1079 952/1080/1080 940/1070/1070
f 940/1070/1070 952/1080/1080 953/1081/1081 941/1071/1071
f 941/1071/1071 953/1081/1081 954/1082/1082 942/1072/1072
f 942/1072/1072 954/1082/1082 955/1083/1083 943/1073/1073
f 943/1073/1073 955/1083/1083 956/1084/1084 944/1074/1074
f 944/1074/1074 956/1084/1084 957/1085/1085 945/1075/1075
f 945/1075/1075 957/1085/1085 958/1086/1086 946/1076/1076
f 946/1076/1076 958/1086/1086 959/1087/1087 947/1077/1077
f 947/1077/1077 959/1087/1087 960/1088/1088 948/1078/1078
f 948/1078/1078 960/1088/1088 950/272/272 938/266/266
f 949/83/83 961/82/82 963/1089/1089 951/1079/1079
f 951/1079/1079 963/1089/1089 964/1090/1090 952/1080/1080
f 952/1080/1080 964/1090/1090 965/1091/1091 953/1081/1081
f 953/1081/1081 965/1091/1091 966/1092/1092 954/1082/1082
f 954/1082/1082 966/1092/1092 967/1093/1093 955/1083/1083
f 955/1083/1083 967/1093/1093 968/1094/1094 956/1084/1084
f 956/1084/1084 968/1094/1094 969/1095/1095 957/1085/1085
f 957/1085/1085 969/1095/1095 970/1096/1096 958/1086/1086
f 958/1086/1086 970/1096/1096 971/1097/1097 959/1087/1087
f 959/1087/1087 971/1097/1097 972/1098/1098 960/1088/1088
f 960/1088/1088 972/1098/1098 962/276/276 950/272/272
f 961/82/82 973/81/81 975/1099/1099 963/1089/1089
f 963/1089/1089 975/1099/1099 976/1100/1100 964/1090/1090
f 964/1090/1090 976/1100/1100 977/1101/1101 965/1091/1091
f 965/1091/1091 977/1101/1101 978/1102/1102 966/1092/1092
f 966/1092/1092 978/1102/1102 979/1103/1103 967/1093/1093
f 967/1093/1093 979/1103/1103 980/1104/1104 968/1094/1094
f 968/1094/1094 980/1104/1104 981/1105/1105 969/1095/1095
f 969/1095/1095 981/1105/1105 982/1106/1106 970/1096/1096
f 970/1096/1096 982/1106/1106 983/1107/1107 971/1097/1097
f 971/1097/1097 983/1107/1107 984/1108/1108 972/1098/1098
f 972/1098/1098 984/1108/1108 974/280/280 962/276/276
f 973/81/81 985/80/80 987/1109/1109 975/1099/1099
f 975/1099/1099 987/1109/1109 988/1110/1110 976/1100/1100
f 976/1100/1100 988/1110/1110 989/1111/1111 977/1101/1101
f 977/1101/1101 989/1111/1111 990/1112/1112 978/1102/1102
f 978/1102/1102 990/1112/1112 991/1113/1113 979/1103/1103
f 979/1103/1103 991/1113/1113 992/1114/1114 980/1104/1104
f 980/1104/1104 992/1114/1114 993/1115/1115 981/1105/1105
f 981/1105/1105 993/1115/1115 994/1116/1116 982/1106/1106
f 982/1106/1106 994/1116/1116 995/1117/1117 983/1107/1107
f 983/1107/1107 995/1117/1117 996/1118/1118 984/1108/1108
f 984/1108/1108 996/1118/1118 986/105/105 974/280/280
f 985/80/80 997/79/79 999/1119/1119 987/1109/1109
f 987/1109/1109 999/1119/1119 1000/1120/1120 988/1110/1110
f 988/1110/1110 1000/1120/1120 1001/1121/1121 989/1111/1111
f 989/1111/1111 1001/1121/1121 1002/1122/1122 990/1112/1112
f 990/1112/1112 1002/1122/1122 1003/1123/1123 991/1113/1113
f 991/1113/1113 1003/1123/1123 1004/1124/1124 992/1114/1114
f 992/1114/1114 1004/1124/1124 1005/1125/1125 993/1115/1115
f 993/1115/1115 1005/1125/1125 1006/1126/1126 994/1116/1116
f 994/1116/1116 1006/1126/1126 1007/1127/1127 995/1117/1117
f 995/1117/1117 1007/1127/1127 1008/1128/1128 996/1118/1118
f 996/1118/1118 1008/1128/1128 998/106/106 986/105/105
f 1010/3/3 1021/120/120 1023/1129/1129 1020/1130/1130
f 1020/1130/1130 1023/1129/1129 1024/1131/1131 1019/1132/1132
f 1019/1132/1132 1024/1131/1131 1025/1133/1133 1018/1134/1134
f 1018/1134/1134 1025/1133/1133 1026/1135/1135 1017/1136/1136
f 1017/1136/1136 1026/1135/1135 1027/1137/1137 1016/1138/1138
f 1016/1138/1138 1027/1137/1137 1028/1139/1139 1015/1140/1140
f 1015/1140/1140 1028/1139/1139 1029/1141/1141 1014/1142/1142
f 1014/1142/1142 1029/1141/1141 1030/1143/1143 1013/1144/1144
f 1013/1144/1144 1030/1143/1143 1031/1145/1145 1012/1146/1146
f 1012/1146/1146 1031/1145/1145 1032/1147/1147 1011/1148/1148
f 1011/1148/1148 1032/1147/1147 1022/20/20 1009/19/19
f 1021/120/120 1033/94/94 1035/1149/1149 1023/1129/1129
f 1023/1129/1129 1035/1149/1149 1036/1150/1150 1024/1131/1131
f 1024/1131/1131 1036/1150/1150 1037/1151/1151 1025/1133/1133
f 1025/1133/1133 1037/1151/1151 1038/1152/1152 1026/1135/1135
f 1026/1135/1135 1038/1152/1152 1039/1153/1153 1027/1137/1137
f 1027/1137/1137 1039/1153/1153 1040/1154/1154 1028/1139/1139
f 1028/1139/1139 1040/1154/1154 1041/1155/1155 1029/1141/1141
f 1029/1141/1141 1041/1155/1155 1042/1156/1156 1030/1143/1143
f 1030/1143/1143 1042/1156/1156 1043/1157/1157 1031/1145/1145
f 1031/1145/1145 1043/1157/1157 1044/1158/1158 1032/1147/1147
f 1032/1147/1147 1044/1158/1158 1034/21/21 1022/20/20
f 1033/94/94 1045/93/93 1047/1159/1159 1035/1149/1149
f 1035/1149/1149 1047/1159/1159 1048/1160/1160 1036/1150/1150
f 1036/1150/1150 1048/1160/1160 1049/1161/1161 1037/1151/1151
f 1037/1151/1151 1049/1161/1161 1050/1162/1162 1038/1152/1152
f 1038/1152/1152 1050/1162/1162 1051/1163/1163 1039/1153/1153
f 1039/1153/1153 1051/1163/1163 1052/1164/1164 1040/1154/1154
f 1040/1154/1154 1052/1164/1164 1053/1165/1165 1041/1155/1155
f 1041/1155/1155 1053/1165/1165 1054/1166/1166 1042/1156/1156
f 1042/1156/1156 1054/1166/1166 1055/1167/1167 1043/1157/1157
f 1043/1157/1157 1055/1167/1167 1056/1168/1168 1044/1158/1158
f 1044/1158/1158 1056/1168/1168 1046/22/22 1034/21/21
f 1045/93/93 1057/102/102 1059/1169/1169 1047/1159/1159
f 1047/1159/1159 1059/1169/1169 1060/1170/1170 1048/1160/1160
f 1048/1160/1160 1060/1170/1170 1061/1171/1171 1049/1161/1161
f 1049/1161/1161 1061/1171/1171 1062/1172/1172 1050/1162/1162
f 1050/1162/1162 1062/1172/1172 1063/1173/1173 1051/1163/1163
f 1051/1163/1163 1063/1173/1173 1064/1174/1174 1052/1164/1164
f 1052/1164/1164 1064/1174/1174 1065/1175/1175 1053/1165/1165
f 1053/1165/1165 1065/1175/1175 1066/1176/1176 1054/1166/1166
f 1054/1166/1166 1066/1176/1176 1067/1177/1177 1055/1167/1167
f 1055/1167/1167 1067/1177/1177 1068/1178/1178 1056/1168/1168
f 1056/1168/1168 1068/1178/1178 1058/23/23 1046/22/22
f 1057/102/102 1069/110/110 1071/1179/1179 1059/1169/1169
f 1059/1169/1169 1071/1179/1179 1072/1180/1180 1060/1170/1170
f 1060/1170/1170 1072/1180/1180 1073/1181/1181 1061/1171/1171
f 1061/1171/1171 1073/1181/1181 1074/1182/1182 1062/1172/1172
f 1062/1172/1172 1074/1182/1182 1075/1183/1183 1063/1173/1173
f 1063/1173/1173 1075/1183/1183 1076/1184/1184 1064/1174/1174
f 1064/1174/1174 1076/1184/1184 1077/1185/1185 1065/1175/1175
f 1065/1175/1175 1077/1185/1185 1078/1186/1186 1066/1176/1176
f 1066/1176/1176 1078/1186/1186 1079/1187/1187 1067/1177/1177
f 1067/1177/1177 1079/1187/1187 1080/1188/1188 1068/1178/1178
f 1068/1178/1178 1080/1188/1188 1070/24/24 1058/23/23
f 1069/110/110 1081/118/118 1083/1189/1189 1071/1179/1179
f 1071/1179/1179 1083/1189/1189 1084/1190/1190 1072/1180/1180
f 1072/1180/1180 1084/1190/1190 1085/1191/1191 1073/1181/1181
f 1073/1181/1181 1085/1191/1191 1086/1192/1192 1074/1182/1182
f 1074/1182/1182 1086/1192/1192 1087/1193/1193 1075/1183/1183
f 1075/1183/1183 1087/1193/1193 1088/1194/1194 1076/1184/1184
f 1076/1184/1184 1088/1194/1194 1089/1195/1195 1077/1185/1185
f 1077/1185/1185 1089/1195/1195 1090/1196/1196 1078/1186/1186
f 1078/1186/1186 1090/1196/1196 1091/1197/1197 1079/1187/1187
f 1079/1187/1187 1091/1197/1197 1092/1198/1198 1080/1188/1188
f 1080/1188/1188 1092/1198/1198 1082/25/25 1070/24/24
f 1081/118/118 1093/126/126 1095/1199/1199 1083/1189/1189
f 1083/1189/1189 1095/1199/1199 1096/1200/1200 1084/1190/1190
f 1084/1190/1190 1096/1200/1200 1097/1201/1201 1085/1191/1191
f 1085/1191/1191 1097/1201/1201 1098/1202/1202 1086/1192/1192
f 1086/1192/1192 1098/1202/1202 1099/1203/1203 1087/1193/1193
f 1087/1193/1193 1099/1203/1203 1100/1204/1204 1088/1194/1194
f 1088/1194/1194 1100/1204/1204 1101/1205/1205 1089/1195/1195
f 1089/1195/1195 1101/1205/1205 1102/1206/1206 1090/1196/1196
f 1090/1196/1196 1102/1206/1206 1103/1207/1207 1091/1197/1197
f 1091/1197/1197 1103/1207/1207 1104/1208/1208 1092/1198/1198
f 1092/1198/1198 1104/1208/1208 1094/26/26 1082/25/25
f 1093/126/126 1105/134/134 1107/1209/1209 1095/1199/1199
f 1095/1199/1199 1107/1209/1209 1108/1210/1210 1096/1200/1200
f 1096/1200/1200 1108/1210/1210 1109/1211/1211 1097/1201/1201
f 1097/1201/1201 1109/1211/1211 1110/1212/1212 1098/1202/1202
f 1098/1202/1202 1110/1212/1212 1111/1213/1213 1099/1203/1203
f 1099/1203/1203 1111/1213/1213 1112/1214/1214 1100/1204/1204
f 1100/1204/1204 1112/1214/1214 1113/1215/1215 1101/1205/1205
f 1101/1205/1205 1113/1215/1215 1114/1216/1216 1102/1206/1206
f 1102/1206/1206 1114/1216/1216 1115/1217/1217 1103/1207/1207
f 1103/1207/1207 1115/1217/1217 1116/1218/1218 1104/1208/1208
f 1104/1208/1208 1116/1218/1218 1106/27/27 1094/26/26
f 1105/134/134 1117/144/144 1119/1219/1219 1107/1209/1209
f 1107/1209/1209 1119/1219/1219 1120/1220/1220 1108/1210/1210
f 1108/1210/1210 1120/1220/1220 1121/1221/1221 1109/1211/1211
f 1109/1211/1211 1121/1221/1221 1122/1222/1222 1110/1212/1212
f 1110/1212/1212 1122/1222/1222 1123/1223/1223 1111/1213/1213
f 1111/1213/1213 1123/1223/1223 1124/1224/1224 1112/1214/1214
f 1112/1214/1214 1124/1224/1224 1125/1225/1225 1113/1215/1215
f 1113/1215/1215 1125/1225/1225 1126/1226/1226 1114/1216/1216
f 1114/1216/1216 1126/1226/1226 1127/1227/1227 1115/1217/1217
f 1115/1217/1217 1127/1227/1227 1128/1228/1228 1116/1218/1218
f 1116/1218/1218 1128/1228/1228 1118/28/28 1106/27/27
f 1117/144/144 1129/16/16 1131/1229/1229 1119/1219/1219
f 1119/1219/1219 1131/1229/1229 1132/1230/1230 1120/1220/1220
f 1120/1220/1220 1132/1230/1230 1133/1231/1231 1121/1221/1221
f 1121/1221/1221 1133/1231/1231 1134/1232/1232 1122/1222/1222
f 1122/1222/1222 1134/1232/1232 1135/1233/1233 1123/1223/1223
f 1123/1223/1223 1135/1233/1233 1136/1234/1234 1124/1224/1224
f 1124/1224/1224 1136/1234/1234 1137/1235/1235 1125/1225/1225
f 1125/1225/1225 1137/1235/1235 1138/1236/1236 1126/1226/1226
f 1126/1226/1226 1138/1236/1236 1139/1237/1237 1127/1227/1227
f 1127/1227/1227 1139/1237/1237 1140/1238/1238 1128/1228/1228
f 1128/1228/1228 1140/1238/1238 1130/29/29 1118/28/28
f 1129/16/16 1141/15/15 1143/1239/1239 1131/1229/1229
f 1131/1229/1229 1143/1239/1239 1144/1240/1240 1132/1230/1230
f 1132/1230/1230 1144/1240/1240 1145/1241/1241 1133/1231/1231
f 1133/1231/1231 1145/1241/1241 1146/1242/1242 1134/1232/1232
f 1134/1232/1232 1146/1242/1242 1147/1243/1243 1135/1233/1233
f 1135/1233/1233 1147/1243/1243 1148/1244/1244 1136/1234/1234
f 1136/1234/1234 1148/1244/1244 1149/1245/1245 1137/1235/1235
f 1137/1235/1235 1149/1245/1245 1150/1246/1246 1138/1236/1236
f 1138/1236/1236 1150/1246/1246 1151/1247/1247 1139/1237/1237
f 1139/1237/1237 1151/1247/1247 1152/1248/1248 1140/1238/1238
f 1140/1238/1238 1152/1248/1248 1142/30/30 1130/29/29
f 1154/152/152 1165/130/130 1167/1249/1249 1164/1250/1250
f 1164/1250/1250 1167/1249/1249 1168/1251/1251 1163/1252/1252
f 1163/1252/1252 1168/1251/1251 1169/1253/1253 1162/1254/1254
f 1162/1254/1254 1169/1253/1253 1170/1255/1255 1161/1256/1256
f 1161/1256/1256 1170/1255/1255 1171/1257/1257 1160/1258/1258
f 1160/1258/1258 1171/1257/1257 1172/1259/1259 1159/1260/1260
f 1159/1260/1260 1172/1259/1259 1173/1261/1261 1158/1262/1262
f 1158/1262/1262 1173/1261/1261 1174/1263/1263 1157/1264/1264
f 1157/1264/1264 1174/1263/1263 1175/1265/1265 1156/1266/1266
f 1156/1266/1266 1175/1265/1265 1176/1267/1267 1155/1268/1268
f 1155/1268/1268 1176/1267/1267 1166/32/32 1153/31/31
f 1165/130/130 1177/129/129 1179/1269/1269 1167/1249/1249
f 1167/1249/1249 1179/1269/1269 1180/1270/1270 1168/1251/1251
f 1168/1251/1251 1180/1270/1270 1181/1271/1271 1169/1253/1253
f 1169/1253/1253 1181/1271/1271 1182/1272/1272 1170/1255/1255
f 1170/1255/1255 1182/1272/1272 1183/1273/1273 1171/1257/1257
f 1171/1257/1257 1183/1273/1273 1184/1274/1274 1172/1259/1259
f 1172/1259/1259 1184/1274/1274 1185/1275/1275 1173/1261/1261
f 1173/1261/1261 1185/1275/1275 1186/1276/1276 1174/1263/1263
f 1174/1263/1263 1186/1276/1276 1187/1277/1277 1175/1265/1265
f 1175/1265/1265 1187/1277/1277 1188/1278/1278 1176/1267/1267
f 1176/1267/1267 1188/1278/1278 1178/33/33 1166/32/32
f 1177/129/129 1189/164/164 1191/1279/1279 1179/1269/1269
f 1179/1269/1269 1191/1279/1279 1192/1280/1280 1180/1270/1270
f 1180/1270/1270 1192/1280/1280 1193/1281/1281 1181/1271/1271
f 1181/1271/1271 1193/1281/1281 1194/1282/1282 1182/1272/1272
f 1182/1272/1272 1194/1282/1282 1195/1283/1283 1183/1273/1273
f 1183/1273/1273 1195/1283/1283 1196/1284/1284 1184/1274/1274
f 1184/1274/1274 1196/1284/1284 1197/1285/1285 1185/1275/1275
f 1185/1275/1275 1197/1285/1285 1198/1286/1286 1186/1276/1276
f 1186/1276/1276 1198/1286/1286 1199/1287/1287 1187/1277/1277
f 1187/1277/1277 1199/1287/1287 1200/1288/1288 1188/1278/1278
f 1188/1278/1278 1200/1288/1288 1190/34/34 1178/33/33
f 1189/164/164 1201/168/168 1203/1289/1289 1191/1279/1279
f 1191/1279/1279 1203/1289/1289 1204/1290/1290 1192/1280/1280
f 1192/1280/1280 1204/1290/1290 1205/1291/1291 1193/1281/1281
f 1193/1281/1281 1205/1291/1291 1206/1292/1292 1194/1282/1282
f 1194/1282/1282 1206/1292/1292 1207/1293/1293 1195/1283/1283
f 1195/1283/1283 1207/1293/1293 1208/1294/1294 1196/1284/1284
f 1196/1284/1284 1208/1294/1294 1209/1295/1295 1197/1285/1285
f 1197/1285/1285 1209/1295/1295 1210/1296/1296 1198/1286/1286
f 1198/1286/1286 1210/1296/1296 1211/1297/1297 1199/1287/1287
f 1199/1287/1287 1211/1297/1297 1212/1298/1298 1200/1288/1288
f 1200/1288/1288 1212/1298/1298 1202/35/35 1190/34/34
f 1201/168/168 1213/172/172 1215/1299/1299 1203/1289/1289
f 1203/1289/1289 1215/1299/1299 1216/1300/1300 1204/1290/1290
f 1204/1290/1290 1216/1300/1300 1217/1301/1301 1205/1291/1291
f 1205/1291/1291 1217/1301/1301 1218/1302/1302 1206/1292/1292
f 1206/1292/1292 1218/1302/1302 1219/1303/1303 1207/1293/1293
f 1207/1293/1293 1219/1303/1303 1220/1304/1304 1208/1294/1294
f 1208/1294/1294 1220/1304/1304 1221/1305/1305 1209/1295/1295
f 1209/1295/1295 1221/1305/1305 1222/1306/1306 1210/1296/1296
f 1210/1296/1296 1222/1306/1306 1223/1307/1307 1211/1297/1297
f 1211/1297/1297 1223/1307/1307 1224/1308/1308 1212/1298/1298
f 1212/1298/1298 1224/1308/1308 1214/36/36 1202/35/35
f 1213/172/172 1225/174/174 1227/1309/1309 1215/1299/1299
f 1215/1299/1299 1227/1309/1309 1228/1310/1310 1216/1300/1300
f 1216/1300/1300 1228/1310/1310 1229/1311/1311 1217/1301/1301
f 1217/1301/1301 1229/1311/1311 1230/1312/1312 1218/1302/1302
f 1218/1302/1302 1230/1312/1312 1231/1313/1313 1219/1303/1303
f 1219/1303/1303 1231/1313/1313 1232/1314/1314 1220/1304/1304
f 1220/1304/1304 1232/1314/1314 1233/1315/1315 1221/1305/1305
f 1221/1305/1305 1233/1315/1315 1234/1316/1316 1222/1306/1306
f 1222/1306/1306 1234/1316/1316 1235/1317/1317 1223/1307/1307
f 1223/1307/1307 1235/1317/1317 1236/1318/1318 1224/1308/1308
f 1224/1308/1308 1236/1318/1318 1226/37/37 1214/36/36
f 1225/174/174 1237/250/250 1239/1319/1319 1227/1309/1309
f 1227/1309/1309 1239/1319/1319 1240/1320/1320 1228/1310/1310
f 1228/1310/1310 1240/1320/1320 1241/1321/1321 1229/1311/1311
f 1229/1311/1311 1241/1321/1321 1242/1322/1322 1230/1312/1312
f 1230/1312/1312 1242/1322/1322 1243/1323/1323 1231/1313/1313
f 1231/1313/1313 1243/1323/1323 1244/1324/1324 1232/1314/1314
f 1232/1314/1314 1244/1324/1324 1245/1325/1325 1233/1315/1315
f 1233/1315/1315 1245/1325/1325 1246/1326/1326 1234/1316/1316
f 1234/1316/1316 1246/1326/1326 1247/1327/1327 1235/1317/1317
f 1235/1317/1317 1247/1327/1327 1248/1328/1328 1236/1318/1318
f 1236/1318/1318 1248/1328/1328 1238/38/38 1226/37/37
f 1237/250/250 1249/254/254 1251/1329/1329 1239/1319/1319
f 1239/1319/1319 1251/1329/1329 1252/1330/1330 1240/1320/1320
f 1240/1320/1320 1252/1330/1330 1253/1331/1331 1241/1321/1321
f 1241/1321/1321 1253/1331/1331 1254/1332/1332 1242/1322/1322
f 1242/1322/1322 1254/1332/1332 1255/1333/1333 1243/1323/1323
f 1243/1323/1323 1255/1333/1333 1256/1334/1334 1244/1324/1324
f 1244/1324/1324 1256/1334/1334 1257/1335/1335 1245/1325/1325
f 1245/1325/1325 1257/1335/1335 1258/1336/1336 1246/1326/1326
f 1246/1326/1326 1258/1336/1336 1259/1337/1337 1247/1327/1327
f 1247/1327/1327 1259/1337/1337 1260/1338/1338 1248/1328/1328
f 1248/1328/1328 1260/1338/1338 1250/39/39 1238/38/38
f 1249/254/254 1261/260/260 1263/1339/1339 1251/1329/1329
f 1251/1329/1329 1263/1339/1339 1264/1340/1340 1252/1330/1330
f 1252/1330/1330 1264/1340/1340 1265/1341/1341 1253/1331/1331
f 1253/1331/1331 1265/1341/1341 1266/1342/1342 1254/1332/1332
f 1254/1332/1332 1266/1342/1342 1267/1343/1343 1255/1333/1333
f 1255/1333/1333 1267/1343/1343 1268/1344/1344 1256/1334/1334
f 1256/1334/1334 1268/1344/1344 1269/1345/1345 1257/1335/1335
f 1257/1335/1335 1269/1345/1345 1270/1346/1346 1258/1336/1336
f 1258/1336/1336 1270/1346/1346 1271/1347/1347 1259/1337/1337
f 1259/1337/1337 1271/1347/1347 1272/1348/1348 1260/1338/1338
f 1260/1338/1338 1272/1348/1348 1262/40/40 1250/39/39
f 1261/260/260 1273/160/160 1275/1349/1349 1263/1339/1339
f 1263/1339/1339 1275/1349/1349 1276/1350/1350 1264/1340/1340
f 1264/1340/1340 1276/1350/1350 1277/1351/1351 1265/1341/1341
f 1265/1341/1341 1277/1351/1351 1278/1352/1352 1266/1342/1342
f 1266/1342/1342 1278/1352/1352 1279/1353/1353 1267/1343/1343
f 1267/1343/1343 1279/1353/1353 1280/1354/1354 1268/1344/1344
f 1268/1344/1344 1280/1354/1354 1281/1355/1355 1269/1345/1345
f 1269/1345/1345 1281/1355/1355 1282/1356/1356 1270/1346/1346
f 1270/1346/1346 1282/1356/1356 1283/1357/1357 1271/1347/1347
f 1271/1347/1347 1283/1357/1357 1284/1358/1358 1272/1348/1348
f 1272/1348/1348 1284/1358/1358 1274/41/41 1262/40/40
f 1273/160/160 1285/159/159 1287/1359/1359 1275/1349/1349
f 1275/1349/1349 1287/1359/1359 1288/1360/1360 1276/1350/1350
f 1276/1350/1350 1288/1360/1360 1289/1361/1361 1277/1351/1351
f 1277/1351/1351 1289/1361/1361 1290/1362/1362 1278/1352/1352
f 1278/1352/1352 1290/1362/1362 1291/1363/1363 1279/1353/1353
f 1279/1353/1353 1291/1363/1363 1292/1364/1364 1280/1354/1354
f 1280/1354/1354 1292/1364/1364 1293/1365/1365 1281/1355/1355
f 1281/1355/1355 1293/1365/1365 1294/1366/1366 1282/1356/1356
f 1282/1356/1356 1294/1366/1366 1295/1367/1367 1283/1357/1357
f 1283/1357/1357 1295/1367/1367 1296/1368/1368 1284/1358/1358
f 1284/1358/1358 1296/1368/1368 1286/42/42 1274/41/41
f 1298/270/270 1309/138/138 1311/1369/1369 1308/1370/1370
f 1308/1370/1370 1311/1369/1369 1312/1371/1371 1307/1372/1372
f 1307/1372/1372 1312/1371/1371 1313/1373/1373 1306/1374/1374
f 1306/1374/1374 1313/1373/1373 1314/1375/1375 1305/1376/1376
f 1305/1376/1376 1314/1375/1375 1315/1377/1377 1304/1378/1378
f 1304/1378/1378 1315/1377/1377 1316/1379/1379 1303/1380/1380
f 1303/1380/1380 1316/1379/1379 1317/1381/1381 1302/1382/1382
f 1302/1382/1382 1317/1381/1381 1318/1383/1383 1301/1384/1384
f 1301/1384/1384 1318/1383/1383 1319/1385/1385 1300/1386/1386
f 1300/1386/1386 1319/1385/1385 1320/1387/1387 1299/1388/1388
f 1299/1388/1388 1320/1387/1387 1310/44/44 1297/43/43
f 1309/138/138 1321/137/137 1323/1389/1389 1311/1369/1369
f 1311/1369/1369 1323/1389/1389 1324/1390/1390 1312/1371/1371
f 1312/1371/1371 1324/1390/1390 1325/1391/1391 1313/1373/1373
f 1313/1373/1373 1325/1391/1391 1326/1392/1392 1314/1375/1375
f 1314/1375/1375 1326/1392/1392 1327/1393/1393 1315/1377/1377
f 1315/1377/1377 1327/1393/1393 1328/1394/1394 1316/1379/1379
f 1316/1379/1379 1328/1394/1394 1329/1395/1395 1317/1381/1381
f 1317/1381/1381 1329/1395/1395 1330/1396/1396 1318/1383/1383
f 1318/1383/1383 1330/1396/1396 1331/1397/1397 1319/1385/1385
f 1319/1385/1385 1331/1397/1397 1332/1398/1398 1320/1387/1387
f 1320/1387/1387 1332/1398/1398 1322/45/45 1310/44/44
f 1321/137/137 1333/284/284 1335/1399/1399 1323/1389/1389
f 1323/1389/1389 1335/1399/1399 1336/1400/1400 1324/1390/1390
f 1324/1390/1390 1336/1400/1400 1337/1401/1401 1325/1391/1391
f 1325/1391/1391 1337/1401/1401 1338/1402/1402 1326/1392/1392
f 1326/1392/1392 1338/1402/1402 1339/1403/1403 1327/1393/1393
f 1327/1393/1393 1339/1403/1403 1340/1404/1404 1328/1394/1394
f 1328/1394/1394 1340/1404/1404 1341/1405/1405 1329/1395/1395
f 1329/1395/1395 1341/1405/1405 1342/1406/1406 1330/1396/1396
f 1330/1396/1396 1342/1406/1406 1343/1407/1407 1331/1397/1397
f 1331/1397/1397 1343/1407/1407 1344/1408/1408 1332/1398/1398
f 1332/1398/1398 1344/1408/1408 1334/46/46 1322/45/45
f 1333/284/284 1345/288/288 1347/1409/1409 1335/1399/1399
f 1335/1399/1399 1347/1409/1409 1348/1410/1410 1336/1400/1400
f 1336/1400/1400 1348/1410/1410 1349/1411/1411 1337/1401/1401
f 1337/1401/1401 1349/1411/1411 1350/1412/1412 1338/1402/1402
f 1338/1402/1402 1350/1412/1412 1351/1413/1413 1339/1403/1403
f 1339/1403/1403 1351/1413/1413 1352/1414/1414 1340/1404/1404
f 1340/1404/1404 1352/1414/1414 1353/1415/1415 1341/1405/1405
f 1341/1405/1405 1353/1415/1415 1354/1416/1416 1342/1406/1406
f 1342/1406/1406 1354/1416/1416 1355/1417/1417 1343/1407/1407
f 1343/1407/1407 1355/1417/1417 1356/1418/1418 1344/1408/1408
f 1344/1408/1408 1356/1418/1418 1346/47/47 1334/46/46
f 1345/288/288 1357/12/12 1359/1419/1419 1347/1409/1409
f 1347/1409/1409 1359/1419/1419 1360/1420/1420 1348/1410/1410
f 1348/1410/1410 1360/1420/1420 1361/1421/1421 1349/1411/1411
f 1349/1411/1411 1361/1421/1421 1362/1422/1422 1350/1412/1412
f 1350/1412/1412 1362/1422/1422 1363/1423/1423 1351/1413/1413
f 1351/1413/1413 1363/1423/1423 1364/1424/1424 1352/1414/1414
f 1352/1414/1414 1364/1424/1424 1365/1425/1425 1353/1415/1415
f 1353/1415/1415 1365/1425/1425 1366/1426/1426 1354/1416/1416
f 1354/1416/1416 1366/1426/1426 1367/1427/1427 1355/1417/1417
f 1355/1417/1417 1367/1427/1427 1368/1428/1428 1356/1418/1418
f 1356/1418/1418 1368/1428/1428 1358/48/48 1346/47/47
f 1357/12/12 1369/11/11 1371/1429/1429 1359/1419/1419
f 1359/1419/1419 1371/1429/1429 1372/1430/1430 1360/1420/1420
f 1360/1420/1420 1372/1430/1430 1373/1431/1431 1361/1421/1421
f 1361/1421/1421 1373/1431/1431 1374/1432/1432 1362/1422/1422
f 1362/1422/1422 1374/1432/1432 1375/1433/1433 1363/1423/1423
f 1363/1423/1423 1375/1433/1433 1376/1434/1434 1364/1424/1424
f 1364/1424/1424 1376/1434/1434 1377/1435/1435 1365/1425/1425
f 1365/1425/1425 1377/1435/1435 1378/1436/1436 1366/1426/1426
f 1366/1426/1426 1378/1436/1436 1379/1437/1437 1367/1427/1427
f 1367/1427/1427 1379/1437/1437 1380/1438/1438 1368/1428/1428
f 1368/1428/1428 1380/1438/1438 1370/49/49 1358/48/48
f 1369/11/11 1381/90/90 1383/1439/1439 1371/1429/1429
f 1371/1429/1429 1383/1439/1439 1384/1440/1440 1372/1430/1430
f 1372/1430/1430 1384/1440/1440 1385/1441/1441 1373/1431/1431
f 1373/1431/1431 1385/1441/1441 1386/1442/1442 1374/1432/1432
f 1374/1432/1432 1386/1442/1442 1387/1443/1443 1375/1433/1433
f 1375/1433/1433 1387/1443/1443 1388/1444/1444 1376/1434/1434
f 1376/1434/1434 1388/1444/1444 1389/1445/1445 1377/1435/1435
f 1377/1435/1435 1389/1445/1445 1390/1446/1446 1378/1436/1436
f 1378/1436/1436 1390/1446/1446 1391/1447/1447 1379/1437/1437
f 1379/1437/1437 1391/1447/1447 1392/1448/1448 1380/1438/1438
f 1380/1438/1438 1392/1448/1448 1382/50/50 1370/49/49
f 1381/90/90 1393/100/100 1395/1449/1449 1383/1439/1439
f 1383/1439/1439 1395/1449/1449 1396/1450/1450 1384/1440/1440
f 1384/1440/1440 1396/1450/1450 1397/1451/1451 1385/1441/1441
f 1385/1441/1441 1397/1451/1451 1398/1452/1452 1386/1442/1442
f 1386/1442/1442 1398/1452/1452 1399/1453/1453 1387/1443/1443
f 1387/1443/1443 1399/1453/1453 1400/1454/1454 1388/1444/1444
f 1388/1444/1444 1400/1454/1454 1401/1455/1455 1389/1445/1445
f 1389/1445/1445 1401/1455/1455 1402/1456/1456 1390/1446/1446
f 1390/1446/1446 1402/1456/1456 1403/1457/1457 1391/1447/1447
f 1391/1447/1447 1403/1457/1457 1404/1458/1458 1392/1448/1448
f 1392/1448/1448 1404/1458/1458 1394/51/51 1382/50/50
f 1393/100/100 1405/108/108 1407/1459/1459 1395/1449/1449
f 1395/1449/1449 1407/1459/1459 1408/1460/1460 1396/1450/1450
f 1396/1450/1450 1408/1460/1460 1409/1461/1461 1397/1451/1451
f 1397/1451/1451 1409/1461/1461 1410/1462/1462 1398/1452/1452
f 1398/1452/1452 1410/1462/1462 1411/1463/1463 1399/1453/1453
f 1399/1453/1453 1411/1463/1463 1412/1464/1464 1400/1454/1454
f 1400/1454/1454 1412/1464/1464 1413/1465/1465 1401/1455/1455
f 1401/1455/1455 1413/1465/1465 1414/1466/1466 1402/1456/1456
f 1402/1456/1456 1414/1466/1466 1415/1467/1467 1403/1457/1457
f 1403/1457/1457 1415/1467/1467 1416/1468/1468 1404/1458/1458
f 1404/1458/1458 1416/1468/1468 1406/52/52 1394/51/51
f 1405/108/108 1417/116/116 1419/1469/1469 1407/1459/1459
f 1407/1459/1459 1419/1469/1469 1420/1470/1470 1408/1460/1460
f 1408/1460/1460 1420/1470/1470 1421/1471/1471 1409/1461/1461
f 1409/1461/1461 1421/1471/1471 1422/1472/1472 1410/1462/1462
f 1410/1462/1462 1422/1472/1472 1423/1473/1473 1411/1463/1463
f 1411/1463/1463 1423/1473/1473 1424/1474/1474 1412/1464/1464
f 1412/1464/1464 1424/1474/1474 1425/1475/1475 1413/1465/1465
f 1413/1465/1465 1425/1475/1475 1426/1476/1476 1414/1466/1466
f 1414/1466/1466 1426/1476/1476 1427/1477/1477 1415/1467/1467
f 1415/1467/1467 1427/1477/1477 1428/1478/1478 1416/1468/1468
f 1416/1468/1468 1428/1478/1478 1418/53/53 1406/52/52
f 1417/116/116 1429/132/132 1431/1479/1479 1419/1469/1469
f 1419/1469/1469 1431/1479/1479 1432/1480/1480 1420/1470/1470
f 1420/1470/1470 1432/1480/1480 1433/1481/1481 1421/1471/1471
f 1421/1471/1471 1433/1481/1481 1434/1482/1482 1422/1472/1472
f 1422/1472/1472 1434/1482/1482 1435/1483/1483 1423/1473/1473
f 1423/1473/1473 1435/1483/1483 1436/1484/1484 1424/1474/1474
f 1424/1474/1474 1436/1484/1484 1437/1485/1485 1425/1475/1475
f 1425/1475/1475 1437/1485/1485 1438/1486/1486 1426/1476/1476
f 1426/1476/1476 1438/1486/1486 1439/1487/1487 1427/1477/1477
f 1427/1477/1477 1439/1487/1487 1440/1488/1488 1428/1478/1478
f 1428/1478/1478 1440/1488/1488 1430/54/54 1418/53/53
f 1442/124/124 1453/123/123 1455/1489/1489 1452/1490/1490
f 1452/1490/1490 1455/1489/1489 1456/1491/1491 1451/1492/1492
f 1451/1492/1492 1456/1491/1491 1457/1493/1493 1450/1494/1494
f 1450/1494/1494 1457/1493/1493 1458/1495/1495 1449/1496/1496
f 1449/1496/1496 1458/1495/1495 1459/1497/1497 1448/1498/1498
f 1448/1498/1498 1459/1497/1497 1460/1499/1499 1447/1500/1500
f 1447/1500/1500 1460/1499/1499 1461/1501/1501 1446/1502/1502
f 1446/1502/1502 1461/1501/1501 1462/1503/1503 1445/1504/1504
f 1445/1504/1504 1462/1503/1503 1463/1505/1505 1444/1506/1506
f 1444/1506/1506 1463/1505/1505 1464/1507/1507 1443/1508/1508
f 1443/1508/1508 1464/1507/1507 1454/56/56 1441/55/55
f 1453/123/123 1465/146/146 1467/1509/1509 1455/1489/1489
f 1455/1489/1489 1467/1509/1509 1468/1510/1510 1456/1491/1491
f 1456/1491/1491 1468/1510/1510 1469/1511/1511 1457/1493/1493
f 1457/1493/1493 1469/1511/1511 1470/1512/1512 1458/1495/1495
f 1458/1495/1495 1470/1512/1512 1471/1513/1513 1459/1497/1497
f 1459/1497/1497 1471/1513/1513 1472/1514/1514 1460/1499/1499
f 1460/1499/1499 1472/1514/1514 1473/1515/1515 1461/1501/1501
f 1461/1501/1501 1473/1515/1515 1474/1516/1516 1462/1503/1503
f 1462/1503/1503 1474/1516/1516 1475/1517/1517 1463/1505/1505
f 1463/1505/1505 1475/1517/1517 1476/1518/1518 1464/1507/1507
f 1464/1507/1507 1476/1518/1518 1466/57/57 1454/56/56
f 1465/146/146 1477/148/148 1479/1519/1519 1467/1509/1509
f 1467/1509/1509 1479/1519/1519 1480/1520/1520 1468/1510/1510
f 1468/1510/1510 1480/1520/1520 1481/1521/1521 1469/1511/1511
f 1469/1511/1511 1481/1521/1521 1482/1522/1522 1470/1512/1512
f 1470/1512/1512 1482/1522/1522 1483/1523/1523 1471/1513/1513
f 1471/1513/1513 1483/1523/1523 1484/1524/1524 1472/1514/1514
f 1472/1514/1514 1484/1524/1524 1485/1525/1525 1473/1515/1515
f 1473/1515/1515 1485/1525/1525 1486/1526/1526 1474/1516/1516
f 1474/1516/1516 1486/1526/1526 1487/1527/1527 1475/1517/1517
f 1475/1517/1517 1487/1527/1527 1488/1528/1528 1476/1518/1518
f 1476/1518/1518 1488/1528/1528 1478/58/58 1466/57/57
f 1477/148/148 1489/150/150 1491/1529/1529 1479/1519/1519
f 1479/1519/1519 1491/1529/1529 1492/1530/1530 1480/1520/1520
f 1480/1520/1520 1492/1530/1530 1493/1531/1531 1481/1521/1521
f 1481/1521/1521 1493/1531/1531 1494/1532/1532 1482/1522/1522
f 1482/1522/1522 1494/1532/1532 1495/1533/1533 1483/1523/1523
f 1483/1523/1523 1495/1533/1533 1496/1534/1534 1484/1524/1524
f 1484/1524/1524 1496/1534/1534 1497/1535/1535 1485/1525/1525
f 1485/1525/1525 1497/1535/1535 1498/1536/1536 1486/1526/1526
f 1486/1526/1526 1498/1536/1536 1499/1537/1537 1487/1527/1527
f 1487/1527/1527 1499/1537/1537 1500/1538/1538 1488/1528/1528
f 1488/1528/1528 1500/1538/1538 1490/59/59 1478/58/58
f 1489/150/150 1501/154/154 1503/1539/1539 1491/1529/1529
f 1491/1529/1529 1503/1539/1539 1504/1540/1540 1492/1530/1530
f 1492/1530/1530 1504/1540/1540 1505/1541/1541 1493/1531/1531
f 1493/1531/1531 1505/1541/1541 1506/1542/1542 1494/1532/1532
f 1494/1532/1532 1506/1542/1542 1507/1543/1543 1495/1533/1533
f 1495/1533/1533 1507/1543/1543 1508/1544/1544 1496/1534/1534
f 1496/1534/1534 1508/1544/1544 1509/1545/1545 1497/1535/1535
f 1497/1535/1535 1509/1545/1545 1510/1546/1546 1498/1536/1536
f 1498/1536/1536 1510/1546/1546 1511/1547/1547 1499/1537/1537
f 1499/1537/1537 1511/1547/1547 1512/1548/1548 1500/1538/1538
f 1500/1538/1538 1512/1548/1548 1502/60/60 1490/59/59
f 1501/154/154 1513/156/156 1515/1549/1549 1503/1539/1539
f 1503/1539/1539 1515/1549/1549 1516/1550/1550 1504/1540/1540
f 1504/1540/1540 1516/1550/1550 1517/1551/1551 1505/1541/1541
f 1505/1541/1541 1517/1551/1551 1518/1552/1552 1506/1542/1542
f 1506/1542/1542 1518/1552/1552 1519/1553/1553 1507/1543/1543
f 1507/1543/1543 1519/1553/1553 1520/1554/1554 1508/1544/1544
f 1508/1544/1544 1520/1554/1554 1521/1555/1555 1509/1545/1545
f 1509/1545/1545 1521/1555/1555 1522/1556/1556 1510/1546/1546
f 1510/1546/1546 1522/1556/1556 1523/1557/1557 1511/1547/1547
f 1511/1547/1547 1523/1557/1557 1524/1558/1558 1512/1548/1548
f 1512/1548/1548 1524/1558/1558 1514/61/61 1502/60/60
f 1513/156/156 1525/162/162 1527/1559/1559 1515/1549/1549
f 1515/1549/1549 1527/1559/1559 1528/1560/1560 1516/1550/1550
f 1516/1550/1550 1528/1560/1560 1529/1561/1561 1517/1551/1551
f 1517/1551/1551 1529/1561/1561 1530/1562/1562 1518/1552/1552
f 1518/1552/1552 1530/1562/1562 1531/1563/1563 1519/1553/1553
f 1519/1553/1553 1531/1563/1563 1532/1564/1564 1520/1554/1554
f 1520/1554/1554 1532/1564/1564 1533/1565/1565 1521/1555/1555
f 1521/1555/1555 1533/1565/1565 1534/1566/1566 1522/1556/1556
f 1522/1556/1556 1534/1566/1566 1535/1567/1567 1523/1557/1557
f 1523/1557/1557 1535/1567/1567 1536/1568/1568 1524/1558/1558
f 1524/1558/1558 1536/1568/1568 1526/62/62 1514/61/61
f 1525/162/162 1537/166/166 1539/1569/1569 1527/1559/1559
f 1527/1559/1559 1539/1569/1569 1540/1570/1570 1528/1560/1560
f 1528/1560/1560 1540/1570/1570 1541/1571/1571 1529/1561/1561
f 1529/1561/1561 1541/1571/1571 1542/1572/1572 1530/1562/1562
f 1530/1562/1562 1542/1572/1572 1543/1573/1573 1531/1563/1563
f 1531/1563/1563 1543/1573/1573 1544/1574/1574 1532/1564/1564
f 1532/1564/1564 1544/1574/1574 1545/1575/1575 1533/1565/1565
f 1533/1565/1565 1545/1575/1575 1546/1576/1576 1534/1566/1566
f 1534/1566/1566 1546/1576/1576 1547/1577/1577 1535/1567/1567
f 1535/1567/1567 1547/1577/1577 1548/1578/1578 1536/1568/1568
f 1536/1568/1568 1548/1578/1578 1538/63/63 1526/62/62
f 1537/166/166 1549/170/170 1551/1579/1579 1539/1569/1569
f 1539/1569/1569 1551/1579/1579 1552/1580/1580 1540/1570/1570
f 1540/1570/1570 1552/1580/1580 1553/1581/1581 1541/1571/1571
f 1541/1571/1571 1553/1581/1581 1554/1582/1582 1542/1572/1572
f 1542/1572/1572 1554/1582/1582 1555/1583/1583 1543/1573/1573
f 1543/1573/1573 1555/1583/1583 1556/1584/1584 1544/1574/1574
f 1544/1574/1574 1556/1584/1584 1557/1585/1585 1545/1575/1575
f 1545/1575/1575 1557/1585/1585 1558/1586/1586 1546/1576/1576
f 1546/1576/1576 1558/1586/1586 1559/1587/1587 1547/1577/1577
f 1547/1577/1577 1559/1587/1587 1560/1588/1588 1548/1578/1578
f 1548/1578/1578 1560/1588/1588 1550/64/64 1538/63/63
f 1549/170/170 1561/142/142 1563/1589/1589 1551/1579/1579
f 1551/1579/1579 1563/1589/1589 1564/1590/1590 1552/1580/1580
f 1552/1580/1580 1564/1590/1590 1565/1591/1591 1553/1581/1581
f 1553/1581/1581 1565/1591/1591 1566/1592/1592 1554/1582/1582
f 1554/1582/1582 1566/1592/1592 1567/1593/1593 1555/1583/1583
f 1555/1583/1583 1567/1593/1593 1568/1594/1594 1556/1584/1584
f 1556/1584/1584 1568/1594/1594 1569/1595/1595 1557/1585/1585
f 1557/1585/1585 1569/1595/1595 1570/1596/1596 1558/1586/1586
f 1558/1586/1586 1570/1596/1596 1571/1597/1597 1559/1587/1587
f 1559/1587/1587 1571/1597/1597 1572/1598/1598 1560/1588/1588
f 1560/1588/1588 1572/1598/1598 1562/65/65 1550/64/64
f 1561/142/142 1573/141/141 1575/1599/1599 1563/1589/1589
f 1563/1589/1589 1575/1599/1599 1576/1600/1600 1564/1590/1590
f 1564/1590/1590 1576/1600/1600 1577/1601/1601 1565/1591/1591
f 1565/1591/1591 1577/1601/1601 1578/1602/1602 1566/1592/1592
f 1566/1592/1592 1578/1602/1602 1579/1603/1603 1567/1593/1593
f 1567/1593/1593 1579/1603/1603 1580/1604/1604 1568/1594/1594
f 1568/1594/1594 1580/1604/1604 1581/1605/1605 1569/1595/1595
f 1569/1595/1595 1581/1605/1605 1582/1606/1606 1570/1596/1596
f 1570/1596/1596 1582/1606/1606 1583/1607/1607 1571/1597/1597
f 1571/1597/1597 1583/1607/1607 1584/1608/1608 1572/1598/1598
f 1572/1598/1598 1584/1608/1608 1574/66/66 1562/65/65
f 1586/248/248 1597/98/98 1599/1609/1609 1596/1610/1610
f 1596/1610/1610 1599/1609/1609 1600/1611/1611 1595/1612/1612
f 1595/1612/1612 1600/1611/1611 1601/1613/1613 1594/1614/1614
f 1594/1614/1614 1601/1613/1613 1602/1615/1615 1593/1616/1616
f 1593/1616/1616 1602/1615/1615 1603/1617/1617 1592/1618/1618
f 1592/1618/1618 1603/1617/1617 1604/1619/1619 1591/1620/1620
f 1591/1620/1620 1604/1619/1619 1605/1621/1621 1590/1622/1622
f 1590/1622/1622 1605/1621/1621 1606/1623/1623 1589/1624/1624
f 1589/1624/1624 1606/1623/1623 1607/1625/1625 1588/1626/1626
f 1588/1626/1626 1607/1625/1625 1608/1627/1627 1587/1628/1628
f 1587/1628/1628 1608/1627/1627 1598/68/68 1585/67/67
f 1597/98/98 1609/97/97 1611/1629/1629 1599/1609/1609
f 1599/1609/1609 1611/1629/1629 1612/1630/1630 1600/1611/1611
f 1600/1611/1611 1612/1630/1630 1613/1631/1631 1601/1613/1613
f 1601/1613/1613 1613/1631/1631 1614/1632/1632 1602/1615/1615
f 1602/1615/1615 1614/1632/1632 1615/1633/1633 1603/1617/1617
f 1603/1617/1617 1615/1633/1633 1616/1634/1634 1604/1619/1619
f 1604/1619/1619 1616/1634/1634 1617/1635/1635 1605/1621/1621
f 1605/1621/1621 1617/1635/1635 1618/1636/1636 1606/1623/1623
f 1606/1623/1623 1618/1636/1636 1619/1637/1637 1607/1625/1625
f 1607/1625/1625 1619/1637/1637 1620/1638/1638 1608/1627/1627
f 1608/1627/1627 1620/1638/1638 1610/69/69 1598/68/68
f 1609/97/97 1621/264/264 1623/1639/1639 1611/1629/1629
f 1611/1629/1629 1623/1639/1639 1624/1640/1640 1612/1630/1630
f 1612/1630/1630 1624/1640/1640 1625/1641/1641 1613/1631/1631
f 1613/1631/1631 1625/1641/1641 1626/1642/1642 1614/1632/1632
f 1614/1632/1632 1626/1642/1642 1627/1643/1643 1615/1633/1633
f 1615/1633/1633 1627/1643/1643 1628/1644/1644 1616/1634/1634
f 1616/1634/1634 1628/1644/1644 1629/1645/1645 1617/1635/1635
f 1617/1635/1635 1629/1645/1645 1630/1646/1646 1618/1636/1636
f 1618/1636/1636 1630/1646/1646 1631/1647/1647 1619/1637/1637
f 1619/1637/1637 1631/1647/1647 1632/1648/1648 1620/1638/1638
f 1620/1638/1638 1632/1648/1648 1622/70/70 1610/69/69
f 1621/264/264 1633/268/268 1635/1649/1649 1623/1639/1639
f 1623/1639/1639 1635/1649/1649 1636/1650/1650 1624/1640/1640
f 1624/1640/1640 1636/1650/1650 1637/1651/1651 1625/1641/1641
f 1625/1641/1641 1637/1651/1651 1638/1652/1652 1626/1642/1642
f 1626/1642/1642 1638/1652/1652 1639/1653/1653 1627/1643/1643
f 1627/1643/1643 1639/1653/1653 1640/1654/1654 1628/1644/1644
f 1628/1644/1644 1640/1654/1654 1641/1655/1655 1629/1645/1645
f 1629/1645/1645 1641/1655/1655 1642/1656/1656 1630/1646/1646
f 1630/1646/1646 1642/1656/1656 1643/1657/1657 1631/1647/1647
f 1631/1647/1647 1643/1657/1657 1644/1658/1658 1632/1648/1648
f 1632/1648/1648 1644/1658/1658 1634/71/71 1622/70/70
f 1633/268/268 1645/274/274 1647/1659/1659 1635/1649/1649
f 1635/1649/1649 1647/1659/1659 1648/1660/1660 1636/1650/1650
f 1636/1650/1650 1648/1660/1660 1649/1661/1661 1637/1651/1651
f 1637/1651/1651 1649/1661/1661 1650/1662/1662 1638/1652/1652
f 1638/1652/1652 1650/1662/1662 1651/1663/1663 1639/1653/1653
f 1639/1653/1653 1651/1663/1663 1652/1664/1664 1640/1654/1654
f 1640/1654/1654 1652/1664/1664 1653/1665/1665 1641/1655/1655
f 1641/1655/1655 1653/1665/1665 1654/1666/1666 1642/1656/1656
f 1642/1656/1656 1654/1666/1666 1655/1667/1667 1643/1657/1657
f 1643/1657/1657 1655/1667/1667 1656/1668/1668 1644/1658/1658
f 1644/1658/1658 1656/1668/1668 1646/72/72 1634/71/71
f 1645/274/274 1657/278/278 1659/1669/1669 1647/1659/1659
f 1647/1659/1659 1659/1669/1669 1660/1670/1670 1648/1660/1660
f 1648/1660/1660 1660/1670/1670 1661/1671/1671 1649/1661/1661
f 1649/1661/1661 1661/1671/1671 1662/1672/1672 1650/1662/1662
f 1650/1662/1662 1662/1672/1672 1663/1673/1673 1651/1663/1663
f 1651/1663/1663 1663/1673/1673 1664/1674/1674 1652/1664/1664
f 1652/1664/1664 1664/1674/1674 1665/1675/1675 1653/1665/1665
f 1653/1665/1665 1665/1675/1675 1666/1676/1676 1654/1666/1666
f 1654/1666/1666 1666/1676/1676 1667/1677/1677 1655/1667/1667
f 1655/1667/1667 1667/1677/1677 1668/1678/1678 1656/1668/1668
f 1656/1668/1668 1668/1678/1678 1658/73/73 1646/72/72
f 1657/278/278 1669/282/282 1671/1679/1679 1659/1669/1669
f 1659/1669/1669 1671/1679/1679 1672/1680/1680 1660/1670/1670
f 1660/1670/1670 1672/1680/1680 1673/1681/1681 1661/1671/1671
f 1661/1671/1671 1673/1681/1681 1674/1682/1682 1662/1672/1672
f 1662/1672/1672 1674/1682/1682 1675/1683/1683 1663/1673/1673
f 1663/1673/1673 1675/1683/1683 1676/1684/1684 1664/1674/1674
f 1664/1674/1674 1676/1684/1684 1677/1685/1685 1665/1675/1675
f 1665/1675/1675 1677/1685/1685 1678/1686/1686 1666/1676/1676
f 1666/1676/1676 1678/1686/1686 1679/1687/1687 1667/1677/1677
f 1667/1677/1677 1679/1687/1687 1680/1688/1688 1668/1678/1678
f 1668/1678/1678 1680/1688/1688 1670/74/74 1658/73/73
f 1669/282/282 1681/286/286 1683/1689/1689 1671/1679/1679
f 1671/1679/1679 1683/1689/1689 1684/1690/1690 1672/1680/1680
f 1672/1680/1680 1684/1690/1690 1685/1691/1691 1673/1681/1681
f 1673/1681/1681 1685/1691/1691 1686/1692/1692 1674/1682/1682
f 1674/1682/1682 1686/1692/1692 1687/1693/1693 1675/1683/1683
f 1675/1683/1683 1687/1693/1693 1688/1694/1694 1676/1684/1684
f 1676/1684/1684 1688/1694/1694 1689/1695/1695 1677/1685/1685
f 1677/1685/1685 1689/1695/1695 1690/1696/1696 1678/1686/1686
f 1678/1686/1686 1690/1696/1696 1691/1697/1697 1679/1687/1687
f 1679/1687/1687 1691/1697/1697 1692/1698/1698 1680/1688/1688
f 1680/1688/1688 1692/1698/1698 1682/75/75 1670/74/74
f 1681/286/286 1693/8/8 1695/1699/1699 1683/1689/1689
f 1683/1689/1689 1695/1699/1699 1696/1700/1700 1684/1690/1690
f 1684/1690/1690 1696/1700/1700 1697/1701/1701 1685/1691/1691
f 1685/1691/1691 1697/1701/1701 1698/1702/1702 1686/1692/1692
f 1686/1692/1692 1698/1702/1702 1699/1703/1703 1687/1693/1693
f 1687/1693/1693 1699/1703/1703 1700/1704/1704 1688/1694/1694
f 1688/1694/1694 1700/1704/1704 1701/1705/1705 1689/1695/1695
f 1689/1695/1695 1701/1705/1705 1702/1706/1706 1690/1696/1696
f 1690/1696/1696 1702/1706/1706 1703/1707/1707 1691/1697/1697
f 1691/1697/1697 1703/1707/1707 1704/1708/1708 1692/1698/1698
f 1692/1698/1698 1704/1708/1708 1694/76/76 1682/75/75
f 1693/8/8 1705/7/7 1707/1709/1709 1695/1699/1699
f 1695/1699/1699 1707/1709/1709 1708/1710/1710 1696/1700/1700
f 1696/1700/1700 1708/1710/1710 1709/1711/1711 1697/1701/1701
f 1697/1701/1701 1709/1711/1711 1710/1712/1712 1698/1702/1702
f 1698/1702/1702 1710/1712/1712 1711/1713/1713 1699/1703/1703
f 1699/1703/1703 1711/1713/1713 1712/1714/1714 1700/1704/1704
f 1700/1704/1704 1712/1714/1714 1713/1715/1715 1701/1705/1705
f 1701/1705/1705 1713/1715/1715 1714/1716/1716 1702/1706/1706
f 1702/1706/1706 1714/1716/1716 1715/1717/1717 1703/1707/1707
f 1703/1707/1707 1715/1717/1717 1716/1718/1718 1704/1708/1708
f 1704/1708/1708 1716/1718/1718 1706/77/77 1694/76/76
f 1705/7/7 1717/258/258 1719/1719/1719 1707/1709/1709
f 1707/1709/1709 1719/1719/1719 1720/1720/1720 1708/1710/1710
f 1708/1710/1710 1720/1720/1720 1721/1721/1721 1709/1711/1711
f 1709/1711/1711 1721/1721/1721 1722/1722/1722 1710/1712/1712
f 1710/1712/1712 1722/1722/1722 1723/1723/1723 1711/1713/1713
f 1711/1713/1713 1723/1723/1723 1724/1724/1724 1712/1714/1714
f 1712/1714/1714 1724/1724/1724 1725/1725/1725 1713/1715/1715
f 1713/1715/1715 1725/1725/1725 1726/1726/1726 1714/1716/1716
f 1714/1716/1716 1726/1726/1726 1727/1727/1727 1715/1717/1717
f 1715/1717/1717 1727/1727/1727 1728/1728/1728 1716/1718/1718
f 1716/1718/1718 1728/1728/1728 1718/78/78 1706/77/77
f 865/4/4 1010/3/3 1020/1130/1130 867/1028/1028
f 867/1028/1028 1020/1130/1130 1019/1132/1132 868/1026/1026
f 868/1026/1026 1019/1132/1132 1018/1134/1134 869/1024/1024
f 869/1024/1024 1018/1134/1134 1017/1136/1136 870/1022/1022
f 870/1022/1022 1017/1136/1136 1016/1138/1138 871/1020/1020
f 871/1020/1020 1016/1138/1138 1015/1140/1140 872/1018/1018
f 872/1018/1018 1015/1140/1140 1014/1142/1142 873/1016/1016
f 873/1016/1016 1014/1142/1142 1013/1144/1144 874/1014/1014
f 874/1014/1014 1013/1144/1144 1012/1146/1146 875/1012/1012
f 875/1012/1012 1012/1146/1146 1011/1148/1148 876/1010/1010
f 876/1010/1010 1011/1148/1148 1009/19/19 866/18/18
f 997/79/79 1718/78/78 1728/1728/1728 999/1119/1119
f 999/1119/1119 1728/1728/1728 1727/1727/1727 1000/1120/1120
f 1000/1120/1120 1727/1727/1727 1726/1726/1726 1001/1121/1121
f 1001/1121/1121 1726/1726/1726 1725/1725/1725 1002/1122/1122
f 1002/1122/1122 1725/1725/1725 1724/1724/1724 1003/1123/1123
f 1003/1123/1123 1724/1724/1724 1723/1723/1723 1004/1124/1124
f 1004/1124/1124 1723/1723/1723 1722/1722/1722 1005/1125/1125
f 1005/1125/1125 1722/1722/1722 1721/1721/1721 1006/1126/1126
f 1006/1126/1126 1721/1721/1721 1720/1720/1720 1007/1127/1127
f 1007/1127/1127 1720/1720/1720 1719/1719/1719 1008/1128/1128
f 1008/1128/1128 1719/1719/1719 1717/258/258 998/106/106
f 1141/15/15 1154/152/152 1164/1250/1250 1143/1239/1239
f 1143/1239/1239 1164/1250/1250 1163/1252/1252 1144/1240/1240
f 1144/1240/1240 1163/1252/1252 1162/1254/1254 1145/1241/1241
f 1145/1241/1241 1162/1254/1254 1161/1256/1256 1146/1242/1242
f 1146/1242/1242 1161/1256/1256 1160/1258/1258 1147/1243/1243
f 1147/1243/1243 1160/1258/1258 1159/1260/1260 1148/1244/1244
f 1148/1244/1244 1159/1260/1260 1158/1262/1262 1149/1245/1245
f 1149/1245/1245 1158/1262/1262 1157/1264/1264 1150/1246/1246
f 1150/1246/1246 1157/1264/1264 1156/1266/1266 1151/1247/1247
f 1151/1247/1247 1156/1266/1266 1155/1268/1268 1152/1248/1248
f 1152/1248/1248 1155/1268/1268 1153/31/31 1142/30/30
f 1285/159/159 1298/270/270 1308/1370/1370 1287/1359/1359
f 1287/1359/1359 1308/1370/1370 1307/1372/1372 1288/1360/1360
f 1288/1360/1360 1307/1372/1372 1306/1374/1374 1289/1361/1361
f 1289/1361/1361 1306/1374/1374 1305/1376/1376 1290/1362/1362
f 1290/1362/1362 1305/1376/1376 1304/1378/1378 1291/1363/1363
f 1291/1363/1363 1304/1378/1378 1303/1380/1380 1292/1364/1364
f 1292/1364/1364 1303/1380/1380 1302/1382/1382 1293/1365/1365
f 1293/1365/1365 1302/1382/1382 1301/1384/1384 1294/1366/1366
f 1294/1366/1366 1301/1384/1384 1300/1386/1386 1295/1367/1367
f 1295/1367/1367 1300/1386/1386 1299/1388/1388 1296/1368/1368
f 1296/1368/1368 1299/1388/1388 1297/43/43 1286/42/42
f 1429/132/132 1442/124/124 1452/1490/1490 1431/1479/1479
f 1431/1479/1479 1452/1490/1490 1451/1492/1492 1432/1480/1480
f 1432/1480/1480 1451/1492/1492 1450/1494/1494 1433/1481/1481
f 1433/1481/1481 1450/1494/1494 1449/1496/1496 1434/1482/1482
f 1434/1482/1482 1449/1496/1496 1448/1498/1498 1435/1483/1483
f 1435/1483/1483 1448/1498/1498 1447/1500/1500 1436/1484/1484
f 1436/1484/1484 1447/1500/1500 1446/1502/1502 1437/1485/1485
f 1437/1485/1485 1446/1502/1502 1445/1504/1504 1438/1486/1486
f 1438/1486/1486 1445/1504/1504 1444/1506/1506 1439/1487/1487
f 1439/1487/1487 1444/1506/1506 1443/1508/1508 1440/1488/1488
f 1440/1488/1488 1443/1508/1508 1441/55/55 1430/54/54
f 1573/141/141 1586/248/248 1596/1610/1610 1575/1599/1599
f 1575/1599/1599 1596/1610/1610 1595/1612/1612 1576/1600/1600
f 1576/1600/1600 1595/1612/1612 1594/1614/1614 1577/1601/1601
f 1577/1601/1601 1594/1614/1614 1593/1616/1616 1578/1602/1602
f 1578/1602/1602 1593/1616/1616 1592/1618/1618 1579/1603/1603
f 1579/1603/1603 1592/1618/1618 1591/1620/1620 1580/1604/1604
f 1580/1604/1604 1591/1620/1620 1590/1622/1622 1581/1605/1605
f 1581/1605/1605 1590/1622/1622 1589/1624/1624 1582/1606/1606
f 1582/1606/1606 1589/1624/1624 1588/1626/1626 1583/1607/1607
f 1583/1607/1607 1588/1626/1626 1587/1628/1628 1584/1608/1608
f 1584/1608/1608 1587/1628/1628 1585/67/67 1574/66/66
f 25/112/112 2/1/1 865/4/4 878/113/113
o ass.028_Curve.035
v -0.962149 -0.549428 0.809507
v -0.963003 -0.550341 0.809902
v -0.284671 -0.151949 0.555419
v -0.274603 -0.117227 0.546382
v -0.287132 -0.098038 0.546237
v -0.321195 -0.098038 0.555364
v -0.438063 -0.090728 0.585344
v -0.836571 -0.079764 0.690122
v -1.182357 -0.065143 0.780107
v -1.517553 -0.046869 0.866586
v -1.602650 -0.028594 0.886052
v -1.686372 0.077401 0.889136
v -1.680723 0.130398 0.877948
v -1.612116 0.178826 0.850724
v -1.510404 0.169689 0.825139
v -1.285592 0.154155 0.767736
v -0.948353 0.130398 0.681710
v -0.703861 0.115778 0.618867
v -0.340855 0.077401 0.528606
v -0.283485 0.077401 0.513233
v -0.276501 0.101158 0.507025
v -0.296890 0.115778 0.509820
v -0.312796 0.130398 0.511413
v -0.671572 0.370712 0.563678
v -1.059658 0.624733 0.621294
v -1.263541 0.770932 0.649237
v -1.373592 0.844945 0.665214
v -1.430546 0.914390 0.667798
v -1.460775 1.066071 0.648208
v -1.368924 1.174807 0.603748
v -1.238527 1.165669 0.570476
v -1.204943 1.156532 0.563145
v -1.068458 1.053279 0.545423
v -0.776851 0.831239 0.507820
v -0.396728 0.555288 0.456340
v -0.340859 0.509601 0.449710
v -0.320053 0.525135 0.441299
v -0.317865 0.536100 0.438711
v -0.343944 0.577218 0.438193
v -0.560650 0.945457 0.429038
v -0.791093 1.320092 0.422397
v -0.893202 1.475428 0.421401
v -0.922555 1.568630 0.412252
v -0.925170 1.578099 0.411224
v -0.927651 1.587349 0.410201
v -0.929987 1.596428 0.409169
v -0.932167 1.605383 0.408119
v -0.934183 1.614262 0.407038
v -0.936023 1.623112 0.405915
v -0.937677 1.631981 0.404739
v -0.939134 1.640917 0.403499
v -0.940386 1.649968 0.402182
v -0.941420 1.659180 0.400778
v -0.942228 1.668601 0.399274
v -0.942798 1.678279 0.397660
v -0.940766 1.681282 0.396568
v -0.935147 1.689582 0.393547
v -0.926658 1.702122 0.388983
v -0.916018 1.717841 0.383263
v -0.903943 1.735679 0.376771
v -0.891151 1.754577 0.369893
v -0.878359 1.773474 0.363016
v -0.866284 1.791313 0.356524
v -0.855643 1.807031 0.350804
v -0.847155 1.819571 0.346240
v -0.841536 1.827872 0.343219
v -0.839503 1.830874 0.342127
v -0.779465 1.850977 0.322370
v -0.631535 1.830874 0.286402
v -0.567181 1.776050 0.279166
v -0.466030 1.563148 0.290928
v -0.302818 1.227804 0.308411
v -0.052528 0.771846 0.324580
v 0.020875 0.636612 0.329598
v 0.062444 0.511429 0.341312
v 0.077642 0.473051 0.344245
v 0.100948 0.473051 0.338000
v 0.099948 0.494981 0.334265
v 0.107055 0.751743 0.285489
v 0.127628 1.066985 0.222430
v 0.143177 1.472687 0.144204
v 0.149618 1.586905 0.121628
v 0.198940 1.723966 0.083392
v 0.305821 1.797980 0.041243
v 0.393795 1.755947 0.025343
v 0.469324 1.652694 0.023954
v 0.462508 1.585991 0.037957
v 0.433095 1.307299 0.096712
v 0.370558 0.870530 0.193200
v 0.330117 0.578132 0.257412
v 0.361491 0.578132 0.249006
v 0.395680 0.614682 0.233173
v 0.531933 0.811137 0.160801
v 0.761580 1.121810 0.042556
v 0.863520 1.245165 -0.007277
v 0.982804 1.381313 -0.064093
v 1.060521 1.446188 -0.096760
v 1.212911 1.446188 -0.137593
v 1.332719 1.276232 -0.138670
v 1.290526 1.100793 -0.095339
v 1.142911 0.897942 -0.018756
v 1.020771 0.726158 0.045330
v 0.845993 0.470310 0.138866
v 0.738800 0.265632 0.204952
v 0.750308 0.249184 0.204871
v 0.777972 0.251925 0.196958
v 1.195116 0.343300 0.068505
v 1.420887 0.385332 0.000337
v 1.690331 0.432847 -0.080535
v 1.815809 0.374367 -0.103481
v 1.831965 0.314974 -0.096968
v 1.789106 0.193446 -0.063299
v 1.502004 0.120346 0.026974
v 1.164536 0.050902 0.130075
v 0.662754 -0.071540 0.286878
v 0.656687 -0.076109 0.289338
v 0.664275 -0.085246 0.288973
v 0.893862 -0.107176 0.231458
v 0.991821 -0.112658 0.206211
v 1.231163 -0.112658 0.142079
v 1.678224 -0.146467 0.028462
v 1.798344 -0.225049 0.010620
v 1.872642 -0.320992 0.008226
v 1.864325 -0.394091 0.023799
v 1.689296 -0.487293 0.087712
v 1.444595 -0.428814 0.142604
v 0.873600 -0.291752 0.270581
v 0.677723 -0.242410 0.314059
v 0.650830 -0.242410 0.321265
v 0.651581 -0.258857 0.324066
v 0.820275 -0.419676 0.308222
v 1.128518 -0.691972 0.275335
v 1.514749 -1.042849 0.235896
v 1.537536 -1.129655 0.245637
v 1.493153 -1.198186 0.270039
v 1.442620 -1.190876 0.282245
v 1.105838 -0.941424 0.326949
v 0.975211 -0.829033 0.341434
v 0.679914 -0.585064 0.376022
v 0.661090 -0.585064 0.381066
v 0.662257 -0.610648 0.385424
v 0.732157 -0.708419 0.384542
v 1.102359 -1.238390 0.382092
v 1.127710 -1.401037 0.404990
v 1.105029 -1.454034 0.420741
v 1.016847 -1.486015 0.450207
v 0.917408 -1.467740 0.473516
v 0.701599 -1.178083 0.478466
v 0.477848 -0.851877 0.478872
v 0.295978 -0.559479 0.474227
v 0.275903 -0.571357 0.481775
v 0.226233 -1.663281 0.694411
v 0.182163 -1.719020 0.716395
v 0.076511 -1.761052 0.752377
v -0.016299 -1.691607 0.764568
v -0.068938 -1.579217 0.758156
v -0.031561 -1.357177 0.707609
v 0.012590 -1.067520 0.642902
v 0.048695 -0.837257 0.591194
v 0.077774 -0.551255 0.531194
v 0.098537 -0.456226 0.508283
v 0.096452 -0.449830 0.507674
v 0.075960 -0.452571 0.513665
v -0.122083 -0.748624 0.620774
v -0.423671 -1.191790 0.782483
v -0.665575 -1.469568 0.898009
v -0.725405 -1.494239 0.918544
v -0.833726 -1.438500 0.937393
v -0.828411 -1.338902 0.917788
v -0.773292 -1.250269 0.886839
v -0.441852 -0.793397 0.714629
v -0.242329 -0.510137 0.609459
v -0.112642 -0.346577 0.544852
v -0.114623 -0.322819 0.541046
v -0.122690 -0.322819 0.543208
v -1.030273 -0.942337 0.899485
v -1.196005 -0.964267 0.947896
v -1.270846 -0.895737 0.955439
v -1.267011 -0.783346 0.933895
v -1.234615 -0.746796 0.918543
v -1.028411 -0.594571 0.562211
v -1.029266 -0.595485 0.562607
v -0.350934 -0.197092 0.308123
v -0.340865 -0.162370 0.299087
v -0.353394 -0.143181 0.298941
v -0.387458 -0.143181 0.308068
v -0.504326 -0.135871 0.338048
v -0.902834 -0.124907 0.442827
v -1.248620 -0.110287 0.532811
v -1.583816 -0.092012 0.619290
v -1.668913 -0.073737 0.638756
v -1.752635 0.032257 0.641840
v -1.746985 0.085254 0.630652
v -1.678379 0.133683 0.603429
v -1.576667 0.124545 0.577843
v -1.351855 0.109012 0.520440
v -1.014616 0.085254 0.434414
v -0.770124 0.070635 0.371572
v -0.407118 0.032257 0.281310
v -0.349748 0.032257 0.265938
v -0.342764 0.056015 0.259730
v -0.363152 0.070635 0.262524
v -0.379059 0.085254 0.264117
v -0.737834 0.325569 0.316382
v -1.125921 0.579590 0.373999
v -1.329804 0.725789 0.401941
v -1.439854 0.799802 0.417918
v -1.496808 0.869247 0.420502
v -1.527037 1.020928 0.400913
v -1.435187 1.129664 0.356452
v -1.304790 1.120526 0.323180
v -1.271206 1.111389 0.315850
v -1.134721 1.008136 0.298127
v -0.843114 0.786096 0.260524
v -0.462991 0.510145 0.209044
v -0.407121 0.464458 0.202414
v -0.386316 0.479992 0.194004
v -0.384127 0.490957 0.191416
v -0.410207 0.532075 0.190898
v -0.626912 0.900314 0.181743
v -0.857356 1.274949 0.175101
v -0.959465 1.430285 0.174105
v -0.988818 1.523487 0.164957
v -0.991433 1.532956 0.163929
v -0.993914 1.542206 0.162905
v -0.996249 1.551285 0.161873
v -0.998430 1.560240 0.160823
v -1.000445 1.569119 0.159742
v -1.002285 1.577969 0.158620
v -1.003939 1.586838 0.157444
v -1.005397 1.595774 0.156203
v -1.006648 1.604825 0.154886
v -1.007683 1.614036 0.153482
v -1.008491 1.623458 0.151978
v -1.009061 1.633136 0.150365
v -1.007028 1.636138 0.149272
v -1.001409 1.644439 0.146251
v -0.992921 1.656979 0.141687
v -0.982281 1.672698 0.135967
v -0.970206 1.690536 0.129475
v -0.957413 1.709434 0.122598
v -0.944621 1.728331 0.115720
v -0.932546 1.746169 0.109229
v -0.921906 1.761888 0.103508
v -0.913417 1.774428 0.098945
v -0.907798 1.782729 0.095924
v -0.905766 1.785731 0.094831
v -0.845727 1.805834 0.075074
v -0.697798 1.785731 0.039106
v -0.633443 1.730907 0.031870
v -0.532293 1.518004 0.043632
v -0.369081 1.182661 0.061115
v -0.118791 0.726703 0.077284
v -0.045388 0.591469 0.082303
v -0.003819 0.466286 0.094016
v 0.011379 0.427908 0.096949
v 0.034686 0.427908 0.090704
v 0.033685 0.449838 0.086969
v 0.040792 0.706600 0.038194
v 0.061365 1.021842 -0.024865
v 0.076914 1.427544 -0.103091
v 0.083355 1.541762 -0.125667
v 0.132678 1.678823 -0.163903
v 0.239559 1.752836 -0.206053
v 0.327533 1.710804 -0.221953
v 0.403062 1.607551 -0.223342
v 0.396245 1.540848 -0.209339
v 0.366832 1.262156 -0.150584
v 0.304295 0.825387 -0.054096
v 0.263854 0.532989 0.010117
v 0.295229 0.532989 0.001710
v 0.329417 0.569539 -0.014123
v 0.465671 0.765993 -0.086494
v 0.695317 1.076666 -0.204740
v 0.797257 1.200022 -0.254573
v 0.916542 1.336170 -0.311389
v 0.994258 1.401045 -0.344056
v 1.146648 1.401045 -0.384888
v 1.266456 1.231089 -0.385966
v 1.224263 1.055650 -0.342635
v 1.076648 0.852799 -0.266051
v 0.954508 0.681015 -0.201965
v 0.779730 0.425167 -0.108429
v 0.672537 0.220489 -0.042344
v 0.684045 0.204041 -0.042425
v 0.711709 0.206782 -0.050338
v 1.128853 0.298157 -0.178791
v 1.354624 0.340189 -0.246959
v 1.624069 0.387704 -0.327830
v 1.749546 0.329224 -0.350777
v 1.765703 0.269831 -0.344264
v 1.722843 0.148303 -0.310595
v 1.435741 0.075203 -0.220322
v 1.098273 0.005759 -0.117221
v 0.596491 -0.116683 0.039583
v 0.590424 -0.121252 0.042042
v 0.598013 -0.130389 0.041677
v 0.827599 -0.152319 -0.015837
v 0.925558 -0.157801 -0.041085
v 1.164900 -0.157801 -0.105216
v 1.611961 -0.191610 -0.218834
v 1.732081 -0.270192 -0.236675
v 1.806380 -0.366135 -0.239069
v 1.798062 -0.439234 -0.223497
v 1.623033 -0.532436 -0.159584
v 1.378332 -0.473957 -0.104692
v 0.807337 -0.336895 0.023286
v 0.611460 -0.287553 0.066763
v 0.584568 -0.287553 0.073969
v 0.585318 -0.304000 0.076771
v 0.754012 -0.464819 0.060926
v 1.062255 -0.737115 0.028039
v 1.448487 -1.087992 -0.011399
v 1.471273 -1.174798 -0.001659
v 1.426890 -1.243329 0.022744
v 1.376357 -1.236019 0.034949
v 1.039575 -0.986567 0.079653
v 0.908948 -0.874176 0.094138
v 0.613651 -0.630207 0.128727
v 0.594827 -0.630207 0.133771
v 0.595994 -0.655792 0.138128
v 0.665895 -0.753562 0.137246
v 1.036096 -1.283533 0.134796
v 1.061447 -1.446180 0.157694
v 1.038766 -1.499177 0.173446
v 0.950584 -1.531158 0.202912
v 0.851145 -1.512884 0.226221
v 0.635336 -1.223226 0.231170
v 0.411585 -0.897020 0.231576
v 0.229715 -0.604622 0.226932
v 0.209640 -0.616501 0.234479
v 0.159970 -1.708424 0.447116
v 0.115900 -1.764163 0.469099
v 0.010249 -1.806195 0.505081
v -0.082562 -1.736750 0.517273
v -0.135201 -1.624360 0.510861
v -0.097824 -1.402320 0.460313
v -0.053672 -1.112664 0.395607
v -0.017568 -0.882400 0.343899
v 0.011512 -0.596398 0.283898
v 0.032274 -0.501369 0.260987
v 0.030190 -0.494973 0.260378
v 0.009697 -0.497714 0.266370
v -0.188345 -0.793767 0.373479
v -0.489933 -1.236933 0.535187
v -0.731838 -1.514711 0.650713
v -0.791668 -1.539382 0.671248
v -0.899988 -1.483644 0.690098
v -0.894673 -1.384046 0.670492
v -0.839555 -1.295412 0.639544
v -0.508115 -0.838540 0.467334
v -0.308592 -0.555280 0.362163
v -0.178905 -0.391720 0.297556
v -0.180885 -0.367963 0.293750
v -0.188953 -0.367963 0.295912
v -1.096536 -0.987481 0.652189
v -1.262268 -1.009410 0.700600
v -1.337109 -0.940880 0.708144
v -1.333274 -0.828489 0.686600
v -1.300878 -0.791940 0.671247
v -1.028411 -0.594571 0.562211
v -0.962149 -0.549428 0.809507
v -1.029266 -0.595485 0.562607
v -0.963003 -0.550341 0.809902
v -0.350934 -0.197092 0.308123
v -0.284671 -0.151949 0.555419
v -0.340865 -0.162370 0.299087
v -0.274603 -0.117227 0.546382
v -0.353394 -0.143181 0.298941
v -0.287132 -0.098038 0.546237
v -0.387458 -0.143181 0.308068
v -0.321195 -0.098038 0.555364
v -0.504326 -0.135871 0.338048
v -0.438063 -0.090728 0.585344
v -0.902834 -0.124907 0.442827
v -0.836571 -0.079764 0.690122
v -1.248620 -0.110287 0.532811
v -1.182357 -0.065143 0.780107
v -1.583816 -0.092012 0.619290
v -1.517553 -0.046869 0.866586
v -1.668913 -0.073737 0.638756
v -1.602650 -0.028594 0.886052
v -1.752635 0.032257 0.641840
v -1.686372 0.077401 0.889136
v -1.746985 0.085254 0.630652
v -1.680723 0.130398 0.877948
v -1.678379 0.133683 0.603429
v -1.612116 0.178826 0.850724
v -1.576667 0.124545 0.577843
v -1.510404 0.169689 0.825139
v -1.351855 0.109012 0.520440
v -1.285592 0.154155 0.767736
v -1.014616 0.085254 0.434414
v -0.948353 0.130398 0.681710
v -0.770124 0.070635 0.371572
v -0.703861 0.115778 0.618867
v -0.407118 0.032257 0.281310
v -0.340855 0.077401 0.528606
v -0.349748 0.032257 0.265938
v -0.283485 0.077401 0.513233
v -0.342764 0.056015 0.259730
v -0.276501 0.101158 0.507025
v -0.363152 0.070635 0.262524
v -0.296890 0.115778 0.509820
v -0.379059 0.085254 0.264117
v -0.312796 0.130398 0.511413
v -0.737834 0.325569 0.316382
v -0.671572 0.370712 0.563678
v -1.125921 0.579590 0.373999
v -1.059658 0.624733 0.621294
v -1.329804 0.725789 0.401941
v -1.263541 0.770932 0.649237
v -1.439854 0.799802 0.417918
v -1.373592 0.844945 0.665214
v -1.496808 0.869247 0.420502
v -1.430546 0.914390 0.667798
v -1.527037 1.020928 0.400913
v -1.460775 1.066071 0.648208
v -1.435187 1.129664 0.356452
v -1.368924 1.174807 0.603748
v -1.304790 1.120526 0.323180
v -1.238527 1.165669 0.570476
v -1.271206 1.111389 0.315850
v -1.204943 1.156532 0.563145
v -1.134721 1.008136 0.298127
v -1.068458 1.053279 0.545423
v -0.843114 0.786096 0.260524
v -0.776851 0.831239 0.507820
v -0.462991 0.510145 0.209044
v -0.396728 0.555288 0.456340
v -0.407121 0.464458 0.202414
v -0.340859 0.509601 0.449710
v -0.386316 0.479992 0.194004
v -0.320053 0.525135 0.441299
v -0.384127 0.490957 0.191416
v -0.317865 0.536100 0.438711
v -0.410207 0.532075 0.190898
v -0.343944 0.577218 0.438193
v -0.626912 0.900314 0.181743
v -0.560650 0.945457 0.429038
v -0.857356 1.274949 0.175101
v -0.791093 1.320092 0.422397
v -0.959465 1.430285 0.174105
v -0.893202 1.475428 0.421401
v -0.988818 1.523487 0.164957
v -0.922555 1.568630 0.412252
v -0.991433 1.532956 0.163929
v -0.925170 1.578099 0.411224
v -0.993914 1.542206 0.162905
v -0.927651 1.587349 0.410201
v -0.996249 1.551285 0.161873
v -0.929987 1.596428 0.409169
v -0.998430 1.560240 0.160823
v -0.932167 1.605383 0.408119
v -1.000445 1.569119 0.159742
v -0.934183 1.614262 0.407038
v -1.002285 1.577969 0.158620
v -0.936023 1.623112 0.405915
v -1.003939 1.586838 0.157444
v -0.937677 1.631981 0.404739
v -1.005397 1.595774 0.156203
v -0.939134 1.640917 0.403499
v -1.006648 1.604825 0.154886
v -0.940386 1.649968 0.402182
v -1.007683 1.614036 0.153482
v -0.941420 1.659180 0.400778
v -1.008491 1.623458 0.151978
v -0.942228 1.668601 0.399274
v -1.009061 1.633136 0.150365
v -0.942798 1.678279 0.397660
v -1.007028 1.636138 0.149272
v -0.940766 1.681282 0.396568
v -1.001409 1.644439 0.146251
v -0.935147 1.689582 0.393547
v -0.992921 1.656979 0.141687
v -0.926658 1.702122 0.388983
v -0.982281 1.672698 0.135967
v -0.916018 1.717841 0.383263
v -0.970206 1.690536 0.129475
v -0.903943 1.735679 0.376771
v -0.957413 1.709434 0.122598
v -0.891151 1.754577 0.369893
v -0.944621 1.728331 0.115720
v -0.878359 1.773474 0.363016
v -0.932546 1.746169 0.109229
v -0.866284 1.791313 0.356524
v -0.921906 1.761888 0.103508
v -0.855643 1.807031 0.350804
v -0.913417 1.774428 0.098945
v -0.847155 1.819571 0.346240
v -0.907798 1.782729 0.095924
v -0.841536 1.827872 0.343219
v -0.905766 1.785731 0.094831
v -0.839503 1.830874 0.342127
v -0.845727 1.805834 0.075074
v -0.779465 1.850977 0.322370
v -0.697798 1.785731 0.039106
v -0.631535 1.830874 0.286402
v -0.633443 1.730907 0.031870
v -0.567181 1.776050 0.279166
v -0.532293 1.518004 0.043632
v -0.466030 1.563148 0.290928
v -0.369081 1.182661 0.061115
v -0.302818 1.227804 0.308411
v -0.118791 0.726703 0.077284
v -0.052528 0.771846 0.324580
v -0.045388 0.591469 0.082303
v 0.020875 0.636612 0.329598
v -0.003819 0.466286 0.094016
v 0.062444 0.511429 0.341312
v 0.011379 0.427908 0.096949
v 0.077642 0.473051 0.344245
v 0.034686 0.427908 0.090704
v 0.100948 0.473051 0.338000
v 0.033685 0.449838 0.086969
v 0.099948 0.494981 0.334265
v 0.040792 0.706600 0.038194
v 0.107055 0.751743 0.285489
v 0.061365 1.021842 -0.024865
v 0.127628 1.066985 0.222430
v 0.076914 1.427544 -0.103091
v 0.143177 1.472687 0.144204
v 0.083355 1.541762 -0.125667
v 0.149618 1.586905 0.121628
v 0.132678 1.678823 -0.163903
v 0.198940 1.723966 0.083392
v 0.239559 1.752836 -0.206053
v 0.305821 1.797980 0.041243
v 0.327533 1.710804 -0.221953
v 0.393795 1.755947 0.025343
v 0.403062 1.607551 -0.223342
v 0.469324 1.652694 0.023954
v 0.396245 1.540848 -0.209339
v 0.462508 1.585991 0.037957
v 0.366832 1.262156 -0.150584
v 0.433095 1.307299 0.096712
v 0.304295 0.825387 -0.054096
v 0.370558 0.870530 0.193200
v 0.263854 0.532989 0.010117
v 0.330117 0.578132 0.257412
v 0.295229 0.532989 0.001710
v 0.361491 0.578132 0.249006
v 0.329417 0.569539 -0.014123
v 0.395680 0.614682 0.233173
v 0.465671 0.765993 -0.086494
v 0.531933 0.811137 0.160801
v 0.695317 1.076666 -0.204740
v 0.761580 1.121810 0.042556
v 0.797257 1.200022 -0.254573
v 0.863520 1.245165 -0.007277
v 0.916542 1.336170 -0.311389
v 0.982804 1.381313 -0.064093
v 0.994258 1.401045 -0.344056
v 1.060521 1.446188 -0.096760
v 1.146648 1.401045 -0.384888
v 1.212911 1.446188 -0.137593
v 1.266456 1.231089 -0.385966
v 1.332719 1.276232 -0.138670
v 1.224263 1.055650 -0.342635
v 1.290526 1.100793 -0.095339
v 1.076648 0.852799 -0.266051
v 1.142911 0.897942 -0.018756
v 0.954508 0.681015 -0.201965
v 1.020771 0.726158 0.045330
v 0.779730 0.425167 -0.108429
v 0.845993 0.470310 0.138866
v 0.672537 0.220489 -0.042344
v 0.738800 0.265632 0.204952
v 0.684045 0.204041 -0.042425
v 0.750308 0.249184 0.204871
v 0.711709 0.206782 -0.050338
v 0.777972 0.251925 0.196958
v 1.128853 0.298157 -0.178791
v 1.195116 0.343300 0.068505
v 1.354624 0.340189 -0.246959
v 1.420887 0.385332 0.000337
v 1.624069 0.387704 -0.327830
v 1.690331 0.432847 -0.080535
v 1.749546 0.329224 -0.350777
v 1.815809 0.374367 -0.103481
v 1.765703 0.269831 -0.344264
v 1.831965 0.314974 -0.096968
v 1.722843 0.148303 -0.310595
v 1.789106 0.193446 -0.063299
v 1.435741 0.075203 -0.220322
v 1.502004 0.120346 0.026974
v 1.098273 0.005759 -0.117221
v 1.164536 0.050902 0.130075
v 0.596491 -0.116683 0.039583
v 0.662754 -0.071540 0.286878
v 0.590424 -0.121252 0.042042
v 0.656687 -0.076109 0.289338
v 0.598013 -0.130389 0.041677
v 0.664275 -0.085246 0.288973
v 0.827599 -0.152319 -0.015837
v 0.893862 -0.107176 0.231458
v 0.925558 -0.157801 -0.041085
v 0.991821 -0.112658 0.206211
v 1.164900 -0.157801 -0.105216
v 1.231163 -0.112658 0.142079
v 1.611961 -0.191610 -0.218834
v 1.678224 -0.146467 0.028462
v 1.732081 -0.270192 -0.236675
v 1.798344 -0.225049 0.010620
v 1.806380 -0.366135 -0.239069
v 1.872642 -0.320992 0.008226
v 1.798062 -0.439234 -0.223497
v 1.864325 -0.394091 0.023799
v 1.623033 -0.532436 -0.159584
v 1.689296 -0.487293 0.087712
v 1.378332 -0.473957 -0.104692
v 1.444595 -0.428814 0.142604
v 0.807337 -0.336895 0.023286
v 0.873600 -0.291752 0.270581
v 0.611460 -0.287553 0.066763
v 0.677723 -0.242410 0.314059
v 0.584568 -0.287553 0.073969
v 0.650830 -0.242410 0.321265
v 0.585318 -0.304000 0.076771
v 0.651581 -0.258857 0.324066
v 0.754012 -0.464819 0.060926
v 0.820275 -0.419676 0.308222
v 1.062255 -0.737115 0.028039
v 1.128518 -0.691972 0.275335
v 1.448487 -1.087992 -0.011399
v 1.514749 -1.042849 0.235896
v 1.471273 -1.174798 -0.001659
v 1.537536 -1.129655 0.245637
v 1.426890 -1.243329 0.022744
v 1.493153 -1.198186 0.270039
v 1.376357 -1.236019 0.034949
v 1.442620 -1.190876 0.282245
v 1.039575 -0.986567 0.079653
v 1.105838 -0.941424 0.326949
v 0.908948 -0.874176 0.094138
v 0.975211 -0.829033 0.341434
v 0.613651 -0.630207 0.128727
v 0.679914 -0.585064 0.376022
v 0.594827 -0.630207 0.133771
v 0.661090 -0.585064 0.381066
v 0.595994 -0.655792 0.138128
v 0.662257 -0.610648 0.385424
v 0.665895 -0.753562 0.137246
v 0.732157 -0.708419 0.384542
v 1.036096 -1.283533 0.134796
v 1.102359 -1.238390 0.382092
v 1.061447 -1.446180 0.157694
v 1.127710 -1.401037 0.404990
v 1.038766 -1.499177 0.173446
v 1.105029 -1.454034 0.420741
v 0.950584 -1.531158 0.202912
v 1.016847 -1.486015 0.450207
v 0.851145 -1.512884 0.226221
v 0.917408 -1.467740 0.473516
v 0.635336 -1.223226 0.231170
v 0.701599 -1.178083 0.478466
v 0.411585 -0.897020 0.231576
v 0.477848 -0.851877 0.478872
v 0.229715 -0.604622 0.226932
v 0.295978 -0.559479 0.474227
v 0.209640 -0.616501 0.234479
v 0.275903 -0.571357 0.481775
v 0.159970 -1.708424 0.447116
v 0.226233 -1.663281 0.694411
v 0.115900 -1.764163 0.469099
v 0.182163 -1.719020 0.716395
v 0.010249 -1.806195 0.505081
v 0.076511 -1.761052 0.752377
v -0.082562 -1.736750 0.517273
v -0.016299 -1.691607 0.764568
v -0.135201 -1.624360 0.510861
v -0.068938 -1.579217 0.758156
v -0.097824 -1.402320 0.460313
v -0.031561 -1.357177 0.707609
v -0.053672 -1.112664 0.395607
v 0.012590 -1.067520 0.642902
v -0.017568 -0.882400 0.343899
v 0.048695 -0.837257 0.591194
v 0.011512 -0.596398 0.283898
v 0.077774 -0.551255 0.531194
v 0.032274 -0.501369 0.260987
v 0.098537 -0.456226 0.508283
v 0.030190 -0.494973 0.260378
v 0.096452 -0.449830 0.507674
v 0.009697 -0.497714 0.266370
v 0.075960 -0.452571 0.513665
v -0.188345 -0.793767 0.373479
v -0.122083 -0.748624 0.620774
v -0.489933 -1.236933 0.535187
v -0.423671 -1.191790 0.782483
v -0.731838 -1.514711 0.650713
v -0.665575 -1.469568 0.898009
v -0.791668 -1.539382 0.671248
v -0.725405 -1.494239 0.918544
v -0.899988 -1.483644 0.690098
v -0.833726 -1.438500 0.937393
v -0.894673 -1.384046 0.670492
v -0.828411 -1.338902 0.917788
v -0.839555 -1.295412 0.639544
v -0.773292 -1.250269 0.886839
v -0.508115 -0.838540 0.467334
v -0.441852 -0.793397 0.714629
v -0.308592 -0.555280 0.362163
v -0.242329 -0.510137 0.609459
v -0.178905 -0.391720 0.297556
v -0.112642 -0.346577 0.544852
v -0.180885 -0.367963 0.293750
v -0.114623 -0.322819 0.541046
v -0.188953 -0.367963 0.295912
v -0.122690 -0.322819 0.543208
v -1.096536 -0.987481 0.652189
v -1.030273 -0.942337 0.899485
v -1.262268 -1.009410 0.700600
v -1.196005 -0.964267 0.947896
v -1.337109 -0.940880 0.708144
v -1.270846 -0.895737 0.955439
v -1.333274 -0.828489 0.686600
v -1.267011 -0.783346 0.933895
v -1.300878 -0.791940 0.671247
v -1.234615 -0.746796 0.918543
vt 0.368715 0.000000
vt 0.379888 0.000000
vt 0.374302 0.000000
vt 0.363128 0.000000
vt 0.385475 0.000000
vt 0.357542 0.000000
vt 0.351955 0.000000
vt 0.346369 0.000000
vt 0.458101 0.000000
vt 0.469274 0.000000
vt 0.463687 0.000000
vt 0.340782 0.000000
vt 0.391061 0.000000
vt 0.335196 0.000000
vt 0.474860 0.000000
vt 0.329609 0.000000
vt 0.324022 0.000000
vt 0.452514 0.000000
vt 0.318436 0.000000
vt 0.312849 0.000000
vt 0.307263 0.000000
vt 0.301676 0.000000
vt 0.296089 0.000000
vt 0.290503 0.000000
vt 0.284916 0.000000
vt 0.480447 0.000000
vt 0.279330 0.000000
vt 0.273743 0.000000
vt 0.268156 0.000000
vt 0.262570 0.000000
vt 0.256983 0.000000
vt 0.251397 0.000000
vt 0.245810 0.000000
vt 0.240223 0.000000
vt 0.446927 0.000000
vt 0.486034 0.000000
vt 0.234637 0.000000
vt 0.229050 0.000000
vt 0.396648 0.000000
vt 0.223464 0.000000
vt 0.441341 0.000000
vt 0.530726 0.000000
vt 0.541899 0.000000
vt 0.536313 0.000000
vt 0.547486 0.000000
vt 0.525140 0.000000
vt 0.217877 0.000000
vt 0.491620 0.000000
vt 0.553073 0.000000
vt 0.519553 0.000000
vt 0.402235 0.000000
vt 0.156425 0.000000
vt 0.167598 0.000000
vt 0.162011 0.000000
vt 0.173184 0.000000
vt 0.178771 0.000000
vt 0.513967 0.000000
vt 0.558659 0.000000
vt 0.435754 0.000000
vt 0.150838 0.000000
vt 0.184358 0.000000
vt 0.212290 0.000000
vt 0.145251 0.000000
vt 0.564246 0.000000
vt 0.497207 0.000000
vt 0.139665 0.000000
vt 0.189944 0.000000
vt 0.508380 0.000000
vt 0.407821 0.000000
vt 0.134078 0.000000
vt 0.430168 0.000000
vt 0.569832 0.000000
vt 0.413408 0.000000
vt 0.128492 0.000000
vt 0.502793 0.000000
vt 0.206704 0.000000
vt 0.195531 0.000000
vt 0.201117 0.000000
vt 0.418994 0.000000
vt 0.424581 0.000000
vt 0.575419 0.000000
vt 0.597765 0.000000
vt 0.608939 0.000000
vt 0.603352 0.000000
vt 0.592179 0.000000
vt 0.614525 0.000000
vt 0.122905 0.000000
vt 0.586592 0.000000
vt 0.620112 0.000000
vt 0.581006 0.000000
vt 0.625698 0.000000
vt 0.067039 0.000000
vt 0.078212 0.000000
vt 0.072626 0.000000
vt 0.083799 0.000000
vt 0.089385 0.000000
vt 0.061453 0.000000
vt 0.094972 0.000000
vt 0.117318 0.000000
vt 0.631285 0.000000
vt 0.100559 0.000000
vt 0.111732 0.000000
vt 0.106145 0.000000
vt 0.055866 0.000000
vt 0.636872 0.000000
vt 0.050279 0.000000
vt 0.044693 0.000000
vt 0.039106 0.000000
vt 0.642458 0.000000
vt 0.648045 0.000000
vt 0.033520 0.000000
vt 0.653631 0.000000
vt 0.027933 0.000000
vt 0.022346 0.000000
vt 0.016760 0.000000
vt 0.659218 0.000000
vt 0.664804 0.000000
vt 0.670391 0.000000
vt 0.011173 0.000000
vt 0.675978 0.000000
vt 0.005587 0.000000
vt 0.972067 0.000000
vt 0.715084 0.000000
vt 0.709497 0.000000
vt 0.681564 0.000000
vt 0.720670 0.000000
vt 0.703911 0.000000
vt 0.966480 0.000000
vt 0.726257 0.000000
vt 0.698324 0.000000
vt 0.687151 0.000000
vt 0.977654 0.000000
vt 0.960894 0.000000
vt 0.955307 0.000000
vt 0.905028 0.000000
vt 0.899441 0.000000
vt 0.692737 0.000000
vt 0.770950 0.000000
vt 0.731844 0.000000
vt 0.893855 0.000000
vt 0.910615 0.000000
vt 0.888268 0.000000
vt 0.832402 0.000000
vt 0.949721 0.000000
vt 1.000000 0.000000
vt 0.000000 0.000000
vt 0.882682 0.000000
vt 0.837989 0.000000
vt 0.826816 0.000000
vt 0.776536 0.000000
vt 0.843575 0.000000
vt 0.782123 0.000000
vt 0.765363 0.000000
vt 0.787709 0.000000
vt 0.737430 0.000000
vt 0.793296 0.000000
vt 0.994413 0.000000
vt 0.916201 0.000000
vt 0.988827 0.000000
vt 0.944134 0.000000
vt 0.759777 0.000000
vt 0.877095 0.000000
vt 0.821229 0.000000
vt 0.983240 0.000000
vt 0.754190 0.000000
vt 0.743017 0.000000
vt 0.871508 0.000000
vt 0.748603 0.000000
vt 0.815642 0.000000
vt 0.921788 0.000000
vt 0.798883 0.000000
vt 0.938547 0.000000
vt 0.932961 0.000000
vt 0.865922 0.000000
vt 0.804469 0.000000
vt 0.927374 0.000000
vt 0.810056 0.000000
vt 0.860335 0.000000
vt 0.849162 0.000000
vt 0.854749 0.000000
vt 0.368715 0.000000
vt 0.374302 0.000000
vt 0.379888 0.000000
vt 0.363128 0.000000
vt 0.385475 0.000000
vt 0.357542 0.000000
vt 0.351955 0.000000
vt 0.346369 0.000000
vt 0.458101 0.000000
vt 0.463687 0.000000
vt 0.469274 0.000000
vt 0.340782 0.000000
vt 0.391061 0.000000
vt 0.335196 0.000000
vt 0.474860 0.000000
vt 0.329609 0.000000
vt 0.324022 0.000000
vt 0.452514 0.000000
vt 0.318436 0.000000
vt 0.312849 0.000000
vt 0.307263 0.000000
vt 0.301676 0.000000
vt 0.296089 0.000000
vt 0.290503 0.000000
vt 0.284916 0.000000
vt 0.480447 0.000000
vt 0.279330 0.000000
vt 0.273743 0.000000
vt 0.268156 0.000000
vt 0.262570 0.000000
vt 0.256983 0.000000
vt 0.251397 0.000000
vt 0.245810 0.000000
vt 0.240223 0.000000
vt 0.446927 0.000000
vt 0.486034 0.000000
vt 0.234637 0.000000
vt 0.229050 0.000000
vt 0.396648 0.000000
vt 0.223464 0.000000
vt 0.441341 0.000000
vt 0.530726 0.000000
vt 0.536313 0.000000
vt 0.541899 0.000000
vt 0.547486 0.000000
vt 0.525140 0.000000
vt 0.217877 0.000000
vt 0.491620 0.000000
vt 0.553073 0.000000
vt 0.519553 0.000000
vt 0.402235 0.000000
vt 0.156425 0.000000
vt 0.162011 0.000000
vt 0.167598 0.000000
vt 0.173184 0.000000
vt 0.178771 0.000000
vt 0.513967 0.000000
vt 0.558659 0.000000
vt 0.435754 0.000000
vt 0.150838 0.000000
vt 0.184358 0.000000
vt 0.212290 0.000000
vt 0.145251 0.000000
vt 0.564246 0.000000
vt 0.497207 0.000000
vt 0.139665 0.000000
vt 0.189944 0.000000
vt 0.508380 0.000000
vt 0.407821 0.000000
vt 0.134078 0.000000
vt 0.430168 0.000000
vt 0.569832 0.000000
vt 0.413408 0.000000
vt 0.128492 0.000000
vt 0.502793 0.000000
vt 0.206704 0.000000
vt 0.195531 0.000000
vt 0.201117 0.000000
vt 0.418994 0.000000
vt 0.424581 0.000000
vt 0.575419 0.000000
vt 0.597765 0.000000
vt 0.603352 0.000000
vt 0.608939 0.000000
vt 0.592179 0.000000
vt 0.614525 0.000000
vt 0.122905 0.000000
vt 0.586592 0.000000
vt 0.620112 0.000000
vt 0.581006 0.000000
vt 0.625698 0.000000
vt 0.067039 0.000000
vt 0.072626 0.000000
vt 0.078212 0.000000
vt 0.083799 0.000000
vt 0.089385 0.000000
vt 0.061453 0.000000
vt 0.094972 0.000000
vt 0.117318 0.000000
vt 0.631285 0.000000
vt 0.100559 0.000000
vt 0.111732 0.000000
vt 0.106145 0.000000
vt 0.055866 0.000000
vt 0.636872 0.000000
vt 0.050279 0.000000
vt 0.044693 0.000000
vt 0.039106 0.000000
vt 0.642458 0.000000
vt 0.648045 0.000000
vt 0.033520 0.000000
vt 0.653631 0.000000
vt 0.027933 0.000000
vt 0.022346 0.000000
vt 0.016760 0.000000
vt 0.659218 0.000000
vt 0.664804 0.000000
vt 0.670391 0.000000
vt 0.011173 0.000000
vt 0.675978 0.000000
vt 0.005587 0.000000
vt 0.972067 0.000000
vt 0.715084 0.000000
vt 0.709497 0.000000
vt 0.681564 0.000000
vt 0.720670 0.000000
vt 0.703911 0.000000
vt 0.966480 0.000000
vt 0.726257 0.000000
vt 0.698324 0.000000
vt 0.687151 0.000000
vt 0.977654 0.000000
vt 0.960894 0.000000
vt 0.955307 0.000000
vt 0.905028 0.000000
vt 0.899441 0.000000
vt 0.692737 0.000000
vt 0.770950 0.000000
vt 0.731844 0.000000
vt 0.893855 0.000000
vt 0.910615 0.000000
vt 0.888268 0.000000
vt 0.832402 0.000000
vt 0.949721 0.000000
vt 1.000000 0.000000
vt 0.000000 0.000000
vt 0.882682 0.000000
vt 0.837989 0.000000
vt 0.826816 0.000000
vt 0.776536 0.000000
vt 0.843575 0.000000
vt 0.782123 0.000000
vt 0.765363 0.000000
vt 0.787709 0.000000
vt 0.737430 0.000000
vt 0.793296 0.000000
vt 0.994413 0.000000
vt 0.916201 0.000000
vt 0.988827 0.000000
vt 0.944134 0.000000
vt 0.759777 0.000000
vt 0.877095 0.000000
vt 0.821229 0.000000
vt 0.983240 0.000000
vt 0.754190 0.000000
vt 0.743017 0.000000
vt 0.871508 0.000000
vt 0.748603 0.000000
vt 0.815642 0.000000
vt 0.921788 0.000000
vt 0.798883 0.000000
vt 0.938547 0.000000
vt 0.932961 0.000000
vt 0.865922 0.000000
vt 0.804469 0.000000
vt 0.927374 0.000000
vt 0.810056 0.000000
vt 0.860335 0.000000
vt 0.849162 0.000000
vt 0.854749 0.000000
vt 0.000000 1.000000
vt 0.005556 1.000000
vt 0.005556 0.000000
vt 0.000000 0.000000
vt 0.011111 1.000000
vt 0.011111 0.000000
vt 0.016667 1.000000
vt 0.016667 0.000000
vt 0.022222 1.000000
vt 0.022222 0.000000
vt 0.027778 1.000000
vt 0.027778 0.000000
vt 0.033333 1.000000
vt 0.033333 0.000000
vt 0.038889 1.000000
vt 0.038889 0.000000
vt 0.044444 1.000000
vt 0.044444 0.000000
vt 0.050000 1.000000
vt 0.050000 0.000000
vt 0.055556 1.000000
vt 0.055556 0.000000
vt 0.061111 1.000000
vt 0.061111 0.000000
vt 0.066667 1.000000
vt 0.066667 0.000000
vt 0.072222 1.000000
vt 0.072222 0.000000
vt 0.077778 1.000000
vt 0.077778 0.000000
vt 0.083333 1.000000
vt 0.083333 0.000000
vt 0.088889 1.000000
vt 0.088889 0.000000
vt 0.094444 1.000000
vt 0.094444 0.000000
vt 0.100000 1.000000
vt 0.100000 0.000000
vt 0.105556 1.000000
vt 0.105556 0.000000
vt 0.111111 1.000000
vt 0.111111 0.000000
vt 0.116667 1.000000
vt 0.116667 0.000000
vt 0.122222 1.000000
vt 0.122222 0.000000
vt 0.127778 1.000000
vt 0.127778 0.000000
vt 0.133333 1.000000
vt 0.133333 0.000000
vt 0.138889 1.000000
vt 0.138889 0.000000
vt 0.144444 1.000000
vt 0.144444 0.000000
vt 0.150000 1.000000
vt 0.150000 0.000000
vt 0.155556 1.000000
vt 0.155556 0.000000
vt 0.161111 1.000000
vt 0.161111 0.000000
vt 0.166667 1.000000
vt 0.166667 0.000000
vt 0.172222 1.000000
vt 0.172222 0.000000
vt 0.177778 1.000000
vt 0.177778 0.000000
vt 0.183333 1.000000
vt 0.183333 0.000000
vt 0.188889 1.000000
vt 0.188889 0.000000
vt 0.194444 1.000000
vt 0.194444 0.000000
vt 0.200000 1.000000
vt 0.200000 0.000000
vt 0.205556 1.000000
vt 0.205556 0.000000
vt 0.211111 1.000000
vt 0.211111 0.000000
vt 0.216667 1.000000
vt 0.216667 0.000000
vt 0.222222 1.000000
vt 0.222222 0.000000
vt 0.227778 1.000000
vt 0.227778 0.000000
vt 0.233333 1.000000
vt 0.233333 0.000000
vt 0.238889 1.000000
vt 0.238889 0.000000
vt 0.244444 1.000000
vt 0.244444 0.000000
vt 0.250000 1.000000
vt 0.250000 0.000000
vt 0.255556 1.000000
vt 0.255556 0.000000
vt 0.261111 1.000000
vt 0.261111 0.000000
vt 0.266667 1.000000
vt 0.266667 0.000000
vt 0.272222 1.000000
vt 0.272222 0.000000
vt 0.277778 1.000000
vt 0.277778 0.000000
vt 0.283333 1.000000
vt 0.283333 0.000000
vt 0.288889 1.000000
vt 0.288889 0.000000
vt 0.294444 1.000000
vt 0.294444 0.000000
vt 0.300000 1.000000
vt 0.300000 0.000000
vt 0.305556 1.000000
vt 0.305556 0.000000
vt 0.311111 1.000000
vt 0.311111 0.000000
vt 0.316667 1.000000
vt 0.316667 0.000000
vt 0.322222 1.000000
vt 0.322222 0.000000
vt 0.327778 1.000000
vt 0.327778 0.000000
vt 0.333333 1.000000
vt 0.333333 0.000000
vt 0.338889 1.000000
vt 0.338889 0.000000
vt 0.344444 1.000000
vt 0.344444 0.000000
vt 0.350000 1.000000
vt 0.350000 0.000000
vt 0.355556 1.000000
vt 0.355556 0.000000
vt 0.361111 1.000000
vt 0.361111 0.000000
vt 0.366667 1.000000
vt 0.366667 0.000000
vt 0.372222 1.000000
vt 0.372222 0.000000
vt 0.377778 1.000000
vt 0.377778 0.000000
vt 0.383333 1.000000
vt 0.383333 0.000000
vt 0.388889 1.000000
vt 0.388889 0.000000
vt 0.394444 1.000000
vt 0.394444 0.000000
vt 0.400000 1.000000
vt 0.400000 0.000000
vt 0.405556 1.000000
vt 0.405556 0.000000
vt 0.411111 1.000000
vt 0.411111 0.000000
vt 0.416667 1.000000
vt 0.416667 0.000000
vt 0.422222 1.000000
vt 0.422222 0.000000
vt 0.427778 1.000000
vt 0.427778 0.000000
vt 0.433333 1.000000
vt 0.433333 0.000000
vt 0.438889 1.000000
vt 0.438889 0.000000
vt 0.444444 1.000000
vt 0.444444 0.000000
vt 0.450000 1.000000
vt 0.450000 0.000000
vt 0.455556 1.000000
vt 0.455556 0.000000
vt 0.461111 1.000000
vt 0.461111 0.000000
vt 0.466667 1.000000
vt 0.466667 0.000000
vt 0.472222 1.000000
vt 0.472222 0.000000
vt 0.477778 1.000000
vt 0.477778 0.000000
vt 0.483333 1.000000
vt 0.483333 0.000000
vt 0.488889 1.000000
vt 0.488889 0.000000
vt 0.494444 1.000000
vt 0.494444 0.000000
vt 0.500000 1.000000
vt 0.500000 0.000000
vt 0.505556 1.000000
vt 0.505556 0.000000
vt 0.511111 1.000000
vt 0.511111 0.000000
vt 0.516667 1.000000
vt 0.516667 0.000000
vt 0.522222 1.000000
vt 0.522222 0.000000
vt 0.527778 1.000000
vt 0.527778 0.000000
vt 0.533333 1.000000
vt 0.533333 0.000000
vt 0.538889 1.000000
vt 0.538889 0.000000
vt 0.544444 1.000000
vt 0.544444 0.000000
vt 0.550000 1.000000
vt 0.550000 0.000000
vt 0.555556 1.000000
vt 0.555556 0.000000
vt 0.561111 1.000000
vt 0.561111 0.000000
vt 0.566667 1.000000
vt 0.566667 0.000000
vt 0.572222 1.000000
vt 0.572222 0.000000
vt 0.577778 1.000000
vt 0.577778 0.000000
vt 0.583333 1.000000
vt 0.583333 0.000000
vt 0.588889 1.000000
vt 0.588889 0.000000
vt 0.594444 1.000000
vt 0.594444 0.000000
vt 0.600000 1.000000
vt 0.600000 0.000000
vt 0.605556 1.000000
vt 0.605556 0.000000
vt 0.611111 1.000000
vt 0.611111 0.000000
vt 0.616667 1.000000
vt 0.616667 0.000000
vt 0.622222 1.000000
vt 0.622222 0.000000
vt 0.627778 1.000000
vt 0.627778 0.000000
vt 0.633333 1.000000
vt 0.633333 0.000000
vt 0.638889 1.000000
vt 0.638889 0.000000
vt 0.644444 1.000000
vt 0.644444 0.000000
vt 0.650000 1.000000
vt 0.650000 0.000000
vt 0.655556 1.000000
vt 0.655556 0.000000
vt 0.661111 1.000000
vt 0.661111 0.000000
vt 0.666667 1.000000
vt 0.666667 0.000000
vt 0.672222 1.000000
vt 0.672222 0.000000
vt 0.677778 1.000000
vt 0.677778 0.000000
vt 0.683333 1.000000
vt 0.683333 0.000000
vt 0.688889 1.000000
vt 0.688889 0.000000
vt 0.694444 1.000000
vt 0.694444 0.000000
vt 0.700000 1.000000
vt 0.700000 0.000000
vt 0.705556 1.000000
vt 0.705556 0.000000
vt 0.711111 1.000000
vt 0.711111 0.000000
vt 0.716667 1.000000
vt 0.716667 0.000000
vt 0.722222 1.000000
vt 0.722222 0.000000
vt 0.727778 1.000000
vt 0.727778 0.000000
vt 0.733333 1.000000
vt 0.733333 0.000000
vt 0.738889 1.000000
vt 0.738889 0.000000
vt 0.744444 1.000000
vt 0.744444 0.000000
vt 0.750000 1.000000
vt 0.750000 0.000000
vt 0.755556 1.000000
vt 0.755556 0.000000
vt 0.761111 1.000000
vt 0.761111 0.000000
vt 0.766667 1.000000
vt 0.766667 0.000000
vt 0.772222 1.000000
vt 0.772222 0.000000
vt 0.777778 1.000000
vt 0.777778 0.000000
vt 0.783333 1.000000
vt 0.783333 0.000000
vt 0.788889 1.000000
vt 0.788889 0.000000
vt 0.794444 1.000000
vt 0.794444 0.000000
vt 0.800000 1.000000
vt 0.800000 0.000000
vt 0.805556 1.000000
vt 0.805556 0.000000
vt 0.811111 1.000000
vt 0.811111 0.000000
vt 0.816667 1.000000
vt 0.816667 0.000000
vt 0.822222 1.000000
vt 0.822222 0.000000
vt 0.827778 1.000000
vt 0.827778 0.000000
vt 0.833333 1.000000
vt 0.833333 0.000000
vt 0.838889 1.000000
vt 0.838889 0.000000
vt 0.844444 1.000000
vt 0.844444 0.000000
vt 0.850000 1.000000
vt 0.850000 0.000000
vt 0.855556 1.000000
vt 0.855556 0.000000
vt 0.861111 1.000000
vt 0.861111 0.000000
vt 0.866667 1.000000
vt 0.866667 0.000000
vt 0.872222 1.000000
vt 0.872222 0.000000
vt 0.877778 1.000000
vt 0.877778 0.000000
vt 0.883333 1.000000
vt 0.883333 0.000000
vt 0.888889 1.000000
vt 0.888889 0.000000
vt 0.894444 1.000000
vt 0.894444 0.000000
vt 0.900000 1.000000
vt 0.900000 0.000000
vt 0.905556 1.000000
vt 0.905556 0.000000
vt 0.911111 1.000000
vt 0.911111 0.000000
vt 0.916667 1.000000
vt 0.916667 0.000000
vt 0.922222 1.000000
vt 0.922222 0.000000
vt 0.927778 1.000000
vt 0.927778 0.000000
vt 0.933333 1.000000
vt 0.933333 0.000000
vt 0.938889 1.000000
vt 0.938889 0.000000
vt 0.944444 1.000000
vt 0.944444 0.000000
vt 0.950000 1.000000
vt 0.950000 0.000000
vt 0.955556 1.000000
vt 0.955556 0.000000
vt 0.961111 1.000000
vt 0.961111 0.000000
vt 0.966667 1.000000
vt 0.966667 0.000000
vt 0.972222 1.000000
vt 0.972222 0.000000
vt 0.977778 1.000000
vt 0.977778 0.000000
vt 0.983333 1.000000
vt 0.983333 0.000000
vt 0.988889 1.000000
vt 0.988889 0.000000
vt 0.994444 1.000000
vt 0.994444 0.000000
vt 1.000000 1.000000
vt 1.000000 0.000000
vn 0.2549 0.1736 0.9513
vn 0.2549 0.1737 0.9512
vn 0.2549 0.1736 0.9512
vn 0.2549 0.1737 0.9513
vn 0.2550 0.1734 0.9513
vn -0.2549 -0.1737 -0.9513
vn -0.2549 -0.1737 -0.9512
vn -0.2549 -0.1736 -0.9513
vn -0.2549 -0.1736 -0.9512
vn -0.2551 -0.1731 -0.9513
vn 0.7137 0.6299 -0.3063
vn 0.7429 0.5946 -0.3076
vn 0.7428 0.5947 -0.3076
vn 0.7139 0.6297 -0.3063
vn -0.7709 0.6304 0.0915
vn -0.9548 -0.1104 0.2760
vn -0.4308 -0.8603 0.2725
vn 0.0152 -0.9843 0.1756
vn 0.0022 -0.9838 0.1790
vn 0.0118 -0.9842 0.1765
vn -0.0010 -0.9837 0.1798
vn -0.0822 -0.9763 0.2002
vn -0.4798 -0.8314 0.2803
vn -0.9255 -0.2413 0.2920
vn -0.8389 0.5289 0.1282
vn -0.2837 0.9539 -0.0981
vn 0.0305 0.9818 -0.1874
vn 0.0213 0.9825 -0.1851
vn 0.0169 0.9828 -0.1839
vn 0.0336 0.9816 -0.1882
vn 0.0052 0.9835 -0.1809
vn -0.5969 0.8022 0.0135
vn -0.9081 -0.2952 0.2972
vn -0.5816 -0.7584 0.2943
vn -0.5687 -0.7687 0.2927
vn -0.5001 -0.8183 0.2834
vn -0.5138 -0.8091 0.2854
vn -0.5191 -0.8054 0.2861
vn -0.6255 -0.7206 0.2991
vn -0.8671 -0.3943 0.3043
vn -0.9382 0.2824 0.1999
vn -0.4022 0.9137 -0.0590
vn 0.1156 0.9712 -0.2083
vn 0.3882 0.8826 -0.2651
vn 0.5543 0.7799 -0.2909
vn 0.5461 0.7860 -0.2898
vn 0.5604 0.7751 -0.2917
vn -0.0070 0.9841 -0.1778
vn -0.8227 0.5559 0.1190
vn -0.9488 -0.1450 0.2807
vn -0.8144 -0.4919 0.3080
vn -0.8181 -0.4857 0.3079
vn -0.8044 -0.5079 0.3082
vn -0.8668 -0.3951 0.3044
vn -0.9249 -0.2431 0.2922
vn -0.9310 -0.2216 0.2899
vn -0.9334 -0.2128 0.2889
vn -0.9364 -0.2013 0.2876
vn -0.9398 -0.1869 0.2859
vn -0.9437 -0.1699 0.2839
vn -0.9477 -0.1504 0.2814
vn -0.9518 -0.1286 0.2785
vn -0.9556 -0.1049 0.2752
vn -0.9591 -0.0797 0.2715
vn -0.9621 -0.0535 0.2675
vn -0.9643 -0.0268 0.2633
vn -0.9334 0.3011 0.1952
vn -0.8043 0.5841 0.1089
vn -0.6011 0.7990 0.0152
vn -0.1313 0.9808 -0.1439
vn 0.3569 0.8974 -0.2594
vn 0.7516 0.5833 -0.3079
vn 0.8647 0.3995 -0.3046
vn 0.8510 0.4269 -0.3059
vn 0.8401 0.4474 -0.3068
vn 0.8817 0.3622 -0.3024
vn 0.9049 0.3038 -0.2979
vn 0.5197 0.8050 -0.2862
vn -0.7148 0.6964 0.0644
vn -0.9669 0.0367 0.2524
vn -0.9659 0.0920 0.2420
vn -0.9656 0.0973 0.2410
vn -0.9659 0.0929 0.2418
vn -0.9474 0.2416 0.2098
vn -0.7734 0.6271 0.0928
vn -0.1102 0.9825 -0.1498
vn 0.5907 0.7509 -0.2954
vn 0.9302 0.2248 -0.2903
vn 0.9617 -0.1484 -0.2306
vn 0.9594 -0.1681 -0.2264
vn 0.9573 -0.1838 -0.2230
vn 0.7146 0.6289 -0.3063
vn -0.4111 0.9099 -0.0559
vn -0.7584 0.6462 0.0853
vn -0.7904 0.6041 0.1015
vn -0.7673 0.6350 0.0897
vn -0.7433 0.6645 0.0779
vn -0.6860 0.7258 0.0513
vn -0.3590 0.9304 -0.0736
vn 0.4145 0.8692 -0.2697
vn 0.9476 0.1510 -0.2815
vn 0.8792 -0.4511 -0.1533
vn 0.7893 -0.6056 -0.1009
vn 0.7972 -0.5945 -0.1051
vn 0.8314 -0.5417 -0.1239
vn 0.9641 0.0306 -0.2639
vn 0.3735 0.8897 -0.2625
vn -0.1917 0.9733 -0.1263
vn -0.2307 0.9663 -0.1146
vn -0.2120 0.9698 -0.1202
vn 0.0840 0.9760 -0.2007
vn 0.7226 0.6195 -0.3067
vn 0.9664 -0.0782 -0.2447
vn 0.6662 -0.7446 -0.0426
vn 0.2544 -0.9611 0.1073
vn 0.2499 -0.9622 0.1087
vn 0.4403 -0.8967 0.0457
vn 0.9629 -0.1354 -0.2333
vn 0.4192 0.8667 -0.2705
vn 0.0270 0.9821 -0.1865
vn -0.0184 0.9844 -0.1748
vn -0.0090 0.9841 -0.1772
vn 0.2699 0.9319 -0.2424
vn 0.6315 0.7151 -0.2997
vn 0.9278 0.2331 -0.2912
vn 0.8069 -0.5804 -0.1103
vn 0.1597 -0.9778 0.1357
vn -0.1795 -0.9582 0.2230
vn -0.1853 -0.9567 0.2243
vn -0.0734 -0.9774 0.1981
vn 0.7148 -0.6964 -0.0644
vn 0.8729 0.3820 -0.3036
vn 0.6286 0.7177 -0.2995
vn 0.6194 0.7262 -0.2985
vn 0.8161 0.4891 -0.3079
vn 0.9558 -0.1945 -0.2206
vn 0.4235 -0.9044 0.0516
vn -0.3287 -0.9096 0.2541
vn -0.5745 -0.7641 0.2934
vn -0.5958 -0.7466 0.2959
vn -0.2889 -0.9251 0.2463
vn 0.9097 0.2905 -0.2968
vn 0.7759 0.5504 -0.3084
vn 0.8921 0.3373 -0.3006
vn 0.9597 -0.1656 -0.2269
vn 0.6768 -0.7347 -0.0472
vn 0.1205 -0.9818 0.1469
vn -0.4797 -0.8315 0.2803
vn -0.7725 -0.5552 0.3083
vn -0.7974 -0.5188 0.3084
vn -0.2073 -0.9511 0.2292
vn 0.8353 -0.5352 -0.1261
vn 0.9074 -0.3829 -0.1732
vn 0.5943 -0.8041 -0.0124
vn -0.0921 -0.9749 0.2026
vn -0.7330 -0.6069 0.3072
vn -0.9572 -0.0945 0.2737
vn -0.9545 0.2024 0.2188
vn -0.9554 0.1970 0.2200
vn -0.9588 0.1727 0.2254
vn -0.9547 0.2015 0.2190
vn -0.9656 -0.0075 0.2601
vn -0.4929 -0.8230 0.2823
vn 0.5315 -0.8470 0.0122
vn 0.8051 -0.5829 -0.1093
vn 0.7710 -0.6302 -0.0915
vn 0.5814 -0.8136 -0.0073
vn -0.0030 -0.9836 0.1803
vn -0.8278 -0.4692 0.3075
vn -0.9230 0.3368 0.1858
vn -0.8060 0.5817 0.1098
vn -0.7909 0.6034 0.1018
vn -0.7793 0.6193 0.0958
vn -0.9272 0.3233 0.1894
vn -0.6374 -0.7096 0.3003
vn 0.3174 -0.9443 0.0873
vn 0.3753 -0.9244 0.0682
vn -0.2541 -0.9371 0.2392
vn -0.8850 -0.3546 0.3019
vn -0.9001 0.4020 0.1678
vn -0.6614 0.7490 0.0405
s off
f 1795/1729/1729 1797/1730/1729 1796/1731/1729
f 1794/1732/1730 1797/1730/1730 1795/1729/1730
f 1794/1732/1729 1798/1733/1729 1797/1730/1729
f 1793/1734/1729 1798/1733/1729 1794/1732/1729
f 1792/1735/1729 1798/1733/1729 1793/1734/1729
f 1791/1736/1729 1798/1733/1729 1792/1735/1729
f 1811/1737/1729 1813/1738/1729 1812/1739/1729
f 1790/1740/1729 1798/1733/1729 1791/1736/1729
f 1790/1740/1729 1799/1741/1729 1798/1733/1729
f 1789/1742/1729 1799/1741/1729 1790/1740/1729
f 1811/1737/1729 1814/1743/1729 1813/1738/1729
f 1788/1744/1729 1799/1741/1729 1789/1742/1729
f 1787/1745/1729 1799/1741/1729 1788/1744/1729
f 1810/1746/1729 1814/1743/1729 1811/1737/1729
f 1786/1747/1729 1799/1741/1729 1787/1745/1729
f 1785/1748/1729 1799/1741/1729 1786/1747/1729
f 1784/1749/1730 1799/1741/1730 1785/1748/1730
f 1783/1750/1730 1799/1741/1730 1784/1749/1730
f 1782/1751/1729 1799/1741/1729 1783/1750/1729
f 1781/1752/1729 1799/1741/1729 1782/1751/1729
f 1780/1753/1729 1799/1741/1729 1781/1752/1729
f 1810/1746/1729 1815/1754/1729 1814/1743/1729
f 1779/1755/1729 1799/1741/1729 1780/1753/1729
f 1778/1756/1729 1799/1741/1729 1779/1755/1729
f 1777/1757/1730 1799/1741/1730 1778/1756/1730
f 1776/1758/1729 1799/1741/1729 1777/1757/1729
f 1775/1759/1731 1799/1741/1731 1776/1758/1731
f 1774/1760/1729 1799/1741/1729 1775/1759/1729
f 1773/1761/1729 1799/1741/1729 1774/1760/1729
f 1772/1762/1732 1799/1741/1732 1773/1761/1732
f 1809/1763/1729 1815/1754/1729 1810/1746/1729
f 1809/1763/1729 1816/1764/1729 1815/1754/1729
f 1771/1765/1729 1799/1741/1729 1772/1762/1729
f 1770/1766/1729 1799/1741/1729 1771/1765/1729
f 1770/1766/1729 1800/1767/1729 1799/1741/1729
f 1769/1768/1729 1800/1767/1729 1770/1766/1729
f 1808/1769/1729 1816/1764/1729 1809/1763/1729
f 1824/1770/1729 1826/1771/1729 1825/1772/1729
f 1824/1770/1729 1827/1773/1729 1826/1771/1729
f 1823/1774/1729 1827/1773/1729 1824/1770/1729
f 1768/1775/1729 1800/1767/1729 1769/1768/1729
f 1808/1769/1729 1817/1776/1729 1816/1764/1729
f 1823/1774/1729 1828/1777/1729 1827/1773/1729
f 1822/1778/1729 1828/1777/1729 1823/1774/1729
f 1768/1775/1729 1801/1779/1729 1800/1767/1729
f 1757/1780/1729 1759/1781/1729 1758/1782/1729
f 1757/1780/1730 1760/1783/1730 1759/1781/1730
f 1757/1780/1729 1761/1784/1729 1760/1783/1729
f 1821/1785/1729 1828/1777/1729 1822/1778/1729
f 1821/1785/1729 1829/1786/1729 1828/1777/1729
f 1807/1787/1729 1817/1776/1729 1808/1769/1729
f 1756/1788/1729 1761/1784/1729 1757/1780/1729
f 1756/1788/1729 1762/1789/1729 1761/1784/1729
f 1767/1790/1729 1801/1779/1729 1768/1775/1729
f 1755/1791/1729 1762/1789/1729 1756/1788/1729
f 1821/1785/1729 1830/1792/1729 1829/1786/1729
f 1807/1787/1729 1818/1793/1729 1817/1776/1729
f 1754/1794/1729 1762/1789/1729 1755/1791/1729
f 1754/1794/1729 1763/1795/1729 1762/1789/1729
f 1820/1796/1729 1830/1792/1729 1821/1785/1729
f 1767/1790/1729 1802/1797/1729 1801/1779/1729
f 1753/1798/1729 1763/1795/1729 1754/1794/1729
f 1806/1799/1729 1818/1793/1729 1807/1787/1729
f 1820/1796/1729 1831/1800/1729 1830/1792/1729
f 1767/1790/1729 1803/1801/1729 1802/1797/1729
f 1752/1802/1729 1763/1795/1729 1753/1798/1729
f 1819/1803/1729 1831/1800/1729 1820/1796/1729
f 1806/1799/1729 1819/1803/1729 1818/1793/1729
f 1806/1799/1729 1831/1800/1729 1819/1803/1729
f 1766/1804/1729 1803/1801/1729 1767/1790/1729
f 1752/1802/1729 1764/1805/1729 1763/1795/1729
f 1765/1806/1729 1803/1801/1729 1766/1804/1729
f 1764/1805/1729 1803/1801/1729 1765/1806/1729
f 1764/1805/1729 1804/1807/1729 1803/1801/1729
f 1752/1802/1729 1804/1807/1729 1764/1805/1729
f 1805/1808/1729 1831/1800/1729 1806/1799/1729
f 1752/1802/1732 1805/1808/1732 1804/1807/1732
f 1752/1802/1729 1831/1800/1729 1805/1808/1729
f 1752/1802/1729 1832/1809/1729 1831/1800/1729
f 1836/1810/1729 1838/1811/1729 1837/1812/1729
f 1835/1813/1729 1838/1811/1729 1836/1810/1729
f 1835/1813/1729 1839/1814/1729 1838/1811/1729
f 1751/1815/1729 1832/1809/1729 1752/1802/1729
f 1834/1816/1729 1839/1814/1729 1835/1813/1729
f 1834/1816/1729 1840/1817/1729 1839/1814/1729
f 1751/1815/1729 1833/1818/1729 1832/1809/1729
f 1833/1818/1729 1840/1817/1729 1834/1816/1729
f 1751/1815/1729 1840/1817/1729 1833/1818/1729
f 1751/1815/1729 1841/1819/1729 1840/1817/1729
f 1741/1820/1729 1743/1821/1729 1742/1822/1729
f 1741/1820/1729 1744/1823/1729 1743/1821/1729
f 1741/1820/1732 1745/1824/1732 1744/1823/1732
f 1740/1825/1729 1745/1824/1729 1741/1820/1729
f 1740/1825/1729 1746/1826/1729 1745/1824/1729
f 1750/1827/1729 1841/1819/1729 1751/1815/1729
f 1750/1827/1729 1842/1828/1729 1841/1819/1729
f 1740/1825/1729 1747/1829/1729 1746/1826/1729
f 1749/1830/1729 1842/1828/1729 1750/1827/1729
f 1748/1831/1729 1842/1828/1729 1749/1830/1729
f 1739/1832/1729 1747/1829/1729 1740/1825/1729
f 1739/1832/1729 1748/1831/1729 1747/1829/1729
f 1739/1832/1729 1842/1828/1729 1748/1831/1729
f 1739/1832/1729 1843/1833/1729 1842/1828/1729
f 1738/1834/1729 1843/1833/1729 1739/1832/1729
f 1737/1835/1729 1843/1833/1729 1738/1834/1729
f 1736/1836/1729 1843/1833/1729 1737/1835/1729
f 1736/1836/1729 1844/1837/1729 1843/1833/1729
f 1736/1836/1729 1845/1838/1729 1844/1837/1729
f 1735/1839/1729 1845/1838/1729 1736/1836/1729
f 1735/1839/1729 1846/1840/1729 1845/1838/1729
f 1734/1841/1730 1733/1842/1730 1735/1839/1730
f 1733/1842/1732 1846/1840/1732 1735/1839/1732
f 1732/1843/1729 1846/1840/1729 1733/1842/1729
f 1732/1843/1729 1847/1844/1729 1846/1840/1729
f 1732/1843/1729 1848/1845/1729 1847/1844/1729
f 1732/1843/1729 1849/1846/1729 1848/1845/1729
f 1731/1847/1732 1849/1846/1732 1732/1843/1732
f 1731/1847/1729 1850/1848/1729 1849/1846/1729
f 1730/1849/1729 1903/1850/1729 1731/1847/1729
f 1903/1850/1729 1857/1851/1729 1731/1847/1729
f 1857/1851/1729 1850/1848/1729 1731/1847/1729
f 1857/1851/1730 1856/1852/1730 1850/1848/1730
f 1856/1852/1729 1851/1853/1729 1850/1848/1729
f 1903/1850/1729 1858/1854/1729 1857/1851/1729
f 1855/1855/1729 1851/1853/1729 1856/1852/1729
f 1903/1850/1729 1902/1856/1729 1858/1854/1729
f 1902/1856/1729 1859/1857/1729 1858/1854/1729
f 1854/1858/1729 1851/1853/1729 1855/1855/1729
f 1854/1858/1729 1852/1859/1729 1851/1853/1729
f 1730/1849/1729 1904/1860/1729 1903/1850/1729
f 1901/1861/1729 1859/1857/1729 1902/1856/1729
f 1900/1862/1729 1891/1863/1729 1901/1861/1729
f 1891/1863/1729 1890/1864/1729 1901/1861/1729
f 1890/1864/1729 1859/1857/1729 1901/1861/1729
f 1854/1858/1729 1853/1865/1729 1852/1859/1729
f 1890/1864/1729 1867/1866/1729 1859/1857/1729
f 1867/1866/1729 1860/1867/1729 1859/1857/1729
f 1889/1868/1732 1867/1866/1732 1890/1864/1732
f 1900/1862/1729 1892/1869/1729 1891/1863/1729
f 1888/1870/1729 1878/1871/1729 1889/1868/1729
f 1878/1871/1729 1867/1866/1729 1889/1868/1729
f 1899/1872/1729 1892/1869/1729 1900/1862/1729
f 1908/1873/1733 1730/1849/1733 1729/1874/1733
f 1908/1873/1729 1904/1860/1729 1730/1849/1729
f 1887/1875/1729 1879/1876/1729 1888/1870/1729
f 1879/1876/1729 1878/1871/1729 1888/1870/1729
f 1877/1877/1729 1868/1878/1729 1878/1871/1729
f 1868/1878/1729 1867/1866/1729 1878/1871/1729
f 1887/1875/1729 1880/1879/1729 1879/1876/1729
f 1877/1877/1729 1869/1880/1729 1868/1878/1729
f 1866/1881/1729 1860/1867/1729 1867/1866/1729
f 1877/1877/1729 1870/1882/1729 1869/1880/1729
f 1866/1881/1729 1861/1883/1729 1860/1867/1729
f 1877/1877/1729 1871/1884/1729 1870/1882/1729
f 1907/1885/1729 1904/1860/1729 1908/1873/1729
f 1899/1872/1729 1893/1886/1729 1892/1869/1729
f 1906/1887/1729 1904/1860/1729 1907/1885/1729
f 1898/1888/1729 1893/1886/1729 1899/1872/1729
f 1865/1889/1729 1861/1883/1729 1866/1881/1729
f 1886/1890/1729 1880/1879/1729 1887/1875/1729
f 1876/1891/1729 1871/1884/1729 1877/1877/1729
f 1905/1892/1729 1904/1860/1729 1906/1887/1729
f 1864/1893/1729 1861/1883/1729 1865/1889/1729
f 1864/1893/1729 1862/1894/1729 1861/1883/1729
f 1885/1895/1729 1880/1879/1729 1886/1890/1729
f 1864/1893/1729 1863/1896/1729 1862/1894/1729
f 1875/1897/1729 1871/1884/1729 1876/1891/1729
f 1898/1888/1729 1894/1898/1729 1893/1886/1729
f 1875/1897/1729 1872/1899/1729 1871/1884/1729
f 1897/1900/1729 1894/1898/1729 1898/1888/1729
f 1896/1901/1729 1894/1898/1729 1897/1900/1729
f 1884/1902/1729 1880/1879/1729 1885/1895/1729
f 1875/1897/1729 1873/1903/1729 1872/1899/1729
f 1895/1904/1729 1894/1898/1729 1896/1901/1729
f 1875/1897/1729 1874/1905/1729 1873/1903/1729
f 1883/1906/1729 1880/1879/1729 1884/1902/1729
f 1883/1906/1729 1881/1907/1729 1880/1879/1729
f 1882/1908/1729 1881/1907/1729 1883/1906/1729
f 1975/1909/1734 1976/1910/1734 1977/1911/1734
f 1974/1912/1735 1975/1909/1735 1977/1911/1735
f 1974/1912/1736 1977/1911/1736 1978/1913/1736
f 1973/1914/1736 1974/1912/1736 1978/1913/1736
f 1972/1915/1736 1973/1914/1736 1978/1913/1736
f 1971/1916/1736 1972/1915/1736 1978/1913/1736
f 1991/1917/1736 1992/1918/1736 1993/1919/1736
f 1970/1920/1736 1971/1916/1736 1978/1913/1736
f 1970/1920/1736 1978/1913/1736 1979/1921/1736
f 1969/1922/1736 1970/1920/1736 1979/1921/1736
f 1991/1917/1736 1993/1919/1736 1994/1923/1736
f 1968/1924/1736 1969/1922/1736 1979/1921/1736
f 1967/1925/1736 1968/1924/1736 1979/1921/1736
f 1990/1926/1736 1991/1917/1736 1994/1923/1736
f 1966/1927/1735 1967/1925/1735 1979/1921/1735
f 1965/1928/1736 1966/1927/1736 1979/1921/1736
f 1964/1929/1735 1965/1928/1735 1979/1921/1735
f 1963/1930/1736 1964/1929/1736 1979/1921/1736
f 1962/1931/1735 1963/1930/1735 1979/1921/1735
f 1961/1932/1736 1962/1931/1736 1979/1921/1736
f 1960/1933/1734 1961/1932/1734 1979/1921/1734
f 1990/1926/1736 1994/1923/1736 1995/1934/1736
f 1959/1935/1736 1960/1933/1736 1979/1921/1736
f 1958/1936/1734 1959/1935/1734 1979/1921/1734
f 1957/1937/1735 1958/1936/1735 1979/1921/1735
f 1956/1938/1736 1957/1937/1736 1979/1921/1736
f 1955/1939/1737 1956/1938/1737 1979/1921/1737
f 1954/1940/1736 1955/1939/1736 1979/1921/1736
f 1953/1941/1736 1954/1940/1736 1979/1921/1736
f 1952/1942/1734 1953/1941/1734 1979/1921/1734
f 1989/1943/1736 1990/1926/1736 1995/1934/1736
f 1989/1943/1736 1995/1934/1736 1996/1944/1736
f 1951/1945/1736 1952/1942/1736 1979/1921/1736
f 1950/1946/1736 1951/1945/1736 1979/1921/1736
f 1950/1946/1736 1979/1921/1736 1980/1947/1736
f 1949/1948/1736 1950/1946/1736 1980/1947/1736
f 1988/1949/1736 1989/1943/1736 1996/1944/1736
f 2004/1950/1736 2005/1951/1736 2006/1952/1736
f 2004/1950/1736 2006/1952/1736 2007/1953/1736
f 2003/1954/1736 2004/1950/1736 2007/1953/1736
f 1948/1955/1736 1949/1948/1736 1980/1947/1736
f 1988/1949/1736 1996/1944/1736 1997/1956/1736
f 2003/1954/1736 2007/1953/1736 2008/1957/1736
f 2002/1958/1736 2003/1954/1736 2008/1957/1736
f 1948/1955/1736 1980/1947/1736 1981/1959/1736
f 1937/1960/1736 1938/1961/1736 1939/1962/1736
f 1937/1960/1734 1939/1962/1734 1940/1963/1734
f 1937/1960/1736 1940/1963/1736 1941/1964/1736
f 2001/1965/1736 2002/1958/1736 2008/1957/1736
f 2001/1965/1736 2008/1957/1736 2009/1966/1736
f 1987/1967/1736 1988/1949/1736 1997/1956/1736
f 1936/1968/1736 1937/1960/1736 1941/1964/1736
f 1936/1968/1736 1941/1964/1736 1942/1969/1736
f 1947/1970/1736 1948/1955/1736 1981/1959/1736
f 1935/1971/1736 1936/1968/1736 1942/1969/1736
f 2001/1965/1736 2009/1966/1736 2010/1972/1736
f 1987/1967/1736 1997/1956/1736 1998/1973/1736
f 1934/1974/1736 1935/1971/1736 1942/1969/1736
f 1934/1974/1736 1942/1969/1736 1943/1975/1736
f 2000/1976/1736 2001/1965/1736 2010/1972/1736
f 1947/1970/1736 1981/1959/1736 1982/1977/1736
f 1933/1978/1736 1934/1974/1736 1943/1975/1736
f 1986/1979/1736 1987/1967/1736 1998/1973/1736
f 2000/1976/1736 2010/1972/1736 2011/1980/1736
f 1947/1970/1736 1982/1977/1736 1983/1981/1736
f 1932/1982/1736 1933/1978/1736 1943/1975/1736
f 1999/1983/1736 2000/1976/1736 2011/1980/1736
f 1986/1979/1736 1998/1973/1736 1999/1983/1736
f 1986/1979/1736 1999/1983/1736 2011/1980/1736
f 1946/1984/1736 1947/1970/1736 1983/1981/1736
f 1932/1982/1736 1943/1975/1736 1944/1985/1736
f 1945/1986/1736 1946/1984/1736 1983/1981/1736
f 1944/1985/1736 1945/1986/1736 1983/1981/1736
f 1944/1985/1736 1983/1981/1736 1984/1987/1736
f 1932/1982/1736 1944/1985/1736 1984/1987/1736
f 1985/1988/1736 1986/1979/1736 2011/1980/1736
f 1932/1982/1736 1984/1987/1736 1985/1988/1736
f 1932/1982/1736 1985/1988/1736 2011/1980/1736
f 1932/1982/1736 2011/1980/1736 2012/1989/1736
f 2016/1990/1736 2017/1991/1736 2018/1992/1736
f 2015/1993/1734 2016/1990/1734 2018/1992/1734
f 2015/1993/1736 2018/1992/1736 2019/1994/1736
f 1931/1995/1736 1932/1982/1736 2012/1989/1736
f 2014/1996/1736 2015/1993/1736 2019/1994/1736
f 2014/1996/1736 2019/1994/1736 2020/1997/1736
f 1931/1995/1734 2012/1989/1734 2013/1998/1734
f 2013/1998/1734 2014/1996/1734 2020/1997/1734
f 1931/1995/1736 2013/1998/1736 2020/1997/1736
f 1931/1995/1736 2020/1997/1736 2021/1999/1736
f 1921/2000/1736 1922/2001/1736 1923/2002/1736
f 1921/2000/1736 1923/2002/1736 1924/2003/1736
f 1921/2000/1736 1924/2003/1736 1925/2004/1736
f 1920/2005/1736 1921/2000/1736 1925/2004/1736
f 1920/2005/1736 1925/2004/1736 1926/2006/1736
f 1930/2007/1736 1931/1995/1736 2021/1999/1736
f 1930/2007/1736 2021/1999/1736 2022/2008/1736
f 1920/2005/1736 1926/2006/1736 1927/2009/1736
f 1929/2010/1736 1930/2007/1736 2022/2008/1736
f 1928/2011/1736 1929/2010/1736 2022/2008/1736
f 1919/2012/1736 1920/2005/1736 1927/2009/1736
f 1919/2012/1736 1927/2009/1736 1928/2011/1736
f 1919/2012/1736 1928/2011/1736 2022/2008/1736
f 1919/2012/1736 2022/2008/1736 2023/2013/1736
f 1918/2014/1736 1919/2012/1736 2023/2013/1736
f 1917/2015/1734 1918/2014/1734 2023/2013/1734
f 1916/2016/1736 1917/2015/1736 2023/2013/1736
f 1916/2016/1736 2023/2013/1736 2024/2017/1736
f 1916/2016/1734 2024/2017/1734 2025/2018/1734
f 1915/2019/1736 1916/2016/1736 2025/2018/1736
f 1915/2019/1736 2025/2018/1736 2026/2020/1736
f 1914/2021/1734 1915/2019/1734 1913/2022/1734
f 1913/2022/1734 1915/2019/1734 2026/2020/1734
f 1912/2023/1736 1913/2022/1736 2026/2020/1736
f 1912/2023/1734 2026/2020/1734 2027/2024/1734
f 1912/2023/1736 2027/2024/1736 2028/2025/1736
f 1912/2023/1736 2028/2025/1736 2029/2026/1736
f 1911/2027/1736 1912/2023/1736 2029/2026/1736
f 1911/2027/1736 2029/2026/1736 2030/2028/1736
f 1910/2029/1736 1911/2027/1736 2083/2030/1736
f 2083/2030/1736 1911/2027/1736 2037/2031/1736
f 2037/2031/1736 1911/2027/1736 2030/2028/1736
f 2037/2031/1736 2030/2028/1736 2036/2032/1736
f 2036/2032/1736 2030/2028/1736 2031/2033/1736
f 2083/2030/1736 2037/2031/1736 2038/2034/1736
f 2035/2035/1736 2036/2032/1736 2031/2033/1736
f 2083/2030/1736 2038/2034/1736 2082/2036/1736
f 2082/2036/1736 2038/2034/1736 2039/2037/1736
f 2034/2038/1736 2035/2035/1736 2031/2033/1736
f 2034/2038/1736 2031/2033/1736 2032/2039/1736
f 1910/2029/1736 2083/2030/1736 2084/2040/1736
f 2081/2041/1736 2082/2036/1736 2039/2037/1736
f 2080/2042/1736 2081/2041/1736 2071/2043/1736
f 2071/2043/1736 2081/2041/1736 2070/2044/1736
f 2070/2044/1736 2081/2041/1736 2039/2037/1736
f 2034/2038/1736 2032/2039/1736 2033/2045/1736
f 2070/2044/1736 2039/2037/1736 2047/2046/1736
f 2047/2046/1736 2039/2037/1736 2040/2047/1736
f 2069/2048/1736 2070/2044/1736 2047/2046/1736
f 2080/2042/1736 2071/2043/1736 2072/2049/1736
f 2068/2050/1736 2069/2048/1736 2058/2051/1736
f 2058/2051/1736 2069/2048/1736 2047/2046/1736
f 2079/2052/1736 2080/2042/1736 2072/2049/1736
f 2088/2053/1738 1909/2054/1738 1910/2029/1738
f 2088/2053/1736 1910/2029/1736 2084/2040/1736
f 2067/2055/1736 2068/2050/1736 2059/2056/1736
f 2059/2056/1736 2068/2050/1736 2058/2051/1736
f 2057/2057/1736 2058/2051/1736 2048/2058/1736
f 2048/2058/1735 2058/2051/1735 2047/2046/1735
f 2067/2055/1736 2059/2056/1736 2060/2059/1736
f 2057/2057/1736 2048/2058/1736 2049/2060/1736
f 2046/2061/1736 2047/2046/1736 2040/2047/1736
f 2057/2057/1736 2049/2060/1736 2050/2062/1736
f 2046/2061/1736 2040/2047/1736 2041/2063/1736
f 2057/2057/1736 2050/2062/1736 2051/2064/1736
f 2087/2065/1736 2088/2053/1736 2084/2040/1736
f 2079/2052/1736 2072/2049/1736 2073/2066/1736
f 2086/2067/1736 2087/2065/1736 2084/2040/1736
f 2078/2068/1736 2079/2052/1736 2073/2066/1736
f 2045/2069/1736 2046/2061/1736 2041/2063/1736
f 2066/2070/1736 2067/2055/1736 2060/2059/1736
f 2056/2071/1736 2057/2057/1736 2051/2064/1736
f 2085/2072/1736 2086/2067/1736 2084/2040/1736
f 2044/2073/1736 2045/2069/1736 2041/2063/1736
f 2044/2073/1736 2041/2063/1736 2042/2074/1736
f 2065/2075/1736 2066/2070/1736 2060/2059/1736
f 2044/2073/1736 2042/2074/1736 2043/2076/1736
f 2055/2077/1736 2056/2071/1736 2051/2064/1736
f 2078/2068/1736 2073/2066/1736 2074/2078/1736
f 2055/2077/1736 2051/2064/1736 2052/2079/1736
f 2077/2080/1736 2078/2068/1736 2074/2078/1736
f 2076/2081/1736 2077/2080/1736 2074/2078/1736
f 2064/2082/1736 2065/2075/1736 2060/2059/1736
f 2055/2077/1736 2052/2079/1736 2053/2083/1736
f 2075/2084/1736 2076/2081/1736 2074/2078/1736
f 2055/2077/1736 2053/2083/1736 2054/2085/1736
f 2063/2086/1736 2064/2082/1736 2060/2059/1736
f 2063/2086/1736 2060/2059/1736 2061/2087/1736
f 2062/2088/1736 2063/2086/1736 2061/2087/1736
s 1
f 2090/2089/1739 2092/2090/1740 2091/2091/1741 2089/2092/1742
f 2092/2090/1740 2094/2093/1743 2093/2094/1743 2091/2091/1741
f 2094/2093/1743 2096/2095/1744 2095/2096/1744 2093/2094/1743
f 2096/2095/1744 2098/2097/1745 2097/2098/1745 2095/2096/1744
f 2098/2097/1745 2100/2099/1746 2099/2100/1746 2097/2098/1745
f 2100/2099/1746 2102/2101/1747 2101/2102/1747 2099/2100/1746
f 2102/2101/1747 2104/2103/1748 2103/2104/1748 2101/2102/1747
f 2104/2103/1748 2106/2105/1749 2105/2106/1749 2103/2104/1748
f 2106/2105/1749 2108/2107/1750 2107/2108/1750 2105/2106/1749
f 2108/2107/1750 2110/2109/1751 2109/2110/1751 2107/2108/1750
f 2110/2109/1751 2112/2111/1752 2111/2112/1752 2109/2110/1751
f 2112/2111/1752 2114/2113/1753 2113/2114/1753 2111/2112/1752
f 2114/2113/1753 2116/2115/1754 2115/2116/1754 2113/2114/1753
f 2116/2115/1754 2118/2117/1755 2117/2118/1755 2115/2116/1754
f 2118/2117/1755 2120/2119/1756 2119/2120/1756 2117/2118/1755
f 2120/2119/1756 2122/2121/1757 2121/2122/1757 2119/2120/1756
f 2122/2121/1757 2124/2123/1758 2123/2124/1758 2121/2122/1757
f 2124/2123/1758 2126/2125/1759 2125/2126/1759 2123/2124/1758
f 2126/2125/1759 2128/2127/1760 2127/2128/1760 2125/2126/1759
f 2128/2127/1760 2130/2129/1761 2129/2130/1761 2127/2128/1760
f 2130/2129/1761 2132/2131/1762 2131/2132/1762 2129/2130/1761
f 2132/2131/1762 2134/2133/1763 2133/2134/1763 2131/2132/1762
f 2134/2133/1763 2136/2135/1764 2135/2136/1764 2133/2134/1763
f 2136/2135/1764 2138/2137/1765 2137/2138/1765 2135/2136/1764
f 2138/2137/1765 2140/2139/1766 2139/2140/1766 2137/2138/1765
f 2140/2139/1766 2142/2141/1767 2141/2142/1767 2139/2140/1766
f 2142/2141/1767 2144/2143/1768 2143/2144/1768 2141/2142/1767
f 2144/2143/1768 2146/2145/1769 2145/2146/1769 2143/2144/1768
f 2146/2145/1769 2148/2147/1770 2147/2148/1770 2145/2146/1769
f 2148/2147/1770 2150/2149/1771 2149/2150/1771 2147/2148/1770
f 2150/2149/1771 2152/2151/1772 2151/2152/1772 2149/2150/1771
f 2152/2151/1772 2154/2153/1773 2153/2154/1773 2151/2152/1772
f 2154/2153/1773 2156/2155/1774 2155/2156/1774 2153/2154/1773
f 2156/2155/1774 2158/2157/1775 2157/2158/1775 2155/2156/1774
f 2158/2157/1775 2160/2159/1776 2159/2160/1776 2157/2158/1775
f 2160/2159/1776 2162/2161/1777 2161/2162/1777 2159/2160/1776
f 2162/2161/1777 2164/2163/1778 2163/2164/1778 2161/2162/1777
f 2164/2163/1778 2166/2165/1779 2165/2166/1779 2163/2164/1778
f 2166/2165/1779 2168/2167/1780 2167/2168/1780 2165/2166/1779
f 2168/2167/1780 2170/2169/1781 2169/2170/1781 2167/2168/1780
f 2170/2169/1781 2172/2171/1782 2171/2172/1782 2169/2170/1781
f 2172/2171/1782 2174/2173/1783 2173/2174/1783 2171/2172/1782
f 2174/2173/1783 2176/2175/1784 2175/2176/1784 2173/2174/1783
f 2176/2175/1784 2178/2177/1785 2177/2178/1785 2175/2176/1784
f 2178/2177/1785 2180/2179/1786 2179/2180/1786 2177/2178/1785
f 2180/2179/1786 2182/2181/1787 2181/2182/1787 2179/2180/1786
f 2182/2181/1787 2184/2183/1788 2183/2184/1788 2181/2182/1787
f 2184/2183/1788 2186/2185/1789 2185/2186/1789 2183/2184/1788
f 2186/2185/1789 2188/2187/1790 2187/2188/1790 2185/2186/1789
f 2188/2187/1790 2190/2189/1791 2189/2190/1791 2187/2188/1790
f 2190/2189/1791 2192/2191/1792 2191/2192/1792 2189/2190/1791
f 2192/2191/1792 2194/2193/1793 2193/2194/1793 2191/2192/1792
f 2194/2193/1793 2196/2195/1794 2195/2196/1794 2193/2194/1793
f 2196/2195/1794 2198/2197/1795 2197/2198/1795 2195/2196/1794
f 2198/2197/1795 2200/2199/1796 2199/2200/1796 2197/2198/1795
f 2200/2199/1796 2202/2201/1796 2201/2202/1796 2199/2200/1796
f 2202/2201/1796 2204/2203/1796 2203/2204/1796 2201/2202/1796
f 2204/2203/1796 2206/2205/1796 2205/2206/1796 2203/2204/1796
f 2206/2205/1796 2208/2207/1796 2207/2208/1796 2205/2206/1796
f 2208/2207/1796 2210/2209/1796 2209/2210/1796 2207/2208/1796
f 2210/2209/1796 2212/2211/1796 2211/2212/1796 2209/2210/1796
f 2212/2211/1796 2214/2213/1796 2213/2214/1796 2211/2212/1796
f 2214/2213/1796 2216/2215/1796 2215/2216/1796 2213/2214/1796
f 2216/2215/1796 2218/2217/1796 2217/2218/1796 2215/2216/1796
f 2218/2217/1796 2220/2219/1796 2219/2220/1796 2217/2218/1796
f 2220/2219/1796 2222/2221/1797 2221/2222/1797 2219/2220/1796
f 2222/2221/1797 2224/2223/1798 2223/2224/1798 2221/2222/1797
f 2224/2223/1798 2226/2225/1799 2225/2226/1799 2223/2224/1798
f 2226/2225/1799 2228/2227/1800 2227/2228/1800 2225/2226/1799
f 2228/2227/1800 2230/2229/1801 2229/2230/1801 2227/2228/1800
f 2230/2229/1801 2232/2231/1802 2231/2232/1802 2229/2230/1801
f 2232/2231/1802 2234/2233/1803 2233/2234/1803 2231/2232/1802
f 2234/2233/1803 2236/2235/1804 2235/2236/1804 2233/2234/1803
f 2236/2235/1804 2238/2237/1805 2237/2238/1805 2235/2236/1804
f 2238/2237/1805 2240/2239/1806 2239/2240/1806 2237/2238/1805
f 2240/2239/1806 2242/2241/1807 2241/2242/1807 2239/2240/1806
f 2242/2241/1807 2244/2243/1808 2243/2244/1808 2241/2242/1807
f 2244/2243/1808 2246/2245/1809 2245/2246/1809 2243/2244/1808
f 2246/2245/1809 2248/2247/1810 2247/2248/1810 2245/2246/1809
f 2248/2247/1810 2250/2249/1811 2249/2250/1811 2247/2248/1810
f 2250/2249/1811 2252/2251/1812 2251/2252/1812 2249/2250/1811
f 2252/2251/1812 2254/2253/1813 2253/2254/1813 2251/2252/1812
f 2254/2253/1813 2256/2255/1814 2255/2256/1814 2253/2254/1813
f 2256/2255/1814 2258/2257/1815 2257/2258/1815 2255/2256/1814
f 2258/2257/1815 2260/2259/1816 2259/2260/1816 2257/2258/1815
f 2260/2259/1816 2262/2261/1817 2261/2262/1817 2259/2260/1816
f 2262/2261/1817 2264/2263/1818 2263/2264/1818 2261/2262/1817
f 2264/2263/1818 2266/2265/1819 2265/2266/1819 2263/2264/1818
f 2266/2265/1819 2268/2267/1820 2267/2268/1820 2265/2266/1819
f 2268/2267/1820 2270/2269/1821 2269/2270/1821 2267/2268/1820
f 2270/2269/1821 2272/2271/1822 2271/2272/1822 2269/2270/1821
f 2272/2271/1822 2274/2273/1823 2273/2274/1823 2271/2272/1822
f 2274/2273/1823 2276/2275/1824 2275/2276/1824 2273/2274/1823
f 2276/2275/1824 2278/2277/1825 2277/2278/1825 2275/2276/1824
f 2278/2277/1825 2280/2279/1826 2279/2280/1826 2277/2278/1825
f 2280/2279/1826 2282/2281/1827 2281/2282/1827 2279/2280/1826
f 2282/2281/1827 2284/2283/1828 2283/2284/1828 2281/2282/1827
f 2284/2283/1828 2286/2285/1829 2285/2286/1829 2283/2284/1828
f 2286/2285/1829 2288/2287/1830 2287/2288/1830 2285/2286/1829
f 2288/2287/1830 2290/2289/1831 2289/2290/1831 2287/2288/1830
f 2290/2289/1831 2292/2291/1832 2291/2292/1832 2289/2290/1831
f 2292/2291/1832 2294/2293/1833 2293/2294/1833 2291/2292/1832
f 2294/2293/1833 2296/2295/1834 2295/2296/1834 2293/2294/1833
f 2296/2295/1834 2298/2297/1835 2297/2298/1835 2295/2296/1834
f 2298/2297/1835 2300/2299/1836 2299/2300/1836 2297/2298/1835
f 2300/2299/1836 2302/2301/1837 2301/2302/1837 2299/2300/1836
f 2302/2301/1837 2304/2303/1838 2303/2304/1838 2301/2302/1837
f 2304/2303/1838 2306/2305/1839 2305/2306/1839 2303/2304/1838
f 2306/2305/1839 2308/2307/1840 2307/2308/1840 2305/2306/1839
f 2308/2307/1840 2310/2309/1841 2309/2310/1841 2307/2308/1840
f 2310/2309/1841 2312/2311/1842 2311/2312/1842 2309/2310/1841
f 2312/2311/1842 2314/2313/1843 2313/2314/1843 2311/2312/1842
f 2314/2313/1843 2316/2315/1844 2315/2316/1844 2313/2314/1843
f 2316/2315/1844 2318/2317/1845 2317/2318/1845 2315/2316/1844
f 2318/2317/1845 2320/2319/1846 2319/2320/1846 2317/2318/1845
f 2320/2319/1846 2322/2321/1847 2321/2322/1847 2319/2320/1846
f 2322/2321/1847 2324/2323/1848 2323/2324/1848 2321/2322/1847
f 2324/2323/1848 2326/2325/1849 2325/2326/1849 2323/2324/1848
f 2326/2325/1849 2328/2327/1850 2327/2328/1850 2325/2326/1849
f 2328/2327/1850 2330/2329/1851 2329/2330/1851 2327/2328/1850
f 2330/2329/1851 2332/2331/1852 2331/2332/1852 2329/2330/1851
f 2332/2331/1852 2334/2333/1853 2333/2334/1853 2331/2332/1852
f 2334/2333/1853 2336/2335/1854 2335/2336/1854 2333/2334/1853
f 2336/2335/1854 2338/2337/1855 2337/2338/1855 2335/2336/1854
f 2338/2337/1855 2340/2339/1856 2339/2340/1856 2337/2338/1855
f 2340/2339/1856 2342/2341/1857 2341/2342/1857 2339/2340/1856
f 2342/2341/1857 2344/2343/1858 2343/2344/1858 2341/2342/1857
f 2344/2343/1858 2346/2345/1859 2345/2346/1859 2343/2344/1858
f 2346/2345/1859 2348/2347/1860 2347/2348/1860 2345/2346/1859
f 2348/2347/1860 2350/2349/1861 2349/2350/1861 2347/2348/1860
f 2350/2349/1861 2352/2351/1862 2351/2352/1862 2349/2350/1861
f 2352/2351/1862 2354/2353/1863 2353/2354/1863 2351/2352/1862
f 2354/2353/1863 2356/2355/1864 2355/2356/1864 2353/2354/1863
f 2356/2355/1864 2358/2357/1865 2357/2358/1865 2355/2356/1864
f 2358/2357/1865 2360/2359/1866 2359/2360/1866 2357/2358/1865
f 2360/2359/1866 2362/2361/1867 2361/2362/1867 2359/2360/1866
f 2362/2361/1867 2364/2363/1868 2363/2364/1868 2361/2362/1867
f 2364/2363/1868 2366/2365/1869 2365/2366/1869 2363/2364/1868
f 2366/2365/1869 2368/2367/1859 2367/2368/1859 2365/2366/1869
f 2368/2367/1859 2370/2369/1870 2369/2370/1870 2367/2368/1859
f 2370/2369/1870 2372/2371/1871 2371/2372/1871 2369/2370/1870
f 2372/2371/1871 2374/2373/1872 2373/2374/1872 2371/2372/1871
f 2374/2373/1872 2376/2375/1873 2375/2376/1873 2373/2374/1872
f 2376/2375/1873 2378/2377/1874 2377/2378/1874 2375/2376/1873
f 2378/2377/1874 2380/2379/1875 2379/2380/1875 2377/2378/1874
f 2380/2379/1875 2382/2381/1876 2381/2382/1876 2379/2380/1875
f 2382/2381/1876 2384/2383/1877 2383/2384/1877 2381/2382/1876
f 2384/2383/1877 2386/2385/1878 2385/2386/1878 2383/2384/1877
f 2386/2385/1878 2388/2387/1879 2387/2388/1879 2385/2386/1878
f 2388/2387/1879 2390/2389/1880 2389/2390/1880 2387/2388/1879
f 2390/2389/1880 2392/2391/1881 2391/2392/1881 2389/2390/1880
f 2392/2391/1881 2394/2393/1882 2393/2394/1882 2391/2392/1881
f 2394/2393/1882 2396/2395/1883 2395/2396/1883 2393/2394/1882
f 2396/2395/1883 2398/2397/1884 2397/2398/1884 2395/2396/1883
f 2398/2397/1884 2400/2399/1885 2399/2400/1885 2397/2398/1884
f 2400/2399/1885 2402/2401/1886 2401/2402/1886 2399/2400/1885
f 2402/2401/1886 2404/2403/1887 2403/2404/1887 2401/2402/1886
f 2404/2403/1887 2406/2405/1888 2405/2406/1888 2403/2404/1887
f 2406/2405/1888 2408/2407/1889 2407/2408/1889 2405/2406/1888
f 2408/2407/1889 2410/2409/1890 2409/2410/1890 2407/2408/1889
f 2410/2409/1890 2412/2411/1891 2411/2412/1891 2409/2410/1890
f 2412/2411/1891 2414/2413/1892 2413/2414/1892 2411/2412/1891
f 2414/2413/1892 2416/2415/1893 2415/2416/1893 2413/2414/1892
f 2416/2415/1893 2418/2417/1894 2417/2418/1894 2415/2416/1893
f 2418/2417/1894 2420/2419/1895 2419/2420/1895 2417/2418/1894
f 2420/2419/1895 2422/2421/1896 2421/2422/1896 2419/2420/1895
f 2422/2421/1896 2424/2423/1897 2423/2424/1897 2421/2422/1896
f 2424/2423/1897 2426/2425/1898 2425/2426/1898 2423/2424/1897
f 2426/2425/1898 2428/2427/1899 2427/2428/1899 2425/2426/1898
f 2428/2427/1899 2430/2429/1900 2429/2430/1900 2427/2428/1899
f 2430/2429/1900 2432/2431/1901 2431/2432/1901 2429/2430/1900
f 2432/2431/1901 2434/2433/1902 2433/2434/1902 2431/2432/1901
f 2434/2433/1902 2436/2435/1903 2435/2436/1903 2433/2434/1902
f 2436/2435/1903 2438/2437/1904 2437/2438/1904 2435/2436/1903
f 2438/2437/1904 2440/2439/1905 2439/2440/1905 2437/2438/1904
f 2440/2439/1905 2442/2441/1906 2441/2442/1906 2439/2440/1905
f 2442/2441/1906 2444/2443/1907 2443/2444/1907 2441/2442/1906
f 2444/2443/1907 2446/2445/1908 2445/2446/1908 2443/2444/1907
f 2446/2445/1908 2448/2447/1909 2447/2448/1909 2445/2446/1908
f 2448/2447/1909 2090/2449/1739 2089/2450/1742 2447/2448/1909
